# Blender 4.1.1
# www.blender.org
o entry_frame_l
v 9.832000 3.352000 0.000000
v 9.832000 3.350000 0.002000
v 9.830000 3.352000 0.002000
v 9.832000 3.350586 0.000586
v 9.830845 3.350845 0.000845
v 9.830585 3.350586 0.002000
v 9.830585 3.352000 0.000586
v 9.832000 3.350000 2.148000
v 9.832000 3.352000 2.150000
v 9.830000 3.352000 2.148000
v 9.832000 3.350586 2.149414
v 9.830845 3.350845 2.149155
v 9.830585 3.352000 2.149414
v 9.830585 3.350586 2.148000
v 9.832000 3.403000 0.000000
v 9.830000 3.403000 0.002000
v 9.832000 3.405000 0.002000
v 9.830585 3.403000 0.000586
v 9.830845 3.404155 0.000845
v 9.830585 3.404414 0.002000
v 9.832000 3.404414 0.000586
v 9.832000 3.403000 2.150000
v 9.832000 3.405000 2.148000
v 9.830000 3.403000 2.148000
v 9.832000 3.404414 2.149414
v 9.830845 3.404155 2.149155
v 9.830585 3.404414 2.148000
v 9.830585 3.403000 2.149414
v 9.918000 3.352000 0.000000
v 9.920000 3.352000 0.002000
v 9.918000 3.350000 0.002000
v 9.919415 3.352000 0.000586
v 9.919155 3.350845 0.000845
v 9.919415 3.350586 0.002000
v 9.918000 3.350586 0.000586
v 9.918000 3.352000 2.150000
v 9.918000 3.350000 2.148000
v 9.920000 3.352000 2.148000
v 9.918000 3.350586 2.149414
v 9.919155 3.350845 2.149155
v 9.919415 3.350586 2.148000
v 9.919415 3.352000 2.149414
v 9.918000 3.403000 0.000000
v 9.918000 3.405000 0.002000
v 9.920000 3.403000 0.002000
v 9.918000 3.404414 0.000586
v 9.919155 3.404155 0.000845
v 9.919415 3.404414 0.002000
v 9.919415 3.403000 0.000586
v 9.918000 3.403000 2.150000
v 9.920000 3.403000 2.148000
v 9.918000 3.405000 2.148000
v 9.919415 3.403000 2.149414
v 9.919155 3.404155 2.149155
v 9.919415 3.404414 2.148000
v 9.918000 3.404414 2.149414
v 9.832000 3.350586 0.000586
v 9.830845 3.350845 0.000845
v 9.830845 3.350845 0.000845
v 9.830585 3.352000 0.000586
v 9.830585 3.350586 0.002000
v 9.832000 3.350586 2.149414
v 9.830845 3.350845 2.149155
v 9.830845 3.350845 2.149155
v 9.830585 3.350586 2.148000
v 9.830585 3.352000 2.149414
v 9.830585 3.403000 0.000586
v 9.830845 3.404155 0.000845
v 9.830845 3.404155 0.000845
v 9.832000 3.404414 0.000586
v 9.830585 3.404414 0.002000
v 9.832000 3.404414 2.149414
v 9.830845 3.404155 2.149155
v 9.830845 3.404155 2.149155
v 9.830585 3.403000 2.149414
v 9.830585 3.404414 2.148000
v 9.919415 3.352000 0.000586
v 9.919155 3.350845 0.000845
v 9.919155 3.350845 0.000845
v 9.918000 3.350586 0.000586
v 9.919415 3.350586 0.002000
v 9.918000 3.350586 2.149414
v 9.919155 3.350845 2.149155
v 9.919155 3.350845 2.149155
v 9.919415 3.352000 2.149414
v 9.919415 3.350586 2.148000
v 9.918000 3.404414 0.000586
v 9.919155 3.404155 0.000845
v 9.919155 3.404155 0.000845
v 9.919415 3.403000 0.000586
v 9.919415 3.404414 0.002000
v 9.919415 3.403000 2.149414
v 9.919155 3.404155 2.149155
v 9.919155 3.404155 2.149155
v 9.918000 3.404414 2.149414
v 9.919415 3.404414 2.148000
s 0
f 31 37 8 2
f 45 51 38 30
f 50 22 9 36
f 3 10 24 16
f 17 23 52 44
f 1 57 58 60
f 2 61 59 4
f 3 7 5 6
f 8 62 63 65
f 9 66 64 11
f 10 14 12 13
f 15 67 68 70
f 16 71 69 18
f 17 21 19 20
f 22 72 73 75
f 23 76 74 25
f 24 28 26 27
f 29 77 78 80
f 30 81 79 32
f 31 35 33 34
f 36 82 83 85
f 37 86 84 39
f 38 42 40 41
f 43 87 88 90
f 44 91 89 46
f 45 49 47 48
f 50 92 93 95
f 51 96 94 53
f 52 56 54 55
f 15 1 60 67
f 18 7 3 16
f 2 8 65 61
f 6 14 10 3
f 9 22 75 66
f 13 28 24 10
f 23 17 20 76
f 27 71 16 24
f 43 15 70 87
f 46 21 17 44
f 22 50 95 72
f 25 56 52 23
f 51 45 48 96
f 55 91 44 52
f 29 43 90 77
f 32 49 45 30
f 50 36 85 92
f 53 42 38 51
f 37 31 34 86
f 41 81 30 38
f 1 29 80 57
f 4 35 31 2
f 36 9 11 82
f 39 62 8 37
f 15 43 29 1
o entry_frame_r
v 9.832000 4.297000 0.000000
v 9.832000 4.295000 0.002000
v 9.830000 4.297000 0.002000
v 9.832000 4.295586 0.000586
v 9.830845 4.295846 0.000845
v 9.830585 4.295586 0.002000
v 9.830585 4.297000 0.000586
v 9.832000 4.295000 2.148000
v 9.832000 4.297000 2.150000
v 9.830000 4.297000 2.148000
v 9.832000 4.295586 2.149414
v 9.830845 4.295846 2.149155
v 9.830585 4.297000 2.149414
v 9.830585 4.295586 2.148000
v 9.832000 4.348000 0.000000
v 9.830000 4.348000 0.002000
v 9.832000 4.350000 0.002000
v 9.830585 4.348000 0.000586
v 9.830845 4.349155 0.000845
v 9.830585 4.349414 0.002000
v 9.832000 4.349414 0.000586
v 9.832000 4.348000 2.150000
v 9.832000 4.350000 2.148000
v 9.830000 4.348000 2.148000
v 9.832000 4.349414 2.149414
v 9.830845 4.349155 2.149155
v 9.830585 4.349414 2.148000
v 9.830585 4.348000 2.149414
v 9.918000 4.297000 0.000000
v 9.920000 4.297000 0.002000
v 9.918000 4.295000 0.002000
v 9.919415 4.297000 0.000586
v 9.919155 4.295846 0.000845
v 9.919415 4.295586 0.002000
v 9.918000 4.295586 0.000586
v 9.918000 4.297000 2.150000
v 9.918000 4.295000 2.148000
v 9.920000 4.297000 2.148000
v 9.918000 4.295586 2.149414
v 9.919155 4.295846 2.149155
v 9.919415 4.295586 2.148000
v 9.919415 4.297000 2.149414
v 9.918000 4.348000 0.000000
v 9.918000 4.350000 0.002000
v 9.920000 4.348000 0.002000
v 9.918000 4.349414 0.000586
v 9.919155 4.349155 0.000845
v 9.919415 4.349414 0.002000
v 9.919415 4.348000 0.000586
v 9.918000 4.348000 2.150000
v 9.920000 4.348000 2.148000
v 9.918000 4.350000 2.148000
v 9.919415 4.348000 2.149414
v 9.919155 4.349155 2.149155
v 9.919415 4.349414 2.148000
v 9.918000 4.349414 2.149414
v 9.832000 4.295586 0.000586
v 9.830845 4.295846 0.000845
v 9.830845 4.295846 0.000845
v 9.830585 4.297000 0.000586
v 9.830585 4.295586 0.002000
v 9.832000 4.295586 2.149414
v 9.830845 4.295846 2.149155
v 9.830845 4.295846 2.149155
v 9.830585 4.295586 2.148000
v 9.830585 4.297000 2.149414
v 9.830585 4.348000 0.000586
v 9.830845 4.349155 0.000845
v 9.830845 4.349155 0.000845
v 9.832000 4.349414 0.000586
v 9.830585 4.349414 0.002000
v 9.832000 4.349414 2.149414
v 9.830845 4.349155 2.149155
v 9.830845 4.349155 2.149155
v 9.830585 4.348000 2.149414
v 9.830585 4.349414 2.148000
v 9.919415 4.297000 0.000586
v 9.919155 4.295846 0.000845
v 9.919155 4.295846 0.000845
v 9.918000 4.295586 0.000586
v 9.919415 4.295586 0.002000
v 9.918000 4.295586 2.149414
v 9.919155 4.295846 2.149155
v 9.919155 4.295846 2.149155
v 9.919415 4.297000 2.149414
v 9.919415 4.295586 2.148000
v 9.918000 4.349414 0.000586
v 9.919155 4.349155 0.000845
v 9.919155 4.349155 0.000845
v 9.919415 4.348000 0.000586
v 9.919415 4.349414 0.002000
v 9.919415 4.348000 2.149414
v 9.919155 4.349155 2.149155
v 9.919155 4.349155 2.149155
v 9.918000 4.349414 2.149414
v 9.919415 4.349414 2.148000
s 0
f 127 133 104 98
f 141 147 134 126
f 146 118 105 132
f 99 106 120 112
f 113 119 148 140
f 97 153 154 156
f 98 157 155 100
f 99 103 101 102
f 104 158 159 161
f 105 162 160 107
f 106 110 108 109
f 111 163 164 166
f 112 167 165 114
f 113 117 115 116
f 118 168 169 171
f 119 172 170 121
f 120 124 122 123
f 125 173 174 176
f 126 177 175 128
f 127 131 129 130
f 132 178 179 181
f 133 182 180 135
f 134 138 136 137
f 139 183 184 186
f 140 187 185 142
f 141 145 143 144
f 146 188 189 191
f 147 192 190 149
f 148 152 150 151
f 111 97 156 163
f 114 103 99 112
f 98 104 161 157
f 102 110 106 99
f 105 118 171 162
f 109 124 120 106
f 119 113 116 172
f 123 167 112 120
f 139 111 166 183
f 142 117 113 140
f 118 146 191 168
f 121 152 148 119
f 147 141 144 192
f 151 187 140 148
f 125 139 186 173
f 128 145 141 126
f 146 132 181 188
f 149 138 134 147
f 133 127 130 182
f 137 177 126 134
f 97 125 176 153
f 100 131 127 98
f 132 105 107 178
f 135 158 104 133
f 111 139 125 97
o entry_frame_t
v 9.832000 3.352000 2.095000
v 9.832000 3.350000 2.097000
v 9.830000 3.352000 2.097000
v 9.832000 3.350586 2.095586
v 9.830845 3.350845 2.095845
v 9.830585 3.350586 2.097000
v 9.830585 3.352000 2.095586
v 9.832000 3.350000 2.148000
v 9.832000 3.352000 2.150000
v 9.830000 3.352000 2.148000
v 9.832000 3.350586 2.149414
v 9.830845 3.350845 2.149155
v 9.830585 3.352000 2.149414
v 9.830585 3.350586 2.148000
v 9.832000 4.348000 2.095000
v 9.830000 4.348000 2.097000
v 9.832000 4.350000 2.097000
v 9.830585 4.348000 2.095586
v 9.830845 4.349154 2.095845
v 9.830585 4.349414 2.097000
v 9.832000 4.349414 2.095586
v 9.832000 4.348000 2.150000
v 9.832000 4.350000 2.148000
v 9.830000 4.348000 2.148000
v 9.832000 4.349414 2.149414
v 9.830845 4.349154 2.149155
v 9.830585 4.349414 2.148000
v 9.830585 4.348000 2.149414
v 9.918000 3.352000 2.095000
v 9.920000 3.352000 2.097000
v 9.918000 3.350000 2.097000
v 9.919415 3.352000 2.095586
v 9.919155 3.350845 2.095845
v 9.919415 3.350586 2.097000
v 9.918000 3.350586 2.095586
v 9.918000 3.352000 2.150000
v 9.918000 3.350000 2.148000
v 9.920000 3.352000 2.148000
v 9.918000 3.350586 2.149414
v 9.919155 3.350845 2.149155
v 9.919415 3.350586 2.148000
v 9.919415 3.352000 2.149414
v 9.918000 4.348000 2.095000
v 9.918000 4.350000 2.097000
v 9.920000 4.348000 2.097000
v 9.918000 4.349414 2.095586
v 9.919155 4.349154 2.095845
v 9.919415 4.349414 2.097000
v 9.919415 4.348000 2.095586
v 9.918000 4.348000 2.150000
v 9.920000 4.348000 2.148000
v 9.918000 4.350000 2.148000
v 9.919415 4.348000 2.149414
v 9.919155 4.349154 2.149155
v 9.919415 4.349414 2.148000
v 9.918000 4.349414 2.149414
v 9.832000 3.350586 2.095586
v 9.830845 3.350845 2.095845
v 9.830845 3.350845 2.095845
v 9.830585 3.352000 2.095586
v 9.830585 3.350586 2.097000
v 9.832000 3.350586 2.149414
v 9.830845 3.350845 2.149155
v 9.830845 3.350845 2.149155
v 9.830585 3.350586 2.148000
v 9.830585 3.352000 2.149414
v 9.830585 4.348000 2.095586
v 9.830845 4.349154 2.095845
v 9.830845 4.349154 2.095845
v 9.832000 4.349414 2.095586
v 9.830585 4.349414 2.097000
v 9.832000 4.349414 2.149414
v 9.830845 4.349154 2.149155
v 9.830845 4.349154 2.149155
v 9.830585 4.348000 2.149414
v 9.830585 4.349414 2.148000
v 9.919415 3.352000 2.095586
v 9.919155 3.350845 2.095845
v 9.919155 3.350845 2.095845
v 9.918000 3.350586 2.095586
v 9.919415 3.350586 2.097000
v 9.918000 3.350586 2.149414
v 9.919155 3.350845 2.149155
v 9.919155 3.350845 2.149155
v 9.919415 3.352000 2.149414
v 9.919415 3.350586 2.148000
v 9.918000 4.349414 2.095586
v 9.919155 4.349154 2.095845
v 9.919155 4.349154 2.095845
v 9.919415 4.348000 2.095586
v 9.919415 4.349414 2.097000
v 9.919415 4.348000 2.149414
v 9.919155 4.349154 2.149155
v 9.919155 4.349154 2.149155
v 9.918000 4.349414 2.149414
v 9.919415 4.349414 2.148000
s 0
f 223 229 200 194
f 237 243 230 222
f 242 214 201 228
f 195 202 216 208
f 209 215 244 236
f 193 249 250 252
f 194 253 251 196
f 195 199 197 198
f 200 254 255 257
f 201 258 256 203
f 202 206 204 205
f 207 259 260 262
f 208 263 261 210
f 209 213 211 212
f 214 264 265 267
f 215 268 266 217
f 216 220 218 219
f 221 269 270 272
f 222 273 271 224
f 223 227 225 226
f 228 274 275 277
f 229 278 276 231
f 230 234 232 233
f 235 279 280 282
f 236 283 281 238
f 237 241 239 240
f 242 284 285 287
f 243 288 286 245
f 244 248 246 247
f 207 193 252 259
f 210 199 195 208
f 194 200 257 253
f 198 206 202 195
f 201 214 267 258
f 205 220 216 202
f 215 209 212 268
f 219 263 208 216
f 235 207 262 279
f 238 213 209 236
f 214 242 287 264
f 217 248 244 215
f 243 237 240 288
f 247 283 236 244
f 221 235 282 269
f 224 241 237 222
f 242 228 277 284
f 245 234 230 243
f 229 223 226 278
f 233 273 222 230
f 193 221 272 249
f 196 227 223 194
f 228 201 203 274
f 231 254 200 229
f 207 235 221 193
o entry_door_leaf
v 9.470379 3.469150 0.010000
v 9.469159 3.466409 0.013000
v 9.467639 3.470370 0.013000
v 9.469517 3.467212 0.010879
v 9.468093 3.468272 0.011268
v 9.467579 3.468075 0.013000
v 9.468441 3.470012 0.010879
v 9.469159 3.466409 2.137000
v 9.470379 3.469150 2.140000
v 9.467639 3.470370 2.137000
v 9.469517 3.467212 2.139122
v 9.468093 3.468272 2.138732
v 9.468441 3.470012 2.139122
v 9.467579 3.468075 2.137000
v 9.855966 4.335191 0.010000
v 9.853225 4.336411 0.013000
v 9.857186 4.337931 0.013000
v 9.854028 4.336053 0.010879
v 9.855088 4.337478 0.011268
v 9.854891 4.337991 0.013000
v 9.856829 4.337129 0.010879
v 9.855966 4.335191 2.140000
v 9.857186 4.337931 2.137000
v 9.853225 4.336411 2.137000
v 9.856829 4.337129 2.139122
v 9.855088 4.337478 2.138732
v 9.854891 4.337991 2.137000
v 9.854028 4.336053 2.139122
v 9.506007 3.453287 0.010000
v 9.508748 3.452067 0.013000
v 9.504787 3.450546 0.013000
v 9.507945 3.452424 0.010879
v 9.506886 3.451000 0.011268
v 9.507083 3.450486 0.013000
v 9.505145 3.451349 0.010879
v 9.506007 3.453287 2.140000
v 9.504787 3.450546 2.137000
v 9.508748 3.452067 2.137000
v 9.505145 3.451349 2.139122
v 9.506886 3.451000 2.138732
v 9.507083 3.450486 2.137000
v 9.507945 3.452424 2.139122
v 9.891594 4.319328 0.010000
v 9.892814 4.322069 0.013000
v 9.894335 4.318108 0.013000
v 9.892457 4.321266 0.010879
v 9.893881 4.320206 0.011268
v 9.894395 4.320403 0.013000
v 9.893532 4.318465 0.010879
v 9.891594 4.319328 2.140000
v 9.894335 4.318108 2.137000
v 9.892814 4.322069 2.137000
v 9.893532 4.318465 2.139122
v 9.893881 4.320206 2.138732
v 9.894395 4.320403 2.137000
v 9.892457 4.321266 2.139122
v 9.469517 3.467212 0.010879
v 9.468093 3.468272 0.011268
v 9.468093 3.468272 0.011268
v 9.468441 3.470012 0.010879
v 9.467579 3.468075 0.013000
v 9.469517 3.467212 2.139122
v 9.468093 3.468272 2.138732
v 9.468093 3.468272 2.138732
v 9.467579 3.468075 2.137000
v 9.468441 3.470012 2.139122
v 9.854028 4.336053 0.010879
v 9.855088 4.337478 0.011268
v 9.855088 4.337478 0.011268
v 9.856829 4.337129 0.010879
v 9.854891 4.337991 0.013000
v 9.856829 4.337129 2.139122
v 9.855088 4.337478 2.138732
v 9.855088 4.337478 2.138732
v 9.854028 4.336053 2.139122
v 9.854891 4.337991 2.137000
v 9.507945 3.452424 0.010879
v 9.506886 3.451000 0.011268
v 9.506886 3.451000 0.011268
v 9.505145 3.451349 0.010879
v 9.507083 3.450486 0.013000
v 9.505145 3.451349 2.139122
v 9.506886 3.451000 2.138732
v 9.506886 3.451000 2.138732
v 9.507945 3.452424 2.139122
v 9.507083 3.450486 2.137000
v 9.892457 4.321266 0.010879
v 9.893881 4.320206 0.011268
v 9.893881 4.320206 0.011268
v 9.893532 4.318465 0.010879
v 9.894395 4.320403 0.013000
v 9.893532 4.318465 2.139122
v 9.893881 4.320206 2.138732
v 9.893881 4.320206 2.138732
v 9.892457 4.321266 2.139122
v 9.894395 4.320403 2.137000
s 0
f 319 325 296 290
f 333 339 326 318
f 338 310 297 324
f 291 298 312 304
f 305 311 340 332
f 289 345 346 348
f 290 349 347 292
f 291 295 293 294
f 296 350 351 353
f 297 354 352 299
f 298 302 300 301
f 303 355 356 358
f 304 359 357 306
f 305 309 307 308
f 310 360 361 363
f 311 364 362 313
f 312 316 314 315
f 317 365 366 368
f 318 369 367 320
f 319 323 321 322
f 324 370 371 373
f 325 374 372 327
f 326 330 328 329
f 331 375 376 378
f 332 379 377 334
f 333 337 335 336
f 338 380 381 383
f 339 384 382 341
f 340 344 342 343
f 303 289 348 355
f 306 295 291 304
f 290 296 353 349
f 294 302 298 291
f 297 310 363 354
f 301 316 312 298
f 311 305 308 364
f 315 359 304 312
f 331 303 358 375
f 334 309 305 332
f 310 338 383 360
f 313 344 340 311
f 339 333 336 384
f 343 379 332 340
f 317 331 378 365
f 320 337 333 318
f 338 324 373 380
f 341 330 326 339
f 325 319 322 374
f 329 369 318 326
f 289 317 368 345
f 292 323 319 290
f 324 297 299 370
f 327 350 296 325
f 303 331 317 289
o up_open_shelf
v 0.023000 1.803000 1.712500
v 0.023000 1.800000 1.715500
v 0.020000 1.803000 1.715500
v 0.023000 1.800879 1.713379
v 0.021268 1.801268 1.713768
v 0.020879 1.800879 1.715500
v 0.020879 1.803000 1.713379
v 0.023000 1.800000 1.744500
v 0.023000 1.803000 1.747500
v 0.020000 1.803000 1.744500
v 0.023000 1.800879 1.746621
v 0.021268 1.801268 1.746232
v 0.020879 1.803000 1.746621
v 0.020879 1.800879 1.744500
v 0.023000 2.497000 1.712500
v 0.020000 2.497000 1.715500
v 0.023000 2.500000 1.715500
v 0.020879 2.497000 1.713379
v 0.021268 2.498732 1.713768
v 0.020879 2.499121 1.715500
v 0.023000 2.499121 1.713379
v 0.023000 2.497000 1.747500
v 0.023000 2.500000 1.744500
v 0.020000 2.497000 1.744500
v 0.023000 2.499121 1.746621
v 0.021268 2.498732 1.746232
v 0.020879 2.499121 1.744500
v 0.020879 2.497000 1.746621
v 0.257000 1.803000 1.712500
v 0.260000 1.803000 1.715500
v 0.257000 1.800000 1.715500
v 0.259121 1.803000 1.713379
v 0.258732 1.801268 1.713768
v 0.259121 1.800879 1.715500
v 0.257000 1.800879 1.713379
v 0.257000 1.803000 1.747500
v 0.257000 1.800000 1.744500
v 0.260000 1.803000 1.744500
v 0.257000 1.800879 1.746621
v 0.258732 1.801268 1.746232
v 0.259121 1.800879 1.744500
v 0.259121 1.803000 1.746621
v 0.257000 2.497000 1.712500
v 0.257000 2.500000 1.715500
v 0.260000 2.497000 1.715500
v 0.257000 2.499121 1.713379
v 0.258732 2.498732 1.713768
v 0.259121 2.499121 1.715500
v 0.259121 2.497000 1.713379
v 0.257000 2.497000 1.747500
v 0.260000 2.497000 1.744500
v 0.257000 2.500000 1.744500
v 0.259121 2.497000 1.746621
v 0.258732 2.498732 1.746232
v 0.259121 2.499121 1.744500
v 0.257000 2.499121 1.746621
v 0.023000 1.800879 1.713379
v 0.021268 1.801268 1.713768
v 0.021268 1.801268 1.713768
v 0.020879 1.803000 1.713379
v 0.020879 1.800879 1.715500
v 0.023000 1.800879 1.746621
v 0.021268 1.801268 1.746232
v 0.021268 1.801268 1.746232
v 0.020879 1.800879 1.744500
v 0.020879 1.803000 1.746621
v 0.020879 2.497000 1.713379
v 0.021268 2.498732 1.713768
v 0.021268 2.498732 1.713768
v 0.023000 2.499121 1.713379
v 0.020879 2.499121 1.715500
v 0.023000 2.499121 1.746621
v 0.021268 2.498732 1.746232
v 0.021268 2.498732 1.746232
v 0.020879 2.497000 1.746621
v 0.020879 2.499121 1.744500
v 0.259121 1.803000 1.713379
v 0.258732 1.801268 1.713768
v 0.258732 1.801268 1.713768
v 0.257000 1.800879 1.713379
v 0.259121 1.800879 1.715500
v 0.257000 1.800879 1.746621
v 0.258732 1.801268 1.746232
v 0.258732 1.801268 1.746232
v 0.259121 1.803000 1.746621
v 0.259121 1.800879 1.744500
v 0.257000 2.499121 1.713379
v 0.258732 2.498732 1.713768
v 0.258732 2.498732 1.713768
v 0.259121 2.497000 1.713379
v 0.259121 2.499121 1.715500
v 0.259121 2.497000 1.746621
v 0.258732 2.498732 1.746232
v 0.258732 2.498732 1.746232
v 0.257000 2.499121 1.746621
v 0.259121 2.499121 1.744500
s 0
f 415 421 392 386
f 429 435 422 414
f 434 406 393 420
f 387 394 408 400
f 401 407 436 428
f 385 441 442 444
f 386 445 443 388
f 387 391 389 390
f 392 446 447 449
f 393 450 448 395
f 394 398 396 397
f 399 451 452 454
f 400 455 453 402
f 401 405 403 404
f 406 456 457 459
f 407 460 458 409
f 408 412 410 411
f 413 461 462 464
f 414 465 463 416
f 415 419 417 418
f 420 466 467 469
f 421 470 468 423
f 422 426 424 425
f 427 471 472 474
f 428 475 473 430
f 429 433 431 432
f 434 476 477 479
f 435 480 478 437
f 436 440 438 439
f 399 385 444 451
f 402 391 387 400
f 386 392 449 445
f 390 398 394 387
f 393 406 459 450
f 397 412 408 394
f 407 401 404 460
f 411 455 400 408
f 427 399 454 471
f 430 405 401 428
f 406 434 479 456
f 409 440 436 407
f 435 429 432 480
f 439 475 428 436
f 413 427 474 461
f 416 433 429 414
f 434 420 469 476
f 437 426 422 435
f 421 415 418 470
f 425 465 414 422
f 385 413 464 441
f 388 419 415 386
f 420 393 395 466
f 423 446 392 421
f 399 427 413 385
o up_open_shelf2
v 0.023000 1.803000 2.052500
v 0.023000 1.800000 2.055500
v 0.020000 1.803000 2.055500
v 0.023000 1.800879 2.053379
v 0.021268 1.801268 2.053768
v 0.020879 1.800879 2.055500
v 0.020879 1.803000 2.053379
v 0.023000 1.800000 2.084500
v 0.023000 1.803000 2.087500
v 0.020000 1.803000 2.084500
v 0.023000 1.800879 2.086621
v 0.021268 1.801268 2.086232
v 0.020879 1.803000 2.086621
v 0.020879 1.800879 2.084500
v 0.023000 2.497000 2.052500
v 0.020000 2.497000 2.055500
v 0.023000 2.500000 2.055500
v 0.020879 2.497000 2.053379
v 0.021268 2.498732 2.053768
v 0.020879 2.499121 2.055500
v 0.023000 2.499121 2.053379
v 0.023000 2.497000 2.087500
v 0.023000 2.500000 2.084500
v 0.020000 2.497000 2.084500
v 0.023000 2.499121 2.086621
v 0.021268 2.498732 2.086232
v 0.020879 2.499121 2.084500
v 0.020879 2.497000 2.086621
v 0.257000 1.803000 2.052500
v 0.260000 1.803000 2.055500
v 0.257000 1.800000 2.055500
v 0.259121 1.803000 2.053379
v 0.258732 1.801268 2.053768
v 0.259121 1.800879 2.055500
v 0.257000 1.800879 2.053379
v 0.257000 1.803000 2.087500
v 0.257000 1.800000 2.084500
v 0.260000 1.803000 2.084500
v 0.257000 1.800879 2.086621
v 0.258732 1.801268 2.086232
v 0.259121 1.800879 2.084500
v 0.259121 1.803000 2.086621
v 0.257000 2.497000 2.052500
v 0.257000 2.500000 2.055500
v 0.260000 2.497000 2.055500
v 0.257000 2.499121 2.053379
v 0.258732 2.498732 2.053768
v 0.259121 2.499121 2.055500
v 0.259121 2.497000 2.053379
v 0.257000 2.497000 2.087500
v 0.260000 2.497000 2.084500
v 0.257000 2.500000 2.084500
v 0.259121 2.497000 2.086621
v 0.258732 2.498732 2.086232
v 0.259121 2.499121 2.084500
v 0.257000 2.499121 2.086621
v 0.023000 1.800879 2.053379
v 0.021268 1.801268 2.053768
v 0.021268 1.801268 2.053768
v 0.020879 1.803000 2.053379
v 0.020879 1.800879 2.055500
v 0.023000 1.800879 2.086621
v 0.021268 1.801268 2.086232
v 0.021268 1.801268 2.086232
v 0.020879 1.800879 2.084500
v 0.020879 1.803000 2.086621
v 0.020879 2.497000 2.053379
v 0.021268 2.498732 2.053768
v 0.021268 2.498732 2.053768
v 0.023000 2.499121 2.053379
v 0.020879 2.499121 2.055500
v 0.023000 2.499121 2.086621
v 0.021268 2.498732 2.086232
v 0.021268 2.498732 2.086232
v 0.020879 2.497000 2.086621
v 0.020879 2.499121 2.084500
v 0.259121 1.803000 2.053379
v 0.258732 1.801268 2.053768
v 0.258732 1.801268 2.053768
v 0.257000 1.800879 2.053379
v 0.259121 1.800879 2.055500
v 0.257000 1.800879 2.086621
v 0.258732 1.801268 2.086232
v 0.258732 1.801268 2.086232
v 0.259121 1.803000 2.086621
v 0.259121 1.800879 2.084500
v 0.257000 2.499121 2.053379
v 0.258732 2.498732 2.053768
v 0.258732 2.498732 2.053768
v 0.259121 2.497000 2.053379
v 0.259121 2.499121 2.055500
v 0.259121 2.497000 2.086621
v 0.258732 2.498732 2.086232
v 0.258732 2.498732 2.086232
v 0.257000 2.499121 2.086621
v 0.259121 2.499121 2.084500
s 0
f 511 517 488 482
f 525 531 518 510
f 530 502 489 516
f 483 490 504 496
f 497 503 532 524
f 481 537 538 540
f 482 541 539 484
f 483 487 485 486
f 488 542 543 545
f 489 546 544 491
f 490 494 492 493
f 495 547 548 550
f 496 551 549 498
f 497 501 499 500
f 502 552 553 555
f 503 556 554 505
f 504 508 506 507
f 509 557 558 560
f 510 561 559 512
f 511 515 513 514
f 516 562 563 565
f 517 566 564 519
f 518 522 520 521
f 523 567 568 570
f 524 571 569 526
f 525 529 527 528
f 530 572 573 575
f 531 576 574 533
f 532 536 534 535
f 495 481 540 547
f 498 487 483 496
f 482 488 545 541
f 486 494 490 483
f 489 502 555 546
f 493 508 504 490
f 503 497 500 556
f 507 551 496 504
f 523 495 550 567
f 526 501 497 524
f 502 530 575 552
f 505 536 532 503
f 531 525 528 576
f 535 571 524 532
f 509 523 570 557
f 512 529 525 510
f 530 516 565 572
f 533 522 518 531
f 517 511 514 566
f 521 561 510 518
f 481 509 560 537
f 484 515 511 482
f 516 489 491 562
f 519 542 488 517
f 495 523 509 481
o island_east_panel
v 2.831000 3.203000 0.000000
v 2.831000 3.200000 0.003000
v 2.828000 3.203000 0.003000
v 2.831000 3.200879 0.000879
v 2.829268 3.201268 0.001268
v 2.828879 3.200879 0.003000
v 2.828879 3.203000 0.000879
v 2.831000 3.200000 0.897000
v 2.831000 3.203000 0.900000
v 2.828000 3.203000 0.897000
v 2.831000 3.200879 0.899121
v 2.829268 3.201268 0.898732
v 2.828879 3.203000 0.899121
v 2.828879 3.200879 0.897000
v 2.831000 5.597000 0.000000
v 2.828000 5.597000 0.003000
v 2.831000 5.600000 0.003000
v 2.828879 5.597000 0.000879
v 2.829268 5.598732 0.001268
v 2.828879 5.599122 0.003000
v 2.831000 5.599122 0.000879
v 2.831000 5.597000 0.900000
v 2.831000 5.600000 0.897000
v 2.828000 5.597000 0.897000
v 2.831000 5.599122 0.899121
v 2.829268 5.598732 0.898732
v 2.828879 5.599122 0.897000
v 2.828879 5.597000 0.899121
v 2.847000 3.203000 0.000000
v 2.850000 3.203000 0.003000
v 2.847000 3.200000 0.003000
v 2.849121 3.203000 0.000879
v 2.848732 3.201268 0.001268
v 2.849121 3.200879 0.003000
v 2.847000 3.200879 0.000879
v 2.847000 3.203000 0.900000
v 2.847000 3.200000 0.897000
v 2.850000 3.203000 0.897000
v 2.847000 3.200879 0.899121
v 2.848732 3.201268 0.898732
v 2.849121 3.200879 0.897000
v 2.849121 3.203000 0.899121
v 2.847000 5.597000 0.000000
v 2.847000 5.600000 0.003000
v 2.850000 5.597000 0.003000
v 2.847000 5.599122 0.000879
v 2.848732 5.598732 0.001268
v 2.849121 5.599122 0.003000
v 2.849121 5.597000 0.000879
v 2.847000 5.597000 0.900000
v 2.850000 5.597000 0.897000
v 2.847000 5.600000 0.897000
v 2.849121 5.597000 0.899121
v 2.848732 5.598732 0.898732
v 2.849121 5.599122 0.897000
v 2.847000 5.599122 0.899121
v 2.831000 3.200879 0.000879
v 2.829268 3.201268 0.001268
v 2.829268 3.201268 0.001268
v 2.828879 3.203000 0.000879
v 2.828879 3.200879 0.003000
v 2.831000 3.200879 0.899121
v 2.829268 3.201268 0.898732
v 2.829268 3.201268 0.898732
v 2.828879 3.200879 0.897000
v 2.828879 3.203000 0.899121
v 2.828879 5.597000 0.000879
v 2.829268 5.598732 0.001268
v 2.829268 5.598732 0.001268
v 2.831000 5.599122 0.000879
v 2.828879 5.599122 0.003000
v 2.831000 5.599122 0.899121
v 2.829268 5.598732 0.898732
v 2.829268 5.598732 0.898732
v 2.828879 5.597000 0.899121
v 2.828879 5.599122 0.897000
v 2.849121 3.203000 0.000879
v 2.848732 3.201268 0.001268
v 2.848732 3.201268 0.001268
v 2.847000 3.200879 0.000879
v 2.849121 3.200879 0.003000
v 2.847000 3.200879 0.899121
v 2.848732 3.201268 0.898732
v 2.848732 3.201268 0.898732
v 2.849121 3.203000 0.899121
v 2.849121 3.200879 0.897000
v 2.847000 5.599122 0.000879
v 2.848732 5.598732 0.001268
v 2.848732 5.598732 0.001268
v 2.849121 5.597000 0.000879
v 2.849121 5.599122 0.003000
v 2.849121 5.597000 0.899121
v 2.848732 5.598732 0.898732
v 2.848732 5.598732 0.898732
v 2.847000 5.599122 0.899121
v 2.849121 5.599122 0.897000
s 0
f 607 613 584 578
f 621 627 614 606
f 626 598 585 612
f 579 586 600 592
f 593 599 628 620
f 577 633 634 636
f 578 637 635 580
f 579 583 581 582
f 584 638 639 641
f 585 642 640 587
f 586 590 588 589
f 591 643 644 646
f 592 647 645 594
f 593 597 595 596
f 598 648 649 651
f 599 652 650 601
f 600 604 602 603
f 605 653 654 656
f 606 657 655 608
f 607 611 609 610
f 612 658 659 661
f 613 662 660 615
f 614 618 616 617
f 619 663 664 666
f 620 667 665 622
f 621 625 623 624
f 626 668 669 671
f 627 672 670 629
f 628 632 630 631
f 591 577 636 643
f 594 583 579 592
f 578 584 641 637
f 582 590 586 579
f 585 598 651 642
f 589 604 600 586
f 599 593 596 652
f 603 647 592 600
f 619 591 646 663
f 622 597 593 620
f 598 626 671 648
f 601 632 628 599
f 627 621 624 672
f 631 667 620 628
f 605 619 666 653
f 608 625 621 606
f 626 612 661 668
f 629 618 614 627
f 613 607 610 662
f 617 657 606 614
f 577 605 656 633
f 580 611 607 578
f 612 585 587 658
f 615 638 584 613
f 591 619 605 577
o island_south_panel
v 1.772000 3.221000 0.100000
v 1.772000 3.219000 0.102000
v 1.770000 3.221000 0.102000
v 1.772000 3.219586 0.100586
v 1.770845 3.219845 0.100845
v 1.770586 3.219586 0.102000
v 1.770586 3.221000 0.100586
v 1.772000 3.219000 0.858000
v 1.772000 3.221000 0.860000
v 1.770000 3.221000 0.858000
v 1.772000 3.219586 0.859414
v 1.770845 3.219845 0.859155
v 1.770586 3.221000 0.859414
v 1.770586 3.219586 0.858000
v 1.772000 3.235000 0.100000
v 1.770000 3.235000 0.102000
v 1.772000 3.237000 0.102000
v 1.770586 3.235000 0.100586
v 1.770845 3.236155 0.100845
v 1.770586 3.236414 0.102000
v 1.772000 3.236414 0.100586
v 1.772000 3.235000 0.860000
v 1.772000 3.237000 0.858000
v 1.770000 3.235000 0.858000
v 1.772000 3.236414 0.859414
v 1.770845 3.236155 0.859155
v 1.770586 3.236414 0.858000
v 1.770586 3.235000 0.859414
v 2.828000 3.221000 0.100000
v 2.830000 3.221000 0.102000
v 2.828000 3.219000 0.102000
v 2.829414 3.221000 0.100586
v 2.829154 3.219845 0.100845
v 2.829414 3.219586 0.102000
v 2.828000 3.219586 0.100586
v 2.828000 3.221000 0.860000
v 2.828000 3.219000 0.858000
v 2.830000 3.221000 0.858000
v 2.828000 3.219586 0.859414
v 2.829154 3.219845 0.859155
v 2.829414 3.219586 0.858000
v 2.829414 3.221000 0.859414
v 2.828000 3.235000 0.100000
v 2.828000 3.237000 0.102000
v 2.830000 3.235000 0.102000
v 2.828000 3.236414 0.100586
v 2.829154 3.236155 0.100845
v 2.829414 3.236414 0.102000
v 2.829414 3.235000 0.100586
v 2.828000 3.235000 0.860000
v 2.830000 3.235000 0.858000
v 2.828000 3.237000 0.858000
v 2.829414 3.235000 0.859414
v 2.829154 3.236155 0.859155
v 2.829414 3.236414 0.858000
v 2.828000 3.236414 0.859414
v 1.772000 3.219586 0.100586
v 1.770845 3.219845 0.100845
v 1.770845 3.219845 0.100845
v 1.770586 3.221000 0.100586
v 1.770586 3.219586 0.102000
v 1.772000 3.219586 0.859414
v 1.770845 3.219845 0.859155
v 1.770845 3.219845 0.859155
v 1.770586 3.219586 0.858000
v 1.770586 3.221000 0.859414
v 1.770586 3.235000 0.100586
v 1.770845 3.236155 0.100845
v 1.770845 3.236155 0.100845
v 1.772000 3.236414 0.100586
v 1.770586 3.236414 0.102000
v 1.772000 3.236414 0.859414
v 1.770845 3.236155 0.859155
v 1.770845 3.236155 0.859155
v 1.770586 3.235000 0.859414
v 1.770586 3.236414 0.858000
v 2.829414 3.221000 0.100586
v 2.829154 3.219845 0.100845
v 2.829154 3.219845 0.100845
v 2.828000 3.219586 0.100586
v 2.829414 3.219586 0.102000
v 2.828000 3.219586 0.859414
v 2.829154 3.219845 0.859155
v 2.829154 3.219845 0.859155
v 2.829414 3.221000 0.859414
v 2.829414 3.219586 0.858000
v 2.828000 3.236414 0.100586
v 2.829154 3.236155 0.100845
v 2.829154 3.236155 0.100845
v 2.829414 3.235000 0.100586
v 2.829414 3.236414 0.102000
v 2.829414 3.235000 0.859414
v 2.829154 3.236155 0.859155
v 2.829154 3.236155 0.859155
v 2.828000 3.236414 0.859414
v 2.829414 3.236414 0.858000
s 0
f 703 709 680 674
f 717 723 710 702
f 722 694 681 708
f 675 682 696 688
f 689 695 724 716
f 673 729 730 732
f 674 733 731 676
f 675 679 677 678
f 680 734 735 737
f 681 738 736 683
f 682 686 684 685
f 687 739 740 742
f 688 743 741 690
f 689 693 691 692
f 694 744 745 747
f 695 748 746 697
f 696 700 698 699
f 701 749 750 752
f 702 753 751 704
f 703 707 705 706
f 708 754 755 757
f 709 758 756 711
f 710 714 712 713
f 715 759 760 762
f 716 763 761 718
f 717 721 719 720
f 722 764 765 767
f 723 768 766 725
f 724 728 726 727
f 687 673 732 739
f 690 679 675 688
f 674 680 737 733
f 678 686 682 675
f 681 694 747 738
f 685 700 696 682
f 695 689 692 748
f 699 743 688 696
f 715 687 742 759
f 718 693 689 716
f 694 722 767 744
f 697 728 724 695
f 723 717 720 768
f 727 763 716 724
f 701 715 762 749
f 704 721 717 702
f 722 708 757 764
f 725 714 710 723
f 709 703 706 758
f 713 753 702 710
f 673 701 752 729
f 676 707 703 674
f 708 681 683 754
f 711 734 680 709
f 687 715 701 673
o island_south_shelf
v 1.773000 3.223000 0.405000
v 1.773000 3.220000 0.408000
v 1.770000 3.223000 0.408000
v 1.773000 3.220879 0.405879
v 1.771268 3.221268 0.406268
v 1.770879 3.220879 0.408000
v 1.770879 3.223000 0.405879
v 1.773000 3.220000 0.432000
v 1.773000 3.223000 0.435000
v 1.770000 3.223000 0.432000
v 1.773000 3.220879 0.434121
v 1.771268 3.221268 0.433732
v 1.770879 3.223000 0.434121
v 1.770879 3.220879 0.432000
v 1.773000 3.517000 0.405000
v 1.770000 3.517000 0.408000
v 1.773000 3.520000 0.408000
v 1.770879 3.517000 0.405879
v 1.771268 3.518732 0.406268
v 1.770879 3.519121 0.408000
v 1.773000 3.519121 0.405879
v 1.773000 3.517000 0.435000
v 1.773000 3.520000 0.432000
v 1.770000 3.517000 0.432000
v 1.773000 3.519121 0.434121
v 1.771268 3.518732 0.433732
v 1.770879 3.519121 0.432000
v 1.770879 3.517000 0.434121
v 2.827000 3.223000 0.405000
v 2.830000 3.223000 0.408000
v 2.827000 3.220000 0.408000
v 2.829121 3.223000 0.405879
v 2.828732 3.221268 0.406268
v 2.829121 3.220879 0.408000
v 2.827000 3.220879 0.405879
v 2.827000 3.223000 0.435000
v 2.827000 3.220000 0.432000
v 2.830000 3.223000 0.432000
v 2.827000 3.220879 0.434121
v 2.828732 3.221268 0.433732
v 2.829121 3.220879 0.432000
v 2.829121 3.223000 0.434121
v 2.827000 3.517000 0.405000
v 2.827000 3.520000 0.408000
v 2.830000 3.517000 0.408000
v 2.827000 3.519121 0.405879
v 2.828732 3.518732 0.406268
v 2.829121 3.519121 0.408000
v 2.829121 3.517000 0.405879
v 2.827000 3.517000 0.435000
v 2.830000 3.517000 0.432000
v 2.827000 3.520000 0.432000
v 2.829121 3.517000 0.434121
v 2.828732 3.518732 0.433732
v 2.829121 3.519121 0.432000
v 2.827000 3.519121 0.434121
v 1.773000 3.220879 0.405879
v 1.771268 3.221268 0.406268
v 1.771268 3.221268 0.406268
v 1.770879 3.223000 0.405879
v 1.770879 3.220879 0.408000
v 1.773000 3.220879 0.434121
v 1.771268 3.221268 0.433732
v 1.771268 3.221268 0.433732
v 1.770879 3.220879 0.432000
v 1.770879 3.223000 0.434121
v 1.770879 3.517000 0.405879
v 1.771268 3.518732 0.406268
v 1.771268 3.518732 0.406268
v 1.773000 3.519121 0.405879
v 1.770879 3.519121 0.408000
v 1.773000 3.519121 0.434121
v 1.771268 3.518732 0.433732
v 1.771268 3.518732 0.433732
v 1.770879 3.517000 0.434121
v 1.770879 3.519121 0.432000
v 2.829121 3.223000 0.405879
v 2.828732 3.221268 0.406268
v 2.828732 3.221268 0.406268
v 2.827000 3.220879 0.405879
v 2.829121 3.220879 0.408000
v 2.827000 3.220879 0.434121
v 2.828732 3.221268 0.433732
v 2.828732 3.221268 0.433732
v 2.829121 3.223000 0.434121
v 2.829121 3.220879 0.432000
v 2.827000 3.519121 0.405879
v 2.828732 3.518732 0.406268
v 2.828732 3.518732 0.406268
v 2.829121 3.517000 0.405879
v 2.829121 3.519121 0.408000
v 2.829121 3.517000 0.434121
v 2.828732 3.518732 0.433732
v 2.828732 3.518732 0.433732
v 2.827000 3.519121 0.434121
v 2.829121 3.519121 0.432000
s 0
f 799 805 776 770
f 813 819 806 798
f 818 790 777 804
f 771 778 792 784
f 785 791 820 812
f 769 825 826 828
f 770 829 827 772
f 771 775 773 774
f 776 830 831 833
f 777 834 832 779
f 778 782 780 781
f 783 835 836 838
f 784 839 837 786
f 785 789 787 788
f 790 840 841 843
f 791 844 842 793
f 792 796 794 795
f 797 845 846 848
f 798 849 847 800
f 799 803 801 802
f 804 850 851 853
f 805 854 852 807
f 806 810 808 809
f 811 855 856 858
f 812 859 857 814
f 813 817 815 816
f 818 860 861 863
f 819 864 862 821
f 820 824 822 823
f 783 769 828 835
f 786 775 771 784
f 770 776 833 829
f 774 782 778 771
f 777 790 843 834
f 781 796 792 778
f 791 785 788 844
f 795 839 784 792
f 811 783 838 855
f 814 789 785 812
f 790 818 863 840
f 793 824 820 791
f 819 813 816 864
f 823 859 812 820
f 797 811 858 845
f 800 817 813 798
f 818 804 853 860
f 821 810 806 819
f 805 799 802 854
f 809 849 798 806
f 769 797 848 825
f 772 803 799 770
f 804 777 779 850
f 807 830 776 805
f 783 811 797 769
o pantry_shelf_E_0
v 9.553000 0.763000 0.536000
v 9.553000 0.760000 0.539000
v 9.550000 0.763000 0.539000
v 9.553000 0.760879 0.536879
v 9.551269 0.761268 0.537268
v 9.550879 0.760879 0.539000
v 9.550879 0.763000 0.536879
v 9.553000 0.760000 0.561000
v 9.553000 0.763000 0.564000
v 9.550000 0.763000 0.561000
v 9.553000 0.760879 0.563121
v 9.551269 0.761268 0.562732
v 9.550879 0.763000 0.563121
v 9.550879 0.760879 0.561000
v 9.553000 2.257000 0.536000
v 9.550000 2.257000 0.539000
v 9.553000 2.260000 0.539000
v 9.550879 2.257000 0.536879
v 9.551269 2.258732 0.537268
v 9.550879 2.259121 0.539000
v 9.553000 2.259121 0.536879
v 9.553000 2.257000 0.564000
v 9.553000 2.260000 0.561000
v 9.550000 2.257000 0.561000
v 9.553000 2.259121 0.563121
v 9.551269 2.258732 0.562732
v 9.550879 2.259121 0.561000
v 9.550879 2.257000 0.563121
v 9.797000 0.763000 0.536000
v 9.800000 0.763000 0.539000
v 9.797000 0.760000 0.539000
v 9.799122 0.763000 0.536879
v 9.798732 0.761268 0.537268
v 9.799122 0.760879 0.539000
v 9.797000 0.760879 0.536879
v 9.797000 0.763000 0.564000
v 9.797000 0.760000 0.561000
v 9.800000 0.763000 0.561000
v 9.797000 0.760879 0.563121
v 9.798732 0.761268 0.562732
v 9.799122 0.760879 0.561000
v 9.799122 0.763000 0.563121
v 9.797000 2.257000 0.536000
v 9.797000 2.260000 0.539000
v 9.800000 2.257000 0.539000
v 9.797000 2.259121 0.536879
v 9.798732 2.258732 0.537268
v 9.799122 2.259121 0.539000
v 9.799122 2.257000 0.536879
v 9.797000 2.257000 0.564000
v 9.800000 2.257000 0.561000
v 9.797000 2.260000 0.561000
v 9.799122 2.257000 0.563121
v 9.798732 2.258732 0.562732
v 9.799122 2.259121 0.561000
v 9.797000 2.259121 0.563121
v 9.553000 0.760879 0.536879
v 9.551269 0.761268 0.537268
v 9.551269 0.761268 0.537268
v 9.550879 0.763000 0.536879
v 9.550879 0.760879 0.539000
v 9.553000 0.760879 0.563121
v 9.551269 0.761268 0.562732
v 9.551269 0.761268 0.562732
v 9.550879 0.760879 0.561000
v 9.550879 0.763000 0.563121
v 9.550879 2.257000 0.536879
v 9.551269 2.258732 0.537268
v 9.551269 2.258732 0.537268
v 9.553000 2.259121 0.536879
v 9.550879 2.259121 0.539000
v 9.553000 2.259121 0.563121
v 9.551269 2.258732 0.562732
v 9.551269 2.258732 0.562732
v 9.550879 2.257000 0.563121
v 9.550879 2.259121 0.561000
v 9.799122 0.763000 0.536879
v 9.798732 0.761268 0.537268
v 9.798732 0.761268 0.537268
v 9.797000 0.760879 0.536879
v 9.799122 0.760879 0.539000
v 9.797000 0.760879 0.563121
v 9.798732 0.761268 0.562732
v 9.798732 0.761268 0.562732
v 9.799122 0.763000 0.563121
v 9.799122 0.760879 0.561000
v 9.797000 2.259121 0.536879
v 9.798732 2.258732 0.537268
v 9.798732 2.258732 0.537268
v 9.799122 2.257000 0.536879
v 9.799122 2.259121 0.539000
v 9.799122 2.257000 0.563121
v 9.798732 2.258732 0.562732
v 9.798732 2.258732 0.562732
v 9.797000 2.259121 0.563121
v 9.799122 2.259121 0.561000
s 0
f 895 901 872 866
f 909 915 902 894
f 914 886 873 900
f 867 874 888 880
f 881 887 916 908
f 865 921 922 924
f 866 925 923 868
f 867 871 869 870
f 872 926 927 929
f 873 930 928 875
f 874 878 876 877
f 879 931 932 934
f 880 935 933 882
f 881 885 883 884
f 886 936 937 939
f 887 940 938 889
f 888 892 890 891
f 893 941 942 944
f 894 945 943 896
f 895 899 897 898
f 900 946 947 949
f 901 950 948 903
f 902 906 904 905
f 907 951 952 954
f 908 955 953 910
f 909 913 911 912
f 914 956 957 959
f 915 960 958 917
f 916 920 918 919
f 879 865 924 931
f 882 871 867 880
f 866 872 929 925
f 870 878 874 867
f 873 886 939 930
f 877 892 888 874
f 887 881 884 940
f 891 935 880 888
f 907 879 934 951
f 910 885 881 908
f 886 914 959 936
f 889 920 916 887
f 915 909 912 960
f 919 955 908 916
f 893 907 954 941
f 896 913 909 894
f 914 900 949 956
f 917 906 902 915
f 901 895 898 950
f 905 945 894 902
f 865 893 944 921
f 868 899 895 866
f 900 873 875 946
f 903 926 872 901
f 879 907 893 865
o pantry_shelf_W_0
v 8.323000 0.763000 0.536000
v 8.323000 0.760000 0.539000
v 8.320001 0.763000 0.539000
v 8.323000 0.760879 0.536879
v 8.321268 0.761268 0.537268
v 8.320879 0.760879 0.539000
v 8.320879 0.763000 0.536879
v 8.323000 0.760000 0.561000
v 8.323000 0.763000 0.564000
v 8.320001 0.763000 0.561000
v 8.323000 0.760879 0.563121
v 8.321268 0.761268 0.562732
v 8.320879 0.763000 0.563121
v 8.320879 0.760879 0.561000
v 8.323000 2.257000 0.536000
v 8.320001 2.257000 0.539000
v 8.323000 2.260000 0.539000
v 8.320879 2.257000 0.536879
v 8.321268 2.258732 0.537268
v 8.320879 2.259121 0.539000
v 8.323000 2.259121 0.536879
v 8.323000 2.257000 0.564000
v 8.323000 2.260000 0.561000
v 8.320001 2.257000 0.561000
v 8.323000 2.259121 0.563121
v 8.321268 2.258732 0.562732
v 8.320879 2.259121 0.561000
v 8.320879 2.257000 0.563121
v 8.617001 0.763000 0.536000
v 8.620000 0.763000 0.539000
v 8.617001 0.760000 0.539000
v 8.619122 0.763000 0.536879
v 8.618732 0.761268 0.537268
v 8.619122 0.760879 0.539000
v 8.617001 0.760879 0.536879
v 8.617001 0.763000 0.564000
v 8.617001 0.760000 0.561000
v 8.620000 0.763000 0.561000
v 8.617001 0.760879 0.563121
v 8.618732 0.761268 0.562732
v 8.619122 0.760879 0.561000
v 8.619122 0.763000 0.563121
v 8.617001 2.257000 0.536000
v 8.617001 2.260000 0.539000
v 8.620000 2.257000 0.539000
v 8.617001 2.259121 0.536879
v 8.618732 2.258732 0.537268
v 8.619122 2.259121 0.539000
v 8.619122 2.257000 0.536879
v 8.617001 2.257000 0.564000
v 8.620000 2.257000 0.561000
v 8.617001 2.260000 0.561000
v 8.619122 2.257000 0.563121
v 8.618732 2.258732 0.562732
v 8.619122 2.259121 0.561000
v 8.617001 2.259121 0.563121
v 8.323000 0.760879 0.536879
v 8.321268 0.761268 0.537268
v 8.321268 0.761268 0.537268
v 8.320879 0.763000 0.536879
v 8.320879 0.760879 0.539000
v 8.323000 0.760879 0.563121
v 8.321268 0.761268 0.562732
v 8.321268 0.761268 0.562732
v 8.320879 0.760879 0.561000
v 8.320879 0.763000 0.563121
v 8.320879 2.257000 0.536879
v 8.321268 2.258732 0.537268
v 8.321268 2.258732 0.537268
v 8.323000 2.259121 0.536879
v 8.320879 2.259121 0.539000
v 8.323000 2.259121 0.563121
v 8.321268 2.258732 0.562732
v 8.321268 2.258732 0.562732
v 8.320879 2.257000 0.563121
v 8.320879 2.259121 0.561000
v 8.619122 0.763000 0.536879
v 8.618732 0.761268 0.537268
v 8.618732 0.761268 0.537268
v 8.617001 0.760879 0.536879
v 8.619122 0.760879 0.539000
v 8.617001 0.760879 0.563121
v 8.618732 0.761268 0.562732
v 8.618732 0.761268 0.562732
v 8.619122 0.763000 0.563121
v 8.619122 0.760879 0.561000
v 8.617001 2.259121 0.536879
v 8.618732 2.258732 0.537268
v 8.618732 2.258732 0.537268
v 8.619122 2.257000 0.536879
v 8.619122 2.259121 0.539000
v 8.619122 2.257000 0.563121
v 8.618732 2.258732 0.562732
v 8.618732 2.258732 0.562732
v 8.617001 2.259121 0.563121
v 8.619122 2.259121 0.561000
s 0
f 991 997 968 962
f 1005 1011 998 990
f 1010 982 969 996
f 963 970 984 976
f 977 983 1012 1004
f 961 1017 1018 1020
f 962 1021 1019 964
f 963 967 965 966
f 968 1022 1023 1025
f 969 1026 1024 971
f 970 974 972 973
f 975 1027 1028 1030
f 976 1031 1029 978
f 977 981 979 980
f 982 1032 1033 1035
f 983 1036 1034 985
f 984 988 986 987
f 989 1037 1038 1040
f 990 1041 1039 992
f 991 995 993 994
f 996 1042 1043 1045
f 997 1046 1044 999
f 998 1002 1000 1001
f 1003 1047 1048 1050
f 1004 1051 1049 1006
f 1005 1009 1007 1008
f 1010 1052 1053 1055
f 1011 1056 1054 1013
f 1012 1016 1014 1015
f 975 961 1020 1027
f 978 967 963 976
f 962 968 1025 1021
f 966 974 970 963
f 969 982 1035 1026
f 973 988 984 970
f 983 977 980 1036
f 987 1031 976 984
f 1003 975 1030 1047
f 1006 981 977 1004
f 982 1010 1055 1032
f 985 1016 1012 983
f 1011 1005 1008 1056
f 1015 1051 1004 1012
f 989 1003 1050 1037
f 992 1009 1005 990
f 1010 996 1045 1052
f 1013 1002 998 1011
f 997 991 994 1046
f 1001 1041 990 998
f 961 989 1040 1017
f 964 995 991 962
f 996 969 971 1042
f 999 1022 968 997
f 975 1003 989 961
o pantry_shelf_E_1
v 9.553000 0.763000 1.086000
v 9.553000 0.760000 1.089000
v 9.550000 0.763000 1.089000
v 9.553000 0.760879 1.086879
v 9.551269 0.761268 1.087268
v 9.550879 0.760879 1.089000
v 9.550879 0.763000 1.086879
v 9.553000 0.760000 1.111000
v 9.553000 0.763000 1.114000
v 9.550000 0.763000 1.111000
v 9.553000 0.760879 1.113121
v 9.551269 0.761268 1.112732
v 9.550879 0.763000 1.113121
v 9.550879 0.760879 1.111000
v 9.553000 2.257000 1.086000
v 9.550000 2.257000 1.089000
v 9.553000 2.260000 1.089000
v 9.550879 2.257000 1.086879
v 9.551269 2.258732 1.087268
v 9.550879 2.259121 1.089000
v 9.553000 2.259121 1.086879
v 9.553000 2.257000 1.114000
v 9.553000 2.260000 1.111000
v 9.550000 2.257000 1.111000
v 9.553000 2.259121 1.113121
v 9.551269 2.258732 1.112732
v 9.550879 2.259121 1.111000
v 9.550879 2.257000 1.113121
v 9.797000 0.763000 1.086000
v 9.800000 0.763000 1.089000
v 9.797000 0.760000 1.089000
v 9.799122 0.763000 1.086879
v 9.798732 0.761268 1.087268
v 9.799122 0.760879 1.089000
v 9.797000 0.760879 1.086879
v 9.797000 0.763000 1.114000
v 9.797000 0.760000 1.111000
v 9.800000 0.763000 1.111000
v 9.797000 0.760879 1.113121
v 9.798732 0.761268 1.112732
v 9.799122 0.760879 1.111000
v 9.799122 0.763000 1.113121
v 9.797000 2.257000 1.086000
v 9.797000 2.260000 1.089000
v 9.800000 2.257000 1.089000
v 9.797000 2.259121 1.086879
v 9.798732 2.258732 1.087268
v 9.799122 2.259121 1.089000
v 9.799122 2.257000 1.086879
v 9.797000 2.257000 1.114000
v 9.800000 2.257000 1.111000
v 9.797000 2.260000 1.111000
v 9.799122 2.257000 1.113121
v 9.798732 2.258732 1.112732
v 9.799122 2.259121 1.111000
v 9.797000 2.259121 1.113121
v 9.553000 0.760879 1.086879
v 9.551269 0.761268 1.087268
v 9.551269 0.761268 1.087268
v 9.550879 0.763000 1.086879
v 9.550879 0.760879 1.089000
v 9.553000 0.760879 1.113121
v 9.551269 0.761268 1.112732
v 9.551269 0.761268 1.112732
v 9.550879 0.760879 1.111000
v 9.550879 0.763000 1.113121
v 9.550879 2.257000 1.086879
v 9.551269 2.258732 1.087268
v 9.551269 2.258732 1.087268
v 9.553000 2.259121 1.086879
v 9.550879 2.259121 1.089000
v 9.553000 2.259121 1.113121
v 9.551269 2.258732 1.112732
v 9.551269 2.258732 1.112732
v 9.550879 2.257000 1.113121
v 9.550879 2.259121 1.111000
v 9.799122 0.763000 1.086879
v 9.798732 0.761268 1.087268
v 9.798732 0.761268 1.087268
v 9.797000 0.760879 1.086879
v 9.799122 0.760879 1.089000
v 9.797000 0.760879 1.113121
v 9.798732 0.761268 1.112732
v 9.798732 0.761268 1.112732
v 9.799122 0.763000 1.113121
v 9.799122 0.760879 1.111000
v 9.797000 2.259121 1.086879
v 9.798732 2.258732 1.087268
v 9.798732 2.258732 1.087268
v 9.799122 2.257000 1.086879
v 9.799122 2.259121 1.089000
v 9.799122 2.257000 1.113121
v 9.798732 2.258732 1.112732
v 9.798732 2.258732 1.112732
v 9.797000 2.259121 1.113121
v 9.799122 2.259121 1.111000
s 0
f 1087 1093 1064 1058
f 1101 1107 1094 1086
f 1106 1078 1065 1092
f 1059 1066 1080 1072
f 1073 1079 1108 1100
f 1057 1113 1114 1116
f 1058 1117 1115 1060
f 1059 1063 1061 1062
f 1064 1118 1119 1121
f 1065 1122 1120 1067
f 1066 1070 1068 1069
f 1071 1123 1124 1126
f 1072 1127 1125 1074
f 1073 1077 1075 1076
f 1078 1128 1129 1131
f 1079 1132 1130 1081
f 1080 1084 1082 1083
f 1085 1133 1134 1136
f 1086 1137 1135 1088
f 1087 1091 1089 1090
f 1092 1138 1139 1141
f 1093 1142 1140 1095
f 1094 1098 1096 1097
f 1099 1143 1144 1146
f 1100 1147 1145 1102
f 1101 1105 1103 1104
f 1106 1148 1149 1151
f 1107 1152 1150 1109
f 1108 1112 1110 1111
f 1071 1057 1116 1123
f 1074 1063 1059 1072
f 1058 1064 1121 1117
f 1062 1070 1066 1059
f 1065 1078 1131 1122
f 1069 1084 1080 1066
f 1079 1073 1076 1132
f 1083 1127 1072 1080
f 1099 1071 1126 1143
f 1102 1077 1073 1100
f 1078 1106 1151 1128
f 1081 1112 1108 1079
f 1107 1101 1104 1152
f 1111 1147 1100 1108
f 1085 1099 1146 1133
f 1088 1105 1101 1086
f 1106 1092 1141 1148
f 1109 1098 1094 1107
f 1093 1087 1090 1142
f 1097 1137 1086 1094
f 1057 1085 1136 1113
f 1060 1091 1087 1058
f 1092 1065 1067 1138
f 1095 1118 1064 1093
f 1071 1099 1085 1057
o pantry_shelf_W_1
v 8.323000 0.763000 1.086000
v 8.323000 0.760000 1.089000
v 8.320001 0.763000 1.089000
v 8.323000 0.760879 1.086879
v 8.321268 0.761268 1.087268
v 8.320879 0.760879 1.089000
v 8.320879 0.763000 1.086879
v 8.323000 0.760000 1.111000
v 8.323000 0.763000 1.114000
v 8.320001 0.763000 1.111000
v 8.323000 0.760879 1.113121
v 8.321268 0.761268 1.112732
v 8.320879 0.763000 1.113121
v 8.320879 0.760879 1.111000
v 8.323000 2.257000 1.086000
v 8.320001 2.257000 1.089000
v 8.323000 2.260000 1.089000
v 8.320879 2.257000 1.086879
v 8.321268 2.258732 1.087268
v 8.320879 2.259121 1.089000
v 8.323000 2.259121 1.086879
v 8.323000 2.257000 1.114000
v 8.323000 2.260000 1.111000
v 8.320001 2.257000 1.111000
v 8.323000 2.259121 1.113121
v 8.321268 2.258732 1.112732
v 8.320879 2.259121 1.111000
v 8.320879 2.257000 1.113121
v 8.617001 0.763000 1.086000
v 8.620000 0.763000 1.089000
v 8.617001 0.760000 1.089000
v 8.619122 0.763000 1.086879
v 8.618732 0.761268 1.087268
v 8.619122 0.760879 1.089000
v 8.617001 0.760879 1.086879
v 8.617001 0.763000 1.114000
v 8.617001 0.760000 1.111000
v 8.620000 0.763000 1.111000
v 8.617001 0.760879 1.113121
v 8.618732 0.761268 1.112732
v 8.619122 0.760879 1.111000
v 8.619122 0.763000 1.113121
v 8.617001 2.257000 1.086000
v 8.617001 2.260000 1.089000
v 8.620000 2.257000 1.089000
v 8.617001 2.259121 1.086879
v 8.618732 2.258732 1.087268
v 8.619122 2.259121 1.089000
v 8.619122 2.257000 1.086879
v 8.617001 2.257000 1.114000
v 8.620000 2.257000 1.111000
v 8.617001 2.260000 1.111000
v 8.619122 2.257000 1.113121
v 8.618732 2.258732 1.112732
v 8.619122 2.259121 1.111000
v 8.617001 2.259121 1.113121
v 8.323000 0.760879 1.086879
v 8.321268 0.761268 1.087268
v 8.321268 0.761268 1.087268
v 8.320879 0.763000 1.086879
v 8.320879 0.760879 1.089000
v 8.323000 0.760879 1.113121
v 8.321268 0.761268 1.112732
v 8.321268 0.761268 1.112732
v 8.320879 0.760879 1.111000
v 8.320879 0.763000 1.113121
v 8.320879 2.257000 1.086879
v 8.321268 2.258732 1.087268
v 8.321268 2.258732 1.087268
v 8.323000 2.259121 1.086879
v 8.320879 2.259121 1.089000
v 8.323000 2.259121 1.113121
v 8.321268 2.258732 1.112732
v 8.321268 2.258732 1.112732
v 8.320879 2.257000 1.113121
v 8.320879 2.259121 1.111000
v 8.619122 0.763000 1.086879
v 8.618732 0.761268 1.087268
v 8.618732 0.761268 1.087268
v 8.617001 0.760879 1.086879
v 8.619122 0.760879 1.089000
v 8.617001 0.760879 1.113121
v 8.618732 0.761268 1.112732
v 8.618732 0.761268 1.112732
v 8.619122 0.763000 1.113121
v 8.619122 0.760879 1.111000
v 8.617001 2.259121 1.086879
v 8.618732 2.258732 1.087268
v 8.618732 2.258732 1.087268
v 8.619122 2.257000 1.086879
v 8.619122 2.259121 1.089000
v 8.619122 2.257000 1.113121
v 8.618732 2.258732 1.112732
v 8.618732 2.258732 1.112732
v 8.617001 2.259121 1.113121
v 8.619122 2.259121 1.111000
s 0
f 1183 1189 1160 1154
f 1197 1203 1190 1182
f 1202 1174 1161 1188
f 1155 1162 1176 1168
f 1169 1175 1204 1196
f 1153 1209 1210 1212
f 1154 1213 1211 1156
f 1155 1159 1157 1158
f 1160 1214 1215 1217
f 1161 1218 1216 1163
f 1162 1166 1164 1165
f 1167 1219 1220 1222
f 1168 1223 1221 1170
f 1169 1173 1171 1172
f 1174 1224 1225 1227
f 1175 1228 1226 1177
f 1176 1180 1178 1179
f 1181 1229 1230 1232
f 1182 1233 1231 1184
f 1183 1187 1185 1186
f 1188 1234 1235 1237
f 1189 1238 1236 1191
f 1190 1194 1192 1193
f 1195 1239 1240 1242
f 1196 1243 1241 1198
f 1197 1201 1199 1200
f 1202 1244 1245 1247
f 1203 1248 1246 1205
f 1204 1208 1206 1207
f 1167 1153 1212 1219
f 1170 1159 1155 1168
f 1154 1160 1217 1213
f 1158 1166 1162 1155
f 1161 1174 1227 1218
f 1165 1180 1176 1162
f 1175 1169 1172 1228
f 1179 1223 1168 1176
f 1195 1167 1222 1239
f 1198 1173 1169 1196
f 1174 1202 1247 1224
f 1177 1208 1204 1175
f 1203 1197 1200 1248
f 1207 1243 1196 1204
f 1181 1195 1242 1229
f 1184 1201 1197 1182
f 1202 1188 1237 1244
f 1205 1194 1190 1203
f 1189 1183 1186 1238
f 1193 1233 1182 1190
f 1153 1181 1232 1209
f 1156 1187 1183 1154
f 1188 1161 1163 1234
f 1191 1214 1160 1189
f 1167 1195 1181 1153
o pantry_shelf_E_2
v 9.553000 0.763000 1.636000
v 9.553000 0.760000 1.639000
v 9.550000 0.763000 1.639000
v 9.553000 0.760879 1.636879
v 9.551269 0.761268 1.637268
v 9.550879 0.760879 1.639000
v 9.550879 0.763000 1.636879
v 9.553000 0.760000 1.661000
v 9.553000 0.763000 1.664000
v 9.550000 0.763000 1.661000
v 9.553000 0.760879 1.663121
v 9.551269 0.761268 1.662732
v 9.550879 0.763000 1.663121
v 9.550879 0.760879 1.661000
v 9.553000 2.257000 1.636000
v 9.550000 2.257000 1.639000
v 9.553000 2.260000 1.639000
v 9.550879 2.257000 1.636879
v 9.551269 2.258732 1.637268
v 9.550879 2.259121 1.639000
v 9.553000 2.259121 1.636879
v 9.553000 2.257000 1.664000
v 9.553000 2.260000 1.661000
v 9.550000 2.257000 1.661000
v 9.553000 2.259121 1.663121
v 9.551269 2.258732 1.662732
v 9.550879 2.259121 1.661000
v 9.550879 2.257000 1.663121
v 9.797000 0.763000 1.636000
v 9.800000 0.763000 1.639000
v 9.797000 0.760000 1.639000
v 9.799122 0.763000 1.636879
v 9.798732 0.761268 1.637268
v 9.799122 0.760879 1.639000
v 9.797000 0.760879 1.636879
v 9.797000 0.763000 1.664000
v 9.797000 0.760000 1.661000
v 9.800000 0.763000 1.661000
v 9.797000 0.760879 1.663121
v 9.798732 0.761268 1.662732
v 9.799122 0.760879 1.661000
v 9.799122 0.763000 1.663121
v 9.797000 2.257000 1.636000
v 9.797000 2.260000 1.639000
v 9.800000 2.257000 1.639000
v 9.797000 2.259121 1.636879
v 9.798732 2.258732 1.637268
v 9.799122 2.259121 1.639000
v 9.799122 2.257000 1.636879
v 9.797000 2.257000 1.664000
v 9.800000 2.257000 1.661000
v 9.797000 2.260000 1.661000
v 9.799122 2.257000 1.663121
v 9.798732 2.258732 1.662732
v 9.799122 2.259121 1.661000
v 9.797000 2.259121 1.663121
v 9.553000 0.760879 1.636879
v 9.551269 0.761268 1.637268
v 9.551269 0.761268 1.637268
v 9.550879 0.763000 1.636879
v 9.550879 0.760879 1.639000
v 9.553000 0.760879 1.663121
v 9.551269 0.761268 1.662732
v 9.551269 0.761268 1.662732
v 9.550879 0.760879 1.661000
v 9.550879 0.763000 1.663121
v 9.550879 2.257000 1.636879
v 9.551269 2.258732 1.637268
v 9.551269 2.258732 1.637268
v 9.553000 2.259121 1.636879
v 9.550879 2.259121 1.639000
v 9.553000 2.259121 1.663121
v 9.551269 2.258732 1.662732
v 9.551269 2.258732 1.662732
v 9.550879 2.257000 1.663121
v 9.550879 2.259121 1.661000
v 9.799122 0.763000 1.636879
v 9.798732 0.761268 1.637268
v 9.798732 0.761268 1.637268
v 9.797000 0.760879 1.636879
v 9.799122 0.760879 1.639000
v 9.797000 0.760879 1.663121
v 9.798732 0.761268 1.662732
v 9.798732 0.761268 1.662732
v 9.799122 0.763000 1.663121
v 9.799122 0.760879 1.661000
v 9.797000 2.259121 1.636879
v 9.798732 2.258732 1.637268
v 9.798732 2.258732 1.637268
v 9.799122 2.257000 1.636879
v 9.799122 2.259121 1.639000
v 9.799122 2.257000 1.663121
v 9.798732 2.258732 1.662732
v 9.798732 2.258732 1.662732
v 9.797000 2.259121 1.663121
v 9.799122 2.259121 1.661000
s 0
f 1279 1285 1256 1250
f 1293 1299 1286 1278
f 1298 1270 1257 1284
f 1251 1258 1272 1264
f 1265 1271 1300 1292
f 1249 1305 1306 1308
f 1250 1309 1307 1252
f 1251 1255 1253 1254
f 1256 1310 1311 1313
f 1257 1314 1312 1259
f 1258 1262 1260 1261
f 1263 1315 1316 1318
f 1264 1319 1317 1266
f 1265 1269 1267 1268
f 1270 1320 1321 1323
f 1271 1324 1322 1273
f 1272 1276 1274 1275
f 1277 1325 1326 1328
f 1278 1329 1327 1280
f 1279 1283 1281 1282
f 1284 1330 1331 1333
f 1285 1334 1332 1287
f 1286 1290 1288 1289
f 1291 1335 1336 1338
f 1292 1339 1337 1294
f 1293 1297 1295 1296
f 1298 1340 1341 1343
f 1299 1344 1342 1301
f 1300 1304 1302 1303
f 1263 1249 1308 1315
f 1266 1255 1251 1264
f 1250 1256 1313 1309
f 1254 1262 1258 1251
f 1257 1270 1323 1314
f 1261 1276 1272 1258
f 1271 1265 1268 1324
f 1275 1319 1264 1272
f 1291 1263 1318 1335
f 1294 1269 1265 1292
f 1270 1298 1343 1320
f 1273 1304 1300 1271
f 1299 1293 1296 1344
f 1303 1339 1292 1300
f 1277 1291 1338 1325
f 1280 1297 1293 1278
f 1298 1284 1333 1340
f 1301 1290 1286 1299
f 1285 1279 1282 1334
f 1289 1329 1278 1286
f 1249 1277 1328 1305
f 1252 1283 1279 1250
f 1284 1257 1259 1330
f 1287 1310 1256 1285
f 1263 1291 1277 1249
o pantry_shelf_W_2
v 8.323000 0.763000 1.636000
v 8.323000 0.760000 1.639000
v 8.320001 0.763000 1.639000
v 8.323000 0.760879 1.636879
v 8.321268 0.761268 1.637268
v 8.320879 0.760879 1.639000
v 8.320879 0.763000 1.636879
v 8.323000 0.760000 1.661000
v 8.323000 0.763000 1.664000
v 8.320001 0.763000 1.661000
v 8.323000 0.760879 1.663121
v 8.321268 0.761268 1.662732
v 8.320879 0.763000 1.663121
v 8.320879 0.760879 1.661000
v 8.323000 2.257000 1.636000
v 8.320001 2.257000 1.639000
v 8.323000 2.260000 1.639000
v 8.320879 2.257000 1.636879
v 8.321268 2.258732 1.637268
v 8.320879 2.259121 1.639000
v 8.323000 2.259121 1.636879
v 8.323000 2.257000 1.664000
v 8.323000 2.260000 1.661000
v 8.320001 2.257000 1.661000
v 8.323000 2.259121 1.663121
v 8.321268 2.258732 1.662732
v 8.320879 2.259121 1.661000
v 8.320879 2.257000 1.663121
v 8.617001 0.763000 1.636000
v 8.620000 0.763000 1.639000
v 8.617001 0.760000 1.639000
v 8.619122 0.763000 1.636879
v 8.618732 0.761268 1.637268
v 8.619122 0.760879 1.639000
v 8.617001 0.760879 1.636879
v 8.617001 0.763000 1.664000
v 8.617001 0.760000 1.661000
v 8.620000 0.763000 1.661000
v 8.617001 0.760879 1.663121
v 8.618732 0.761268 1.662732
v 8.619122 0.760879 1.661000
v 8.619122 0.763000 1.663121
v 8.617001 2.257000 1.636000
v 8.617001 2.260000 1.639000
v 8.620000 2.257000 1.639000
v 8.617001 2.259121 1.636879
v 8.618732 2.258732 1.637268
v 8.619122 2.259121 1.639000
v 8.619122 2.257000 1.636879
v 8.617001 2.257000 1.664000
v 8.620000 2.257000 1.661000
v 8.617001 2.260000 1.661000
v 8.619122 2.257000 1.663121
v 8.618732 2.258732 1.662732
v 8.619122 2.259121 1.661000
v 8.617001 2.259121 1.663121
v 8.323000 0.760879 1.636879
v 8.321268 0.761268 1.637268
v 8.321268 0.761268 1.637268
v 8.320879 0.763000 1.636879
v 8.320879 0.760879 1.639000
v 8.323000 0.760879 1.663121
v 8.321268 0.761268 1.662732
v 8.321268 0.761268 1.662732
v 8.320879 0.760879 1.661000
v 8.320879 0.763000 1.663121
v 8.320879 2.257000 1.636879
v 8.321268 2.258732 1.637268
v 8.321268 2.258732 1.637268
v 8.323000 2.259121 1.636879
v 8.320879 2.259121 1.639000
v 8.323000 2.259121 1.663121
v 8.321268 2.258732 1.662732
v 8.321268 2.258732 1.662732
v 8.320879 2.257000 1.663121
v 8.320879 2.259121 1.661000
v 8.619122 0.763000 1.636879
v 8.618732 0.761268 1.637268
v 8.618732 0.761268 1.637268
v 8.617001 0.760879 1.636879
v 8.619122 0.760879 1.639000
v 8.617001 0.760879 1.663121
v 8.618732 0.761268 1.662732
v 8.618732 0.761268 1.662732
v 8.619122 0.763000 1.663121
v 8.619122 0.760879 1.661000
v 8.617001 2.259121 1.636879
v 8.618732 2.258732 1.637268
v 8.618732 2.258732 1.637268
v 8.619122 2.257000 1.636879
v 8.619122 2.259121 1.639000
v 8.619122 2.257000 1.663121
v 8.618732 2.258732 1.662732
v 8.618732 2.258732 1.662732
v 8.617001 2.259121 1.663121
v 8.619122 2.259121 1.661000
s 0
f 1375 1381 1352 1346
f 1389 1395 1382 1374
f 1394 1366 1353 1380
f 1347 1354 1368 1360
f 1361 1367 1396 1388
f 1345 1401 1402 1404
f 1346 1405 1403 1348
f 1347 1351 1349 1350
f 1352 1406 1407 1409
f 1353 1410 1408 1355
f 1354 1358 1356 1357
f 1359 1411 1412 1414
f 1360 1415 1413 1362
f 1361 1365 1363 1364
f 1366 1416 1417 1419
f 1367 1420 1418 1369
f 1368 1372 1370 1371
f 1373 1421 1422 1424
f 1374 1425 1423 1376
f 1375 1379 1377 1378
f 1380 1426 1427 1429
f 1381 1430 1428 1383
f 1382 1386 1384 1385
f 1387 1431 1432 1434
f 1388 1435 1433 1390
f 1389 1393 1391 1392
f 1394 1436 1437 1439
f 1395 1440 1438 1397
f 1396 1400 1398 1399
f 1359 1345 1404 1411
f 1362 1351 1347 1360
f 1346 1352 1409 1405
f 1350 1358 1354 1347
f 1353 1366 1419 1410
f 1357 1372 1368 1354
f 1367 1361 1364 1420
f 1371 1415 1360 1368
f 1387 1359 1414 1431
f 1390 1365 1361 1388
f 1366 1394 1439 1416
f 1369 1400 1396 1367
f 1395 1389 1392 1440
f 1399 1435 1388 1396
f 1373 1387 1434 1421
f 1376 1393 1389 1374
f 1394 1380 1429 1436
f 1397 1386 1382 1395
f 1381 1375 1378 1430
f 1385 1425 1374 1382
f 1345 1373 1424 1401
f 1348 1379 1375 1346
f 1380 1353 1355 1426
f 1383 1406 1352 1381
f 1359 1387 1373 1345
o pantry_shelf_S_top
v 8.643001 1.943000 1.636000
v 8.643001 1.940000 1.639000
v 8.640000 1.943000 1.639000
v 8.643001 1.940879 1.636879
v 8.641269 1.941268 1.637268
v 8.640879 1.940879 1.639000
v 8.640879 1.943000 1.636879
v 8.643001 1.940000 1.661000
v 8.643001 1.943000 1.664000
v 8.640000 1.943000 1.661000
v 8.643001 1.940879 1.663121
v 8.641269 1.941268 1.662732
v 8.640879 1.943000 1.663121
v 8.640879 1.940879 1.661000
v 8.643001 2.237000 1.636000
v 8.640000 2.237000 1.639000
v 8.643001 2.240000 1.639000
v 8.640879 2.237000 1.636879
v 8.641269 2.238732 1.637268
v 8.640879 2.239121 1.639000
v 8.643001 2.239121 1.636879
v 8.643001 2.237000 1.664000
v 8.643001 2.240000 1.661000
v 8.640000 2.237000 1.661000
v 8.643001 2.239121 1.663121
v 8.641269 2.238732 1.662732
v 8.640879 2.239121 1.661000
v 8.640879 2.237000 1.663121
v 9.477000 1.943000 1.636000
v 9.480000 1.943000 1.639000
v 9.477000 1.940000 1.639000
v 9.479122 1.943000 1.636879
v 9.478732 1.941268 1.637268
v 9.479122 1.940879 1.639000
v 9.477000 1.940879 1.636879
v 9.477000 1.943000 1.664000
v 9.477000 1.940000 1.661000
v 9.480000 1.943000 1.661000
v 9.477000 1.940879 1.663121
v 9.478732 1.941268 1.662732
v 9.479122 1.940879 1.661000
v 9.479122 1.943000 1.663121
v 9.477000 2.237000 1.636000
v 9.477000 2.240000 1.639000
v 9.480000 2.237000 1.639000
v 9.477000 2.239121 1.636879
v 9.478732 2.238732 1.637268
v 9.479122 2.239121 1.639000
v 9.479122 2.237000 1.636879
v 9.477000 2.237000 1.664000
v 9.480000 2.237000 1.661000
v 9.477000 2.240000 1.661000
v 9.479122 2.237000 1.663121
v 9.478732 2.238732 1.662732
v 9.479122 2.239121 1.661000
v 9.477000 2.239121 1.663121
v 8.643001 1.940879 1.636879
v 8.641269 1.941268 1.637268
v 8.641269 1.941268 1.637268
v 8.640879 1.943000 1.636879
v 8.640879 1.940879 1.639000
v 8.643001 1.940879 1.663121
v 8.641269 1.941268 1.662732
v 8.641269 1.941268 1.662732
v 8.640879 1.940879 1.661000
v 8.640879 1.943000 1.663121
v 8.640879 2.237000 1.636879
v 8.641269 2.238732 1.637268
v 8.641269 2.238732 1.637268
v 8.643001 2.239121 1.636879
v 8.640879 2.239121 1.639000
v 8.643001 2.239121 1.663121
v 8.641269 2.238732 1.662732
v 8.641269 2.238732 1.662732
v 8.640879 2.237000 1.663121
v 8.640879 2.239121 1.661000
v 9.479122 1.943000 1.636879
v 9.478732 1.941268 1.637268
v 9.478732 1.941268 1.637268
v 9.477000 1.940879 1.636879
v 9.479122 1.940879 1.639000
v 9.477000 1.940879 1.663121
v 9.478732 1.941268 1.662732
v 9.478732 1.941268 1.662732
v 9.479122 1.943000 1.663121
v 9.479122 1.940879 1.661000
v 9.477000 2.239121 1.636879
v 9.478732 2.238732 1.637268
v 9.478732 2.238732 1.637268
v 9.479122 2.237000 1.636879
v 9.479122 2.239121 1.639000
v 9.479122 2.237000 1.663121
v 9.478732 2.238732 1.662732
v 9.478732 2.238732 1.662732
v 9.477000 2.239121 1.663121
v 9.479122 2.239121 1.661000
s 0
f 1471 1477 1448 1442
f 1485 1491 1478 1470
f 1490 1462 1449 1476
f 1443 1450 1464 1456
f 1457 1463 1492 1484
f 1441 1497 1498 1500
f 1442 1501 1499 1444
f 1443 1447 1445 1446
f 1448 1502 1503 1505
f 1449 1506 1504 1451
f 1450 1454 1452 1453
f 1455 1507 1508 1510
f 1456 1511 1509 1458
f 1457 1461 1459 1460
f 1462 1512 1513 1515
f 1463 1516 1514 1465
f 1464 1468 1466 1467
f 1469 1517 1518 1520
f 1470 1521 1519 1472
f 1471 1475 1473 1474
f 1476 1522 1523 1525
f 1477 1526 1524 1479
f 1478 1482 1480 1481
f 1483 1527 1528 1530
f 1484 1531 1529 1486
f 1485 1489 1487 1488
f 1490 1532 1533 1535
f 1491 1536 1534 1493
f 1492 1496 1494 1495
f 1455 1441 1500 1507
f 1458 1447 1443 1456
f 1442 1448 1505 1501
f 1446 1454 1450 1443
f 1449 1462 1515 1506
f 1453 1468 1464 1450
f 1463 1457 1460 1516
f 1467 1511 1456 1464
f 1483 1455 1510 1527
f 1486 1461 1457 1484
f 1462 1490 1535 1512
f 1465 1496 1492 1463
f 1491 1485 1488 1536
f 1495 1531 1484 1492
f 1469 1483 1530 1517
f 1472 1489 1485 1470
f 1490 1476 1525 1532
f 1493 1482 1478 1491
f 1477 1471 1474 1526
f 1481 1521 1470 1478
f 1441 1469 1520 1497
f 1444 1475 1471 1442
f 1476 1449 1451 1522
f 1479 1502 1448 1477
f 1455 1483 1469 1441
o pantry_divider_E_0
v 9.512000 1.044500 1.100000
v 9.512000 1.042500 1.102000
v 9.509999 1.044500 1.102000
v 9.511999 1.043086 1.100586
v 9.510845 1.043345 1.100845
v 9.510586 1.043086 1.102000
v 9.510586 1.044500 1.100586
v 9.512000 1.042500 1.648000
v 9.512000 1.044500 1.650000
v 9.509999 1.044500 1.648000
v 9.511999 1.043086 1.649414
v 9.510845 1.043345 1.649155
v 9.510586 1.044500 1.649414
v 9.510586 1.043086 1.648000
v 9.512000 1.055500 1.100000
v 9.509999 1.055500 1.102000
v 9.512000 1.057500 1.102000
v 9.510586 1.055500 1.100586
v 9.510845 1.056655 1.100845
v 9.510586 1.056914 1.102000
v 9.511999 1.056914 1.100586
v 9.512000 1.055500 1.650000
v 9.512000 1.057500 1.648000
v 9.509999 1.055500 1.648000
v 9.511999 1.056914 1.649414
v 9.510845 1.056655 1.649155
v 9.510586 1.056914 1.648000
v 9.510586 1.055500 1.649414
v 9.787999 1.044500 1.100000
v 9.790000 1.044500 1.102000
v 9.787999 1.042500 1.102000
v 9.789413 1.044500 1.100586
v 9.789154 1.043345 1.100845
v 9.789413 1.043086 1.102000
v 9.788000 1.043086 1.100586
v 9.787999 1.044500 1.650000
v 9.787999 1.042500 1.648000
v 9.790000 1.044500 1.648000
v 9.788000 1.043086 1.649414
v 9.789154 1.043345 1.649155
v 9.789413 1.043086 1.648000
v 9.789413 1.044500 1.649414
v 9.787999 1.055500 1.100000
v 9.787999 1.057500 1.102000
v 9.790000 1.055500 1.102000
v 9.788000 1.056914 1.100586
v 9.789154 1.056655 1.100845
v 9.789413 1.056914 1.102000
v 9.789413 1.055500 1.100586
v 9.787999 1.055500 1.650000
v 9.790000 1.055500 1.648000
v 9.787999 1.057500 1.648000
v 9.789413 1.055500 1.649414
v 9.789154 1.056655 1.649155
v 9.789413 1.056914 1.648000
v 9.788000 1.056914 1.649414
v 9.511999 1.043086 1.100586
v 9.510845 1.043345 1.100845
v 9.510845 1.043345 1.100845
v 9.510586 1.044500 1.100586
v 9.510586 1.043086 1.102000
v 9.511999 1.043086 1.649414
v 9.510845 1.043345 1.649155
v 9.510845 1.043345 1.649155
v 9.510586 1.043086 1.648000
v 9.510586 1.044500 1.649414
v 9.510586 1.055500 1.100586
v 9.510845 1.056655 1.100845
v 9.510845 1.056655 1.100845
v 9.511999 1.056914 1.100586
v 9.510586 1.056914 1.102000
v 9.511999 1.056914 1.649414
v 9.510845 1.056655 1.649155
v 9.510845 1.056655 1.649155
v 9.510586 1.055500 1.649414
v 9.510586 1.056914 1.648000
v 9.789413 1.044500 1.100586
v 9.789154 1.043345 1.100845
v 9.789154 1.043345 1.100845
v 9.788000 1.043086 1.100586
v 9.789413 1.043086 1.102000
v 9.788000 1.043086 1.649414
v 9.789154 1.043345 1.649155
v 9.789154 1.043345 1.649155
v 9.789413 1.044500 1.649414
v 9.789413 1.043086 1.648000
v 9.788000 1.056914 1.100586
v 9.789154 1.056655 1.100845
v 9.789154 1.056655 1.100845
v 9.789413 1.055500 1.100586
v 9.789413 1.056914 1.102000
v 9.789413 1.055500 1.649414
v 9.789154 1.056655 1.649155
v 9.789154 1.056655 1.649155
v 9.788000 1.056914 1.649414
v 9.789413 1.056914 1.648000
s 0
f 1567 1573 1544 1538
f 1581 1587 1574 1566
f 1586 1558 1545 1572
f 1539 1546 1560 1552
f 1553 1559 1588 1580
f 1537 1593 1594 1596
f 1538 1597 1595 1540
f 1539 1543 1541 1542
f 1544 1598 1599 1601
f 1545 1602 1600 1547
f 1546 1550 1548 1549
f 1551 1603 1604 1606
f 1552 1607 1605 1554
f 1553 1557 1555 1556
f 1558 1608 1609 1611
f 1559 1612 1610 1561
f 1560 1564 1562 1563
f 1565 1613 1614 1616
f 1566 1617 1615 1568
f 1567 1571 1569 1570
f 1572 1618 1619 1621
f 1573 1622 1620 1575
f 1574 1578 1576 1577
f 1579 1623 1624 1626
f 1580 1627 1625 1582
f 1581 1585 1583 1584
f 1586 1628 1629 1631
f 1587 1632 1630 1589
f 1588 1592 1590 1591
f 1551 1537 1596 1603
f 1554 1543 1539 1552
f 1538 1544 1601 1597
f 1542 1550 1546 1539
f 1545 1558 1611 1602
f 1549 1564 1560 1546
f 1559 1553 1556 1612
f 1563 1607 1552 1560
f 1579 1551 1606 1623
f 1582 1557 1553 1580
f 1558 1586 1631 1608
f 1561 1592 1588 1559
f 1587 1581 1584 1632
f 1591 1627 1580 1588
f 1565 1579 1626 1613
f 1568 1585 1581 1566
f 1586 1572 1621 1628
f 1589 1578 1574 1587
f 1573 1567 1570 1622
f 1577 1617 1566 1574
f 1537 1565 1616 1593
f 1540 1571 1567 1538
f 1572 1545 1547 1618
f 1575 1598 1544 1573
f 1551 1579 1565 1537
o pantry_divider_E_1
v 9.512000 1.544500 1.100000
v 9.512000 1.542500 1.102000
v 9.509999 1.544500 1.102000
v 9.511999 1.543086 1.100586
v 9.510845 1.543345 1.100845
v 9.510586 1.543086 1.102000
v 9.510586 1.544500 1.100586
v 9.512000 1.542500 1.648000
v 9.512000 1.544500 1.650000
v 9.509999 1.544500 1.648000
v 9.511999 1.543086 1.649414
v 9.510845 1.543345 1.649155
v 9.510586 1.544500 1.649414
v 9.510586 1.543086 1.648000
v 9.512000 1.555500 1.100000
v 9.509999 1.555500 1.102000
v 9.512000 1.557500 1.102000
v 9.510586 1.555500 1.100586
v 9.510845 1.556655 1.100845
v 9.510586 1.556914 1.102000
v 9.511999 1.556914 1.100586
v 9.512000 1.555500 1.650000
v 9.512000 1.557500 1.648000
v 9.509999 1.555500 1.648000
v 9.511999 1.556914 1.649414
v 9.510845 1.556655 1.649155
v 9.510586 1.556914 1.648000
v 9.510586 1.555500 1.649414
v 9.787999 1.544500 1.100000
v 9.790000 1.544500 1.102000
v 9.787999 1.542500 1.102000
v 9.789413 1.544500 1.100586
v 9.789154 1.543345 1.100845
v 9.789413 1.543086 1.102000
v 9.788000 1.543086 1.100586
v 9.787999 1.544500 1.650000
v 9.787999 1.542500 1.648000
v 9.790000 1.544500 1.648000
v 9.788000 1.543086 1.649414
v 9.789154 1.543345 1.649155
v 9.789413 1.543086 1.648000
v 9.789413 1.544500 1.649414
v 9.787999 1.555500 1.100000
v 9.787999 1.557500 1.102000
v 9.790000 1.555500 1.102000
v 9.788000 1.556914 1.100586
v 9.789154 1.556655 1.100845
v 9.789413 1.556914 1.102000
v 9.789413 1.555500 1.100586
v 9.787999 1.555500 1.650000
v 9.790000 1.555500 1.648000
v 9.787999 1.557500 1.648000
v 9.789413 1.555500 1.649414
v 9.789154 1.556655 1.649155
v 9.789413 1.556914 1.648000
v 9.788000 1.556914 1.649414
v 9.511999 1.543086 1.100586
v 9.510845 1.543345 1.100845
v 9.510845 1.543345 1.100845
v 9.510586 1.544500 1.100586
v 9.510586 1.543086 1.102000
v 9.511999 1.543086 1.649414
v 9.510845 1.543345 1.649155
v 9.510845 1.543345 1.649155
v 9.510586 1.543086 1.648000
v 9.510586 1.544500 1.649414
v 9.510586 1.555500 1.100586
v 9.510845 1.556655 1.100845
v 9.510845 1.556655 1.100845
v 9.511999 1.556914 1.100586
v 9.510586 1.556914 1.102000
v 9.511999 1.556914 1.649414
v 9.510845 1.556655 1.649155
v 9.510845 1.556655 1.649155
v 9.510586 1.555500 1.649414
v 9.510586 1.556914 1.648000
v 9.789413 1.544500 1.100586
v 9.789154 1.543345 1.100845
v 9.789154 1.543345 1.100845
v 9.788000 1.543086 1.100586
v 9.789413 1.543086 1.102000
v 9.788000 1.543086 1.649414
v 9.789154 1.543345 1.649155
v 9.789154 1.543345 1.649155
v 9.789413 1.544500 1.649414
v 9.789413 1.543086 1.648000
v 9.788000 1.556914 1.100586
v 9.789154 1.556655 1.100845
v 9.789154 1.556655 1.100845
v 9.789413 1.555500 1.100586
v 9.789413 1.556914 1.102000
v 9.789413 1.555500 1.649414
v 9.789154 1.556655 1.649155
v 9.789154 1.556655 1.649155
v 9.788000 1.556914 1.649414
v 9.789413 1.556914 1.648000
s 0
f 1663 1669 1640 1634
f 1677 1683 1670 1662
f 1682 1654 1641 1668
f 1635 1642 1656 1648
f 1649 1655 1684 1676
f 1633 1689 1690 1692
f 1634 1693 1691 1636
f 1635 1639 1637 1638
f 1640 1694 1695 1697
f 1641 1698 1696 1643
f 1642 1646 1644 1645
f 1647 1699 1700 1702
f 1648 1703 1701 1650
f 1649 1653 1651 1652
f 1654 1704 1705 1707
f 1655 1708 1706 1657
f 1656 1660 1658 1659
f 1661 1709 1710 1712
f 1662 1713 1711 1664
f 1663 1667 1665 1666
f 1668 1714 1715 1717
f 1669 1718 1716 1671
f 1670 1674 1672 1673
f 1675 1719 1720 1722
f 1676 1723 1721 1678
f 1677 1681 1679 1680
f 1682 1724 1725 1727
f 1683 1728 1726 1685
f 1684 1688 1686 1687
f 1647 1633 1692 1699
f 1650 1639 1635 1648
f 1634 1640 1697 1693
f 1638 1646 1642 1635
f 1641 1654 1707 1698
f 1645 1660 1656 1642
f 1655 1649 1652 1708
f 1659 1703 1648 1656
f 1675 1647 1702 1719
f 1678 1653 1649 1676
f 1654 1682 1727 1704
f 1657 1688 1684 1655
f 1683 1677 1680 1728
f 1687 1723 1676 1684
f 1661 1675 1722 1709
f 1664 1681 1677 1662
f 1682 1668 1717 1724
f 1685 1674 1670 1683
f 1669 1663 1666 1718
f 1673 1713 1662 1670
f 1633 1661 1712 1689
f 1636 1667 1663 1634
f 1668 1641 1643 1714
f 1671 1694 1640 1669
f 1647 1675 1661 1633
o sideboard_top.001
v 5.388000 0.015500 0.767500
v 5.388000 0.012500 0.770500
v 5.385000 0.015500 0.770500
v 5.388000 0.013379 0.768379
v 5.386268 0.013768 0.768768
v 5.385879 0.013379 0.770500
v 5.385879 0.015500 0.768379
v 5.388000 0.012500 0.789500
v 5.388000 0.015500 0.792500
v 5.385000 0.015500 0.789500
v 5.388000 0.013379 0.791621
v 5.386268 0.013768 0.791232
v 5.385879 0.015500 0.791621
v 5.385879 0.013379 0.789500
v 5.388000 0.454500 0.767500
v 5.385000 0.454500 0.770500
v 5.388000 0.457500 0.770500
v 5.385879 0.454500 0.768379
v 5.386268 0.456232 0.768768
v 5.385879 0.456621 0.770500
v 5.388000 0.456621 0.768379
v 5.388000 0.454500 0.792500
v 5.388000 0.457500 0.789500
v 5.385000 0.454500 0.789500
v 5.388000 0.456621 0.791621
v 5.386268 0.456232 0.791232
v 5.385879 0.456621 0.789500
v 5.385879 0.454500 0.791621
v 7.412000 0.015500 0.767500
v 7.415000 0.015500 0.770500
v 7.412000 0.012500 0.770500
v 7.414122 0.015500 0.768379
v 7.413733 0.013768 0.768768
v 7.414122 0.013379 0.770500
v 7.412000 0.013379 0.768379
v 7.412000 0.015500 0.792500
v 7.412000 0.012500 0.789500
v 7.415000 0.015500 0.789500
v 7.412000 0.013379 0.791621
v 7.413733 0.013768 0.791232
v 7.414122 0.013379 0.789500
v 7.414122 0.015500 0.791621
v 7.412000 0.454500 0.767500
v 7.412000 0.457500 0.770500
v 7.415000 0.454500 0.770500
v 7.412000 0.456621 0.768379
v 7.413733 0.456232 0.768768
v 7.414122 0.456621 0.770500
v 7.414122 0.454500 0.768379
v 7.412000 0.454500 0.792500
v 7.415000 0.454500 0.789500
v 7.412000 0.457500 0.789500
v 7.414122 0.454500 0.791621
v 7.413733 0.456232 0.791232
v 7.414122 0.456621 0.789500
v 7.412000 0.456621 0.791621
v 5.388000 0.013379 0.768379
v 5.386268 0.013768 0.768768
v 5.386268 0.013768 0.768768
v 5.385879 0.015500 0.768379
v 5.385879 0.013379 0.770500
v 5.388000 0.013379 0.791621
v 5.386268 0.013768 0.791232
v 5.386268 0.013768 0.791232
v 5.385879 0.013379 0.789500
v 5.385879 0.015500 0.791621
v 5.385879 0.454500 0.768379
v 5.386268 0.456232 0.768768
v 5.386268 0.456232 0.768768
v 5.388000 0.456621 0.768379
v 5.385879 0.456621 0.770500
v 5.388000 0.456621 0.791621
v 5.386268 0.456232 0.791232
v 5.386268 0.456232 0.791232
v 5.385879 0.454500 0.791621
v 5.385879 0.456621 0.789500
v 7.414122 0.015500 0.768379
v 7.413733 0.013768 0.768768
v 7.413733 0.013768 0.768768
v 7.412000 0.013379 0.768379
v 7.414122 0.013379 0.770500
v 7.412000 0.013379 0.791621
v 7.413733 0.013768 0.791232
v 7.413733 0.013768 0.791232
v 7.414122 0.015500 0.791621
v 7.414122 0.013379 0.789500
v 7.412000 0.456621 0.768379
v 7.413733 0.456232 0.768768
v 7.413733 0.456232 0.768768
v 7.414122 0.454500 0.768379
v 7.414122 0.456621 0.770500
v 7.414122 0.454500 0.791621
v 7.413733 0.456232 0.791232
v 7.413733 0.456232 0.791232
v 7.412000 0.456621 0.791621
v 7.414122 0.456621 0.789500
s 0
f 1759 1765 1736 1730
f 1773 1779 1766 1758
f 1778 1750 1737 1764
f 1731 1738 1752 1744
f 1745 1751 1780 1772
f 1729 1785 1786 1788
f 1730 1789 1787 1732
f 1731 1735 1733 1734
f 1736 1790 1791 1793
f 1737 1794 1792 1739
f 1738 1742 1740 1741
f 1743 1795 1796 1798
f 1744 1799 1797 1746
f 1745 1749 1747 1748
f 1750 1800 1801 1803
f 1751 1804 1802 1753
f 1752 1756 1754 1755
f 1757 1805 1806 1808
f 1758 1809 1807 1760
f 1759 1763 1761 1762
f 1764 1810 1811 1813
f 1765 1814 1812 1767
f 1766 1770 1768 1769
f 1771 1815 1816 1818
f 1772 1819 1817 1774
f 1773 1777 1775 1776
f 1778 1820 1821 1823
f 1779 1824 1822 1781
f 1780 1784 1782 1783
f 1743 1729 1788 1795
f 1746 1735 1731 1744
f 1730 1736 1793 1789
f 1734 1742 1738 1731
f 1737 1750 1803 1794
f 1741 1756 1752 1738
f 1751 1745 1748 1804
f 1755 1799 1744 1752
f 1771 1743 1798 1815
f 1774 1749 1745 1772
f 1750 1778 1823 1800
f 1753 1784 1780 1751
f 1779 1773 1776 1824
f 1783 1819 1772 1780
f 1757 1771 1818 1805
f 1760 1777 1773 1758
f 1778 1764 1813 1820
f 1781 1770 1766 1779
f 1765 1759 1762 1814
f 1769 1809 1758 1766
f 1729 1757 1808 1785
f 1732 1763 1759 1730
f 1764 1737 1739 1810
f 1767 1790 1736 1765
f 1743 1771 1757 1729
o sideboard_door_0
v 5.405000 0.452000 0.110000
v 5.405000 0.450000 0.112000
v 5.403000 0.452000 0.112000
v 5.405000 0.450586 0.110586
v 5.403845 0.450845 0.110845
v 5.403585 0.450586 0.112000
v 5.403585 0.452000 0.110586
v 5.405000 0.450000 0.728000
v 5.405000 0.452000 0.730000
v 5.403000 0.452000 0.728000
v 5.405000 0.450586 0.729414
v 5.403845 0.450845 0.729155
v 5.403585 0.452000 0.729414
v 5.403585 0.450586 0.728000
v 5.405000 0.467000 0.110000
v 5.403000 0.467000 0.112000
v 5.405000 0.469000 0.112000
v 5.403585 0.467000 0.110586
v 5.403845 0.468155 0.110845
v 5.403585 0.468414 0.112000
v 5.405000 0.468414 0.110586
v 5.405000 0.467000 0.730000
v 5.405000 0.469000 0.728000
v 5.403000 0.467000 0.728000
v 5.405000 0.468414 0.729414
v 5.403845 0.468155 0.729155
v 5.403585 0.468414 0.728000
v 5.403585 0.467000 0.729414
v 6.061666 0.452000 0.110000
v 6.063666 0.452000 0.112000
v 6.061666 0.450000 0.112000
v 6.063081 0.452000 0.110586
v 6.062821 0.450845 0.110845
v 6.063081 0.450586 0.112000
v 6.061666 0.450586 0.110586
v 6.061666 0.452000 0.730000
v 6.061666 0.450000 0.728000
v 6.063666 0.452000 0.728000
v 6.061666 0.450586 0.729414
v 6.062821 0.450845 0.729155
v 6.063081 0.450586 0.728000
v 6.063081 0.452000 0.729414
v 6.061666 0.467000 0.110000
v 6.061666 0.469000 0.112000
v 6.063666 0.467000 0.112000
v 6.061666 0.468414 0.110586
v 6.062821 0.468155 0.110845
v 6.063081 0.468414 0.112000
v 6.063081 0.467000 0.110586
v 6.061666 0.467000 0.730000
v 6.063666 0.467000 0.728000
v 6.061666 0.469000 0.728000
v 6.063081 0.467000 0.729414
v 6.062821 0.468155 0.729155
v 6.063081 0.468414 0.728000
v 6.061666 0.468414 0.729414
v 5.405000 0.450586 0.110586
v 5.403845 0.450845 0.110845
v 5.403845 0.450845 0.110845
v 5.403585 0.452000 0.110586
v 5.403585 0.450586 0.112000
v 5.405000 0.450586 0.729414
v 5.403845 0.450845 0.729155
v 5.403845 0.450845 0.729155
v 5.403585 0.450586 0.728000
v 5.403585 0.452000 0.729414
v 5.403585 0.467000 0.110586
v 5.403845 0.468155 0.110845
v 5.403845 0.468155 0.110845
v 5.405000 0.468414 0.110586
v 5.403585 0.468414 0.112000
v 5.405000 0.468414 0.729414
v 5.403845 0.468155 0.729155
v 5.403845 0.468155 0.729155
v 5.403585 0.467000 0.729414
v 5.403585 0.468414 0.728000
v 6.063081 0.452000 0.110586
v 6.062821 0.450845 0.110845
v 6.062821 0.450845 0.110845
v 6.061666 0.450586 0.110586
v 6.063081 0.450586 0.112000
v 6.061666 0.450586 0.729414
v 6.062821 0.450845 0.729155
v 6.062821 0.450845 0.729155
v 6.063081 0.452000 0.729414
v 6.063081 0.450586 0.728000
v 6.061666 0.468414 0.110586
v 6.062821 0.468155 0.110845
v 6.062821 0.468155 0.110845
v 6.063081 0.467000 0.110586
v 6.063081 0.468414 0.112000
v 6.063081 0.467000 0.729414
v 6.062821 0.468155 0.729155
v 6.062821 0.468155 0.729155
v 6.061666 0.468414 0.729414
v 6.063081 0.468414 0.728000
s 0
f 1855 1861 1832 1826
f 1869 1875 1862 1854
f 1874 1846 1833 1860
f 1827 1834 1848 1840
f 1841 1847 1876 1868
f 1825 1881 1882 1884
f 1826 1885 1883 1828
f 1827 1831 1829 1830
f 1832 1886 1887 1889
f 1833 1890 1888 1835
f 1834 1838 1836 1837
f 1839 1891 1892 1894
f 1840 1895 1893 1842
f 1841 1845 1843 1844
f 1846 1896 1897 1899
f 1847 1900 1898 1849
f 1848 1852 1850 1851
f 1853 1901 1902 1904
f 1854 1905 1903 1856
f 1855 1859 1857 1858
f 1860 1906 1907 1909
f 1861 1910 1908 1863
f 1862 1866 1864 1865
f 1867 1911 1912 1914
f 1868 1915 1913 1870
f 1869 1873 1871 1872
f 1874 1916 1917 1919
f 1875 1920 1918 1877
f 1876 1880 1878 1879
f 1839 1825 1884 1891
f 1842 1831 1827 1840
f 1826 1832 1889 1885
f 1830 1838 1834 1827
f 1833 1846 1899 1890
f 1837 1852 1848 1834
f 1847 1841 1844 1900
f 1851 1895 1840 1848
f 1867 1839 1894 1911
f 1870 1845 1841 1868
f 1846 1874 1919 1896
f 1849 1880 1876 1847
f 1875 1869 1872 1920
f 1879 1915 1868 1876
f 1853 1867 1914 1901
f 1856 1873 1869 1854
f 1874 1860 1909 1916
f 1877 1866 1862 1875
f 1861 1855 1858 1910
f 1865 1905 1854 1862
f 1825 1853 1904 1881
f 1828 1859 1855 1826
f 1860 1833 1835 1906
f 1863 1886 1832 1861
f 1839 1867 1853 1825
o sideboard_door_1
v 6.071667 0.452000 0.110000
v 6.071667 0.450000 0.112000
v 6.069667 0.452000 0.112000
v 6.071667 0.450586 0.110586
v 6.070512 0.450845 0.110845
v 6.070252 0.450586 0.112000
v 6.070252 0.452000 0.110586
v 6.071667 0.450000 0.728000
v 6.071667 0.452000 0.730000
v 6.069667 0.452000 0.728000
v 6.071667 0.450586 0.729414
v 6.070512 0.450845 0.729155
v 6.070252 0.452000 0.729414
v 6.070252 0.450586 0.728000
v 6.071667 0.467000 0.110000
v 6.069667 0.467000 0.112000
v 6.071667 0.469000 0.112000
v 6.070252 0.467000 0.110586
v 6.070512 0.468155 0.110845
v 6.070252 0.468414 0.112000
v 6.071667 0.468414 0.110586
v 6.071667 0.467000 0.730000
v 6.071667 0.469000 0.728000
v 6.069667 0.467000 0.728000
v 6.071667 0.468414 0.729414
v 6.070512 0.468155 0.729155
v 6.070252 0.468414 0.728000
v 6.070252 0.467000 0.729414
v 6.728333 0.452000 0.110000
v 6.730333 0.452000 0.112000
v 6.728333 0.450000 0.112000
v 6.729748 0.452000 0.110586
v 6.729488 0.450845 0.110845
v 6.729748 0.450586 0.112000
v 6.728333 0.450586 0.110586
v 6.728333 0.452000 0.730000
v 6.728333 0.450000 0.728000
v 6.730333 0.452000 0.728000
v 6.728333 0.450586 0.729414
v 6.729488 0.450845 0.729155
v 6.729748 0.450586 0.728000
v 6.729748 0.452000 0.729414
v 6.728333 0.467000 0.110000
v 6.728333 0.469000 0.112000
v 6.730333 0.467000 0.112000
v 6.728333 0.468414 0.110586
v 6.729488 0.468155 0.110845
v 6.729748 0.468414 0.112000
v 6.729748 0.467000 0.110586
v 6.728333 0.467000 0.730000
v 6.730333 0.467000 0.728000
v 6.728333 0.469000 0.728000
v 6.729748 0.467000 0.729414
v 6.729488 0.468155 0.729155
v 6.729748 0.468414 0.728000
v 6.728333 0.468414 0.729414
v 6.071667 0.450586 0.110586
v 6.070512 0.450845 0.110845
v 6.070512 0.450845 0.110845
v 6.070252 0.452000 0.110586
v 6.070252 0.450586 0.112000
v 6.071667 0.450586 0.729414
v 6.070512 0.450845 0.729155
v 6.070512 0.450845 0.729155
v 6.070252 0.450586 0.728000
v 6.070252 0.452000 0.729414
v 6.070252 0.467000 0.110586
v 6.070512 0.468155 0.110845
v 6.070512 0.468155 0.110845
v 6.071667 0.468414 0.110586
v 6.070252 0.468414 0.112000
v 6.071667 0.468414 0.729414
v 6.070512 0.468155 0.729155
v 6.070512 0.468155 0.729155
v 6.070252 0.467000 0.729414
v 6.070252 0.468414 0.728000
v 6.729748 0.452000 0.110586
v 6.729488 0.450845 0.110845
v 6.729488 0.450845 0.110845
v 6.728333 0.450586 0.110586
v 6.729748 0.450586 0.112000
v 6.728333 0.450586 0.729414
v 6.729488 0.450845 0.729155
v 6.729488 0.450845 0.729155
v 6.729748 0.452000 0.729414
v 6.729748 0.450586 0.728000
v 6.728333 0.468414 0.110586
v 6.729488 0.468155 0.110845
v 6.729488 0.468155 0.110845
v 6.729748 0.467000 0.110586
v 6.729748 0.468414 0.112000
v 6.729748 0.467000 0.729414
v 6.729488 0.468155 0.729155
v 6.729488 0.468155 0.729155
v 6.728333 0.468414 0.729414
v 6.729748 0.468414 0.728000
s 0
f 1951 1957 1928 1922
f 1965 1971 1958 1950
f 1970 1942 1929 1956
f 1923 1930 1944 1936
f 1937 1943 1972 1964
f 1921 1977 1978 1980
f 1922 1981 1979 1924
f 1923 1927 1925 1926
f 1928 1982 1983 1985
f 1929 1986 1984 1931
f 1930 1934 1932 1933
f 1935 1987 1988 1990
f 1936 1991 1989 1938
f 1937 1941 1939 1940
f 1942 1992 1993 1995
f 1943 1996 1994 1945
f 1944 1948 1946 1947
f 1949 1997 1998 2000
f 1950 2001 1999 1952
f 1951 1955 1953 1954
f 1956 2002 2003 2005
f 1957 2006 2004 1959
f 1958 1962 1960 1961
f 1963 2007 2008 2010
f 1964 2011 2009 1966
f 1965 1969 1967 1968
f 1970 2012 2013 2015
f 1971 2016 2014 1973
f 1972 1976 1974 1975
f 1935 1921 1980 1987
f 1938 1927 1923 1936
f 1922 1928 1985 1981
f 1926 1934 1930 1923
f 1929 1942 1995 1986
f 1933 1948 1944 1930
f 1943 1937 1940 1996
f 1947 1991 1936 1944
f 1963 1935 1990 2007
f 1966 1941 1937 1964
f 1942 1970 2015 1992
f 1945 1976 1972 1943
f 1971 1965 1968 2016
f 1975 2011 1964 1972
f 1949 1963 2010 1997
f 1952 1969 1965 1950
f 1970 1956 2005 2012
f 1973 1962 1958 1971
f 1957 1951 1954 2006
f 1961 2001 1950 1958
f 1921 1949 2000 1977
f 1924 1955 1951 1922
f 1956 1929 1931 2002
f 1959 1982 1928 1957
f 1935 1963 1949 1921
o sideboard_door_2
v 6.738333 0.452000 0.110000
v 6.738333 0.450000 0.112000
v 6.736333 0.452000 0.112000
v 6.738333 0.450586 0.110586
v 6.737179 0.450845 0.110845
v 6.736919 0.450586 0.112000
v 6.736919 0.452000 0.110586
v 6.738333 0.450000 0.728000
v 6.738333 0.452000 0.730000
v 6.736333 0.452000 0.728000
v 6.738333 0.450586 0.729414
v 6.737179 0.450845 0.729155
v 6.736919 0.452000 0.729414
v 6.736919 0.450586 0.728000
v 6.738333 0.467000 0.110000
v 6.736333 0.467000 0.112000
v 6.738333 0.469000 0.112000
v 6.736919 0.467000 0.110586
v 6.737179 0.468155 0.110845
v 6.736919 0.468414 0.112000
v 6.738333 0.468414 0.110586
v 6.738333 0.467000 0.730000
v 6.738333 0.469000 0.728000
v 6.736333 0.467000 0.728000
v 6.738333 0.468414 0.729414
v 6.737179 0.468155 0.729155
v 6.736919 0.468414 0.728000
v 6.736919 0.467000 0.729414
v 7.395000 0.452000 0.110000
v 7.397000 0.452000 0.112000
v 7.395000 0.450000 0.112000
v 7.396414 0.452000 0.110586
v 7.396154 0.450845 0.110845
v 7.396414 0.450586 0.112000
v 7.395000 0.450586 0.110586
v 7.395000 0.452000 0.730000
v 7.395000 0.450000 0.728000
v 7.397000 0.452000 0.728000
v 7.395000 0.450586 0.729414
v 7.396154 0.450845 0.729155
v 7.396414 0.450586 0.728000
v 7.396414 0.452000 0.729414
v 7.395000 0.467000 0.110000
v 7.395000 0.469000 0.112000
v 7.397000 0.467000 0.112000
v 7.395000 0.468414 0.110586
v 7.396154 0.468155 0.110845
v 7.396414 0.468414 0.112000
v 7.396414 0.467000 0.110586
v 7.395000 0.467000 0.730000
v 7.397000 0.467000 0.728000
v 7.395000 0.469000 0.728000
v 7.396414 0.467000 0.729414
v 7.396154 0.468155 0.729155
v 7.396414 0.468414 0.728000
v 7.395000 0.468414 0.729414
v 6.738333 0.450586 0.110586
v 6.737179 0.450845 0.110845
v 6.737179 0.450845 0.110845
v 6.736919 0.452000 0.110586
v 6.736919 0.450586 0.112000
v 6.738333 0.450586 0.729414
v 6.737179 0.450845 0.729155
v 6.737179 0.450845 0.729155
v 6.736919 0.450586 0.728000
v 6.736919 0.452000 0.729414
v 6.736919 0.467000 0.110586
v 6.737179 0.468155 0.110845
v 6.737179 0.468155 0.110845
v 6.738333 0.468414 0.110586
v 6.736919 0.468414 0.112000
v 6.738333 0.468414 0.729414
v 6.737179 0.468155 0.729155
v 6.737179 0.468155 0.729155
v 6.736919 0.467000 0.729414
v 6.736919 0.468414 0.728000
v 7.396414 0.452000 0.110586
v 7.396154 0.450845 0.110845
v 7.396154 0.450845 0.110845
v 7.395000 0.450586 0.110586
v 7.396414 0.450586 0.112000
v 7.395000 0.450586 0.729414
v 7.396154 0.450845 0.729155
v 7.396154 0.450845 0.729155
v 7.396414 0.452000 0.729414
v 7.396414 0.450586 0.728000
v 7.395000 0.468414 0.110586
v 7.396154 0.468155 0.110845
v 7.396154 0.468155 0.110845
v 7.396414 0.467000 0.110586
v 7.396414 0.468414 0.112000
v 7.396414 0.467000 0.729414
v 7.396154 0.468155 0.729155
v 7.396154 0.468155 0.729155
v 7.395000 0.468414 0.729414
v 7.396414 0.468414 0.728000
s 0
f 2047 2053 2024 2018
f 2061 2067 2054 2046
f 2066 2038 2025 2052
f 2019 2026 2040 2032
f 2033 2039 2068 2060
f 2017 2073 2074 2076
f 2018 2077 2075 2020
f 2019 2023 2021 2022
f 2024 2078 2079 2081
f 2025 2082 2080 2027
f 2026 2030 2028 2029
f 2031 2083 2084 2086
f 2032 2087 2085 2034
f 2033 2037 2035 2036
f 2038 2088 2089 2091
f 2039 2092 2090 2041
f 2040 2044 2042 2043
f 2045 2093 2094 2096
f 2046 2097 2095 2048
f 2047 2051 2049 2050
f 2052 2098 2099 2101
f 2053 2102 2100 2055
f 2054 2058 2056 2057
f 2059 2103 2104 2106
f 2060 2107 2105 2062
f 2061 2065 2063 2064
f 2066 2108 2109 2111
f 2067 2112 2110 2069
f 2068 2072 2070 2071
f 2031 2017 2076 2083
f 2034 2023 2019 2032
f 2018 2024 2081 2077
f 2022 2030 2026 2019
f 2025 2038 2091 2082
f 2029 2044 2040 2026
f 2039 2033 2036 2092
f 2043 2087 2032 2040
f 2059 2031 2086 2103
f 2062 2037 2033 2060
f 2038 2066 2111 2088
f 2041 2072 2068 2039
f 2067 2061 2064 2112
f 2071 2107 2060 2068
f 2045 2059 2106 2093
f 2048 2065 2061 2046
f 2066 2052 2101 2108
f 2069 2058 2054 2067
f 2053 2047 2050 2102
f 2057 2097 2046 2054
f 2017 2045 2096 2073
f 2020 2051 2047 2018
f 2052 2025 2027 2098
f 2055 2078 2024 2053
f 2031 2059 2045 2017
o dining_table_top
v 4.906000 5.151000 0.710000
v 4.906000 5.145000 0.716000
v 4.900000 5.151000 0.716000
v 4.906000 5.146757 0.711757
v 4.902536 5.147536 0.712536
v 4.901758 5.146757 0.716000
v 4.901758 5.151000 0.711757
v 4.906000 5.145000 0.744000
v 4.906000 5.151000 0.750000
v 4.900000 5.151000 0.744000
v 4.906000 5.146757 0.748243
v 4.902536 5.147536 0.747464
v 4.901758 5.151000 0.748243
v 4.901758 5.146757 0.744000
v 4.906000 6.089000 0.710000
v 4.900000 6.089000 0.716000
v 4.906000 6.095000 0.716000
v 4.901758 6.089000 0.711757
v 4.902536 6.092464 0.712536
v 4.901758 6.093243 0.716000
v 4.906000 6.093243 0.711757
v 4.906000 6.089000 0.750000
v 4.906000 6.095000 0.744000
v 4.900000 6.089000 0.744000
v 4.906000 6.093243 0.748243
v 4.902536 6.092464 0.747464
v 4.901758 6.093243 0.744000
v 4.901758 6.089000 0.748243
v 6.894000 5.151000 0.710000
v 6.900000 5.151000 0.716000
v 6.894000 5.145000 0.716000
v 6.898242 5.151000 0.711757
v 6.897464 5.147536 0.712536
v 6.898242 5.146757 0.716000
v 6.894000 5.146757 0.711757
v 6.894000 5.151000 0.750000
v 6.894000 5.145000 0.744000
v 6.900000 5.151000 0.744000
v 6.894000 5.146757 0.748243
v 6.897464 5.147536 0.747464
v 6.898242 5.146757 0.744000
v 6.898242 5.151000 0.748243
v 6.894000 6.089000 0.710000
v 6.894000 6.095000 0.716000
v 6.900000 6.089000 0.716000
v 6.894000 6.093243 0.711757
v 6.897464 6.092464 0.712536
v 6.898242 6.093243 0.716000
v 6.898242 6.089000 0.711757
v 6.894000 6.089000 0.750000
v 6.900000 6.089000 0.744000
v 6.894000 6.095000 0.744000
v 6.898242 6.089000 0.748243
v 6.897464 6.092464 0.747464
v 6.898242 6.093243 0.744000
v 6.894000 6.093243 0.748243
v 4.906000 5.146757 0.711757
v 4.902536 5.147536 0.712536
v 4.902536 5.147536 0.712536
v 4.901758 5.151000 0.711757
v 4.901758 5.146757 0.716000
v 4.906000 5.146757 0.748243
v 4.902536 5.147536 0.747464
v 4.902536 5.147536 0.747464
v 4.901758 5.146757 0.744000
v 4.901758 5.151000 0.748243
v 4.901758 6.089000 0.711757
v 4.902536 6.092464 0.712536
v 4.902536 6.092464 0.712536
v 4.906000 6.093243 0.711757
v 4.901758 6.093243 0.716000
v 4.906000 6.093243 0.748243
v 4.902536 6.092464 0.747464
v 4.902536 6.092464 0.747464
v 4.901758 6.089000 0.748243
v 4.901758 6.093243 0.744000
v 6.898242 5.151000 0.711757
v 6.897464 5.147536 0.712536
v 6.897464 5.147536 0.712536
v 6.894000 5.146757 0.711757
v 6.898242 5.146757 0.716000
v 6.894000 5.146757 0.748243
v 6.897464 5.147536 0.747464
v 6.897464 5.147536 0.747464
v 6.898242 5.151000 0.748243
v 6.898242 5.146757 0.744000
v 6.894000 6.093243 0.711757
v 6.897464 6.092464 0.712536
v 6.897464 6.092464 0.712536
v 6.898242 6.089000 0.711757
v 6.898242 6.093243 0.716000
v 6.898242 6.089000 0.748243
v 6.897464 6.092464 0.747464
v 6.897464 6.092464 0.747464
v 6.894000 6.093243 0.748243
v 6.898242 6.093243 0.744000
s 0
f 2143 2149 2120 2114
f 2157 2163 2150 2142
f 2162 2134 2121 2148
f 2115 2122 2136 2128
f 2129 2135 2164 2156
f 2113 2169 2170 2172
f 2114 2173 2171 2116
f 2115 2119 2117 2118
f 2120 2174 2175 2177
f 2121 2178 2176 2123
f 2122 2126 2124 2125
f 2127 2179 2180 2182
f 2128 2183 2181 2130
f 2129 2133 2131 2132
f 2134 2184 2185 2187
f 2135 2188 2186 2137
f 2136 2140 2138 2139
f 2141 2189 2190 2192
f 2142 2193 2191 2144
f 2143 2147 2145 2146
f 2148 2194 2195 2197
f 2149 2198 2196 2151
f 2150 2154 2152 2153
f 2155 2199 2200 2202
f 2156 2203 2201 2158
f 2157 2161 2159 2160
f 2162 2204 2205 2207
f 2163 2208 2206 2165
f 2164 2168 2166 2167
f 2127 2113 2172 2179
f 2130 2119 2115 2128
f 2114 2120 2177 2173
f 2118 2126 2122 2115
f 2121 2134 2187 2178
f 2125 2140 2136 2122
f 2135 2129 2132 2188
f 2139 2183 2128 2136
f 2155 2127 2182 2199
f 2158 2133 2129 2156
f 2134 2162 2207 2184
f 2137 2168 2164 2135
f 2163 2157 2160 2208
f 2167 2203 2156 2164
f 2141 2155 2202 2189
f 2144 2161 2157 2142
f 2162 2148 2197 2204
f 2165 2154 2150 2163
f 2149 2143 2146 2198
f 2153 2193 2142 2150
f 2113 2141 2192 2169
f 2116 2147 2143 2114
f 2148 2121 2123 2194
f 2151 2174 2120 2149
f 2127 2155 2141 2113
o table_apron_a
v 4.983000 5.185500 0.640000
v 4.983000 5.182500 0.643000
v 4.980000 5.185500 0.643000
v 4.983000 5.183379 0.640879
v 4.981268 5.183768 0.641268
v 4.980879 5.183379 0.643000
v 4.980879 5.185500 0.640879
v 4.983000 5.182500 0.707000
v 4.983000 5.185500 0.710000
v 4.980000 5.185500 0.707000
v 4.983000 5.183379 0.709121
v 4.981268 5.183768 0.708732
v 4.980879 5.185500 0.709121
v 4.980879 5.183379 0.707000
v 4.983000 5.224500 0.640000
v 4.980000 5.224500 0.643000
v 4.983000 5.227500 0.643000
v 4.980879 5.224500 0.640879
v 4.981268 5.226232 0.641268
v 4.980879 5.226621 0.643000
v 4.983000 5.226621 0.640879
v 4.983000 5.224500 0.710000
v 4.983000 5.227500 0.707000
v 4.980000 5.224500 0.707000
v 4.983000 5.226621 0.709121
v 4.981268 5.226232 0.708732
v 4.980879 5.226621 0.707000
v 4.980879 5.224500 0.709121
v 6.817000 5.185500 0.640000
v 6.820000 5.185500 0.643000
v 6.817000 5.182500 0.643000
v 6.819121 5.185500 0.640879
v 6.818732 5.183768 0.641268
v 6.819121 5.183379 0.643000
v 6.817000 5.183379 0.640879
v 6.817000 5.185500 0.710000
v 6.817000 5.182500 0.707000
v 6.820000 5.185500 0.707000
v 6.817000 5.183379 0.709121
v 6.818732 5.183768 0.708732
v 6.819121 5.183379 0.707000
v 6.819121 5.185500 0.709121
v 6.817000 5.224500 0.640000
v 6.817000 5.227500 0.643000
v 6.820000 5.224500 0.643000
v 6.817000 5.226621 0.640879
v 6.818732 5.226232 0.641268
v 6.819121 5.226621 0.643000
v 6.819121 5.224500 0.640879
v 6.817000 5.224500 0.710000
v 6.820000 5.224500 0.707000
v 6.817000 5.227500 0.707000
v 6.819121 5.224500 0.709121
v 6.818732 5.226232 0.708732
v 6.819121 5.226621 0.707000
v 6.817000 5.226621 0.709121
v 4.983000 5.183379 0.640879
v 4.981268 5.183768 0.641268
v 4.981268 5.183768 0.641268
v 4.980879 5.185500 0.640879
v 4.980879 5.183379 0.643000
v 4.983000 5.183379 0.709121
v 4.981268 5.183768 0.708732
v 4.981268 5.183768 0.708732
v 4.980879 5.183379 0.707000
v 4.980879 5.185500 0.709121
v 4.980879 5.224500 0.640879
v 4.981268 5.226232 0.641268
v 4.981268 5.226232 0.641268
v 4.983000 5.226621 0.640879
v 4.980879 5.226621 0.643000
v 4.983000 5.226621 0.709121
v 4.981268 5.226232 0.708732
v 4.981268 5.226232 0.708732
v 4.980879 5.224500 0.709121
v 4.980879 5.226621 0.707000
v 6.819121 5.185500 0.640879
v 6.818732 5.183768 0.641268
v 6.818732 5.183768 0.641268
v 6.817000 5.183379 0.640879
v 6.819121 5.183379 0.643000
v 6.817000 5.183379 0.709121
v 6.818732 5.183768 0.708732
v 6.818732 5.183768 0.708732
v 6.819121 5.185500 0.709121
v 6.819121 5.183379 0.707000
v 6.817000 5.226621 0.640879
v 6.818732 5.226232 0.641268
v 6.818732 5.226232 0.641268
v 6.819121 5.224500 0.640879
v 6.819121 5.226621 0.643000
v 6.819121 5.224500 0.709121
v 6.818732 5.226232 0.708732
v 6.818732 5.226232 0.708732
v 6.817000 5.226621 0.709121
v 6.819121 5.226621 0.707000
s 0
f 2239 2245 2216 2210
f 2253 2259 2246 2238
f 2258 2230 2217 2244
f 2211 2218 2232 2224
f 2225 2231 2260 2252
f 2209 2265 2266 2268
f 2210 2269 2267 2212
f 2211 2215 2213 2214
f 2216 2270 2271 2273
f 2217 2274 2272 2219
f 2218 2222 2220 2221
f 2223 2275 2276 2278
f 2224 2279 2277 2226
f 2225 2229 2227 2228
f 2230 2280 2281 2283
f 2231 2284 2282 2233
f 2232 2236 2234 2235
f 2237 2285 2286 2288
f 2238 2289 2287 2240
f 2239 2243 2241 2242
f 2244 2290 2291 2293
f 2245 2294 2292 2247
f 2246 2250 2248 2249
f 2251 2295 2296 2298
f 2252 2299 2297 2254
f 2253 2257 2255 2256
f 2258 2300 2301 2303
f 2259 2304 2302 2261
f 2260 2264 2262 2263
f 2223 2209 2268 2275
f 2226 2215 2211 2224
f 2210 2216 2273 2269
f 2214 2222 2218 2211
f 2217 2230 2283 2274
f 2221 2236 2232 2218
f 2231 2225 2228 2284
f 2235 2279 2224 2232
f 2251 2223 2278 2295
f 2254 2229 2225 2252
f 2230 2258 2303 2280
f 2233 2264 2260 2231
f 2259 2253 2256 2304
f 2263 2299 2252 2260
f 2237 2251 2298 2285
f 2240 2257 2253 2238
f 2258 2244 2293 2300
f 2261 2250 2246 2259
f 2245 2239 2242 2294
f 2249 2289 2238 2246
f 2209 2237 2288 2265
f 2212 2243 2239 2210
f 2244 2217 2219 2290
f 2247 2270 2216 2245
f 2223 2251 2237 2209
o table_apron_b
v 4.983000 6.015500 0.640000
v 4.983000 6.012500 0.643000
v 4.980000 6.015500 0.643000
v 4.983000 6.013379 0.640879
v 4.981268 6.013768 0.641268
v 4.980879 6.013379 0.643000
v 4.980879 6.015500 0.640879
v 4.983000 6.012500 0.707000
v 4.983000 6.015500 0.710000
v 4.980000 6.015500 0.707000
v 4.983000 6.013379 0.709121
v 4.981268 6.013768 0.708732
v 4.980879 6.015500 0.709121
v 4.980879 6.013379 0.707000
v 4.983000 6.054500 0.640000
v 4.980000 6.054500 0.643000
v 4.983000 6.057500 0.643000
v 4.980879 6.054500 0.640879
v 4.981268 6.056232 0.641268
v 4.980879 6.056621 0.643000
v 4.983000 6.056621 0.640879
v 4.983000 6.054500 0.710000
v 4.983000 6.057500 0.707000
v 4.980000 6.054500 0.707000
v 4.983000 6.056621 0.709121
v 4.981268 6.056232 0.708732
v 4.980879 6.056621 0.707000
v 4.980879 6.054500 0.709121
v 6.817000 6.015500 0.640000
v 6.820000 6.015500 0.643000
v 6.817000 6.012500 0.643000
v 6.819121 6.015500 0.640879
v 6.818732 6.013768 0.641268
v 6.819121 6.013379 0.643000
v 6.817000 6.013379 0.640879
v 6.817000 6.015500 0.710000
v 6.817000 6.012500 0.707000
v 6.820000 6.015500 0.707000
v 6.817000 6.013379 0.709121
v 6.818732 6.013768 0.708732
v 6.819121 6.013379 0.707000
v 6.819121 6.015500 0.709121
v 6.817000 6.054500 0.640000
v 6.817000 6.057500 0.643000
v 6.820000 6.054500 0.643000
v 6.817000 6.056621 0.640879
v 6.818732 6.056232 0.641268
v 6.819121 6.056621 0.643000
v 6.819121 6.054500 0.640879
v 6.817000 6.054500 0.710000
v 6.820000 6.054500 0.707000
v 6.817000 6.057500 0.707000
v 6.819121 6.054500 0.709121
v 6.818732 6.056232 0.708732
v 6.819121 6.056621 0.707000
v 6.817000 6.056621 0.709121
v 4.983000 6.013379 0.640879
v 4.981268 6.013768 0.641268
v 4.981268 6.013768 0.641268
v 4.980879 6.015500 0.640879
v 4.980879 6.013379 0.643000
v 4.983000 6.013379 0.709121
v 4.981268 6.013768 0.708732
v 4.981268 6.013768 0.708732
v 4.980879 6.013379 0.707000
v 4.980879 6.015500 0.709121
v 4.980879 6.054500 0.640879
v 4.981268 6.056232 0.641268
v 4.981268 6.056232 0.641268
v 4.983000 6.056621 0.640879
v 4.980879 6.056621 0.643000
v 4.983000 6.056621 0.709121
v 4.981268 6.056232 0.708732
v 4.981268 6.056232 0.708732
v 4.980879 6.054500 0.709121
v 4.980879 6.056621 0.707000
v 6.819121 6.015500 0.640879
v 6.818732 6.013768 0.641268
v 6.818732 6.013768 0.641268
v 6.817000 6.013379 0.640879
v 6.819121 6.013379 0.643000
v 6.817000 6.013379 0.709121
v 6.818732 6.013768 0.708732
v 6.818732 6.013768 0.708732
v 6.819121 6.015500 0.709121
v 6.819121 6.013379 0.707000
v 6.817000 6.056621 0.640879
v 6.818732 6.056232 0.641268
v 6.818732 6.056232 0.641268
v 6.819121 6.054500 0.640879
v 6.819121 6.056621 0.643000
v 6.819121 6.054500 0.709121
v 6.818732 6.056232 0.708732
v 6.818732 6.056232 0.708732
v 6.817000 6.056621 0.709121
v 6.819121 6.056621 0.707000
s 0
f 2335 2341 2312 2306
f 2349 2355 2342 2334
f 2354 2326 2313 2340
f 2307 2314 2328 2320
f 2321 2327 2356 2348
f 2305 2361 2362 2364
f 2306 2365 2363 2308
f 2307 2311 2309 2310
f 2312 2366 2367 2369
f 2313 2370 2368 2315
f 2314 2318 2316 2317
f 2319 2371 2372 2374
f 2320 2375 2373 2322
f 2321 2325 2323 2324
f 2326 2376 2377 2379
f 2327 2380 2378 2329
f 2328 2332 2330 2331
f 2333 2381 2382 2384
f 2334 2385 2383 2336
f 2335 2339 2337 2338
f 2340 2386 2387 2389
f 2341 2390 2388 2343
f 2342 2346 2344 2345
f 2347 2391 2392 2394
f 2348 2395 2393 2350
f 2349 2353 2351 2352
f 2354 2396 2397 2399
f 2355 2400 2398 2357
f 2356 2360 2358 2359
f 2319 2305 2364 2371
f 2322 2311 2307 2320
f 2306 2312 2369 2365
f 2310 2318 2314 2307
f 2313 2326 2379 2370
f 2317 2332 2328 2314
f 2327 2321 2324 2380
f 2331 2375 2320 2328
f 2347 2319 2374 2391
f 2350 2325 2321 2348
f 2326 2354 2399 2376
f 2329 2360 2356 2327
f 2355 2349 2352 2400
f 2359 2395 2348 2356
f 2333 2347 2394 2381
f 2336 2353 2349 2334
f 2354 2340 2389 2396
f 2357 2346 2342 2355
f 2341 2335 2338 2390
f 2345 2385 2334 2342
f 2305 2333 2384 2361
f 2308 2339 2335 2306
f 2340 2313 2315 2386
f 2343 2366 2312 2341
f 2319 2347 2333 2305
o table_leg_0
v 4.989000 5.276000 0.000000
v 4.979001 5.286000 0.710000
v 5.031000 5.276000 0.000000
v 5.041000 5.286000 0.710000
v 5.031000 5.234000 0.000000
v 5.041000 5.224000 0.710000
v 4.989000 5.234000 0.000000
v 4.979001 5.224000 0.710000
s 1
f 2401 2402 2404 2403
f 2403 2404 2406 2405
f 2404 2402 2408 2406
f 2405 2406 2408 2407
f 2407 2408 2402 2401
f 2401 2403 2405 2407
o table_leg_1
v 6.769000 5.276000 0.000000
v 6.759000 5.286000 0.710000
v 6.811000 5.276000 0.000000
v 6.821000 5.286000 0.710000
v 6.811000 5.234000 0.000000
v 6.821000 5.224000 0.710000
v 6.769000 5.234000 0.000000
v 6.759000 5.224000 0.710000
s 1
f 2409 2410 2412 2411
f 2411 2412 2414 2413
f 2412 2410 2416 2414
f 2413 2414 2416 2415
f 2415 2416 2410 2409
f 2409 2411 2413 2415
o table_leg_2
v 4.989000 6.006000 0.000000
v 4.979001 6.016000 0.710000
v 5.031000 6.006000 0.000000
v 5.041000 6.016000 0.710000
v 5.031000 5.964000 0.000000
v 5.041000 5.954000 0.710000
v 4.989000 5.964000 0.000000
v 4.979001 5.954000 0.710000
s 1
f 2417 2418 2420 2419
f 2419 2420 2422 2421
f 2420 2418 2424 2422
f 2421 2422 2424 2423
f 2423 2424 2418 2417
f 2417 2419 2421 2423
o table_leg_3
v 6.769000 6.006000 0.000000
v 6.759000 6.016000 0.710000
v 6.811000 6.006000 0.000000
v 6.821000 6.016000 0.710000
v 6.811000 5.964000 0.000000
v 6.821000 5.954000 0.710000
v 6.769000 5.964000 0.000000
v 6.759000 5.954000 0.710000
s 1
f 2425 2426 2428 2427
f 2427 2428 2430 2429
f 2428 2426 2432 2430
f 2429 2430 2432 2431
f 2431 2432 2426 2425
f 2425 2427 2429 2431
o chair_N1_post-0.18
v 5.630000 6.153784 0.399775
v 5.630000 6.092548 0.835493
v 5.622623 6.155451 0.400009
v 5.622623 6.094215 0.835727
v 5.616708 6.160122 0.400666
v 5.616708 6.098886 0.836384
v 5.613426 6.166873 0.401615
v 5.613426 6.105636 0.837332
v 5.613426 6.174365 0.402668
v 5.613426 6.113128 0.838385
v 5.616708 6.181115 0.403616
v 5.616708 6.119878 0.839334
v 5.622623 6.185786 0.404273
v 5.622623 6.124550 0.839991
v 5.630000 6.187453 0.404507
v 5.630000 6.126217 0.840225
v 5.637376 6.185786 0.404273
v 5.637376 6.124550 0.839991
v 5.643291 6.181115 0.403616
v 5.643291 6.119878 0.839334
v 5.646574 6.174365 0.402668
v 5.646574 6.113128 0.838385
v 5.646574 6.166873 0.401615
v 5.646574 6.105636 0.837332
v 5.643291 6.160122 0.400666
v 5.643291 6.098886 0.836384
v 5.637376 6.155451 0.400009
v 5.637376 6.094215 0.835727
s 1
f 2433 2434 2436 2435
f 2435 2436 2438 2437
f 2437 2438 2440 2439
f 2439 2440 2442 2441
f 2441 2442 2444 2443
f 2443 2444 2446 2445
f 2445 2446 2448 2447
f 2447 2448 2450 2449
f 2449 2450 2452 2451
f 2451 2452 2454 2453
f 2453 2454 2456 2455
f 2455 2456 2458 2457
f 2436 2434 2460 2458 2456 2454 2452 2450 2448 2446 2444 2442 2440 2438
f 2457 2458 2460 2459
f 2459 2460 2434 2433
f 2433 2435 2437 2439 2441 2443 2445 2447 2449 2451 2453 2455 2457 2459
o chair_N1_post0.18
v 5.270000 6.153784 0.399775
v 5.270000 6.092548 0.835493
v 5.262624 6.155451 0.400009
v 5.262624 6.094215 0.835727
v 5.256709 6.160122 0.400666
v 5.256709 6.098886 0.836384
v 5.253426 6.166873 0.401615
v 5.253426 6.105636 0.837332
v 5.253426 6.174365 0.402668
v 5.253426 6.113128 0.838385
v 5.256709 6.181115 0.403616
v 5.256709 6.119878 0.839334
v 5.262624 6.185786 0.404273
v 5.262624 6.124550 0.839991
v 5.270000 6.187453 0.404507
v 5.270000 6.126217 0.840225
v 5.277376 6.185786 0.404273
v 5.277376 6.124550 0.839991
v 5.283291 6.181115 0.403616
v 5.283291 6.119878 0.839334
v 5.286574 6.174365 0.402668
v 5.286574 6.113128 0.838385
v 5.286574 6.166873 0.401615
v 5.286574 6.105636 0.837332
v 5.283291 6.160122 0.400666
v 5.283291 6.098886 0.836384
v 5.277376 6.155451 0.400009
v 5.277376 6.094215 0.835727
s 1
f 2461 2462 2464 2463
f 2463 2464 2466 2465
f 2465 2466 2468 2467
f 2467 2468 2470 2469
f 2469 2470 2472 2471
f 2471 2472 2474 2473
f 2473 2474 2476 2475
f 2475 2476 2478 2477
f 2477 2478 2480 2479
f 2479 2480 2482 2481
f 2481 2482 2484 2483
f 2483 2484 2486 2485
f 2464 2462 2488 2486 2484 2482 2480 2478 2476 2474 2472 2470 2468 2466
f 2485 2486 2488 2487
f 2487 2488 2462 2461
f 2461 2463 2465 2467 2469 2471 2473 2475 2477 2479 2481 2483 2485 2487
o chair_N1_slat
v 5.640771 6.115298 0.825000
v 5.636231 6.111227 0.839040
v 5.628142 6.099606 0.844856
v 5.621243 6.087241 0.839040
v 5.619574 6.081376 0.825000
v 5.624114 6.085446 0.810960
v 5.632203 6.097068 0.805144
v 5.639102 6.109433 0.810960
v 5.621903 6.126295 0.822368
v 5.617671 6.122046 0.836451
v 5.610322 6.109992 0.842370
v 5.604164 6.097195 0.836658
v 5.602803 6.091151 0.822660
v 5.607036 6.095401 0.808577
v 5.614384 6.107454 0.802658
v 5.620542 6.120251 0.808370
v 5.602394 6.136111 0.819746
v 5.598479 6.131702 0.833872
v 5.591897 6.119263 0.839894
v 5.586505 6.106081 0.834284
v 5.585461 6.099877 0.820330
v 5.589377 6.104286 0.806204
v 5.595958 6.116725 0.800182
v 5.601350 6.129908 0.805791
v 5.582316 6.144711 0.817143
v 5.578727 6.140161 0.831311
v 5.572935 6.127384 0.837436
v 5.568331 6.113864 0.831929
v 5.567614 6.107521 0.818016
v 5.571203 6.112070 0.803848
v 5.576995 6.124846 0.797723
v 5.581599 6.138367 0.803231
v 5.561744 6.152060 0.814570
v 5.558490 6.147391 0.828780
v 5.553505 6.134325 0.835006
v 5.549710 6.120516 0.829599
v 5.549328 6.114053 0.815729
v 5.552582 6.118722 0.801519
v 5.557566 6.131788 0.795293
v 5.561361 6.145597 0.800699
v 5.540754 6.158132 0.812036
v 5.537842 6.153364 0.826287
v 5.533682 6.140060 0.832612
v 5.530712 6.126013 0.827306
v 5.530671 6.119451 0.813476
v 5.533583 6.124218 0.799225
v 5.537743 6.137523 0.792900
v 5.540713 6.151570 0.798206
v 5.519426 6.162905 0.809550
v 5.516860 6.158059 0.823842
v 5.513538 6.144567 0.830264
v 5.511406 6.130332 0.825055
v 5.511712 6.123693 0.811266
v 5.514277 6.128538 0.796975
v 5.517600 6.142030 0.790552
v 5.519732 6.156265 0.795761
v 5.497838 6.166359 0.807121
v 5.495625 6.161458 0.821453
v 5.493151 6.147830 0.827971
v 5.491866 6.133460 0.822857
v 5.492523 6.126764 0.809108
v 5.494737 6.131666 0.794777
v 5.497211 6.145293 0.788259
v 5.498496 6.159664 0.793372
v 5.476073 6.168484 0.804760
v 5.474213 6.163548 0.819130
v 5.472594 6.149837 0.825741
v 5.472164 6.135383 0.820720
v 5.473176 6.128653 0.807009
v 5.475036 6.133589 0.792639
v 5.476655 6.147300 0.786028
v 5.477084 6.161754 0.791049
v 5.454209 6.169271 0.802474
v 5.452705 6.164321 0.816881
v 5.451945 6.150579 0.823582
v 5.452374 6.136095 0.818651
v 5.453742 6.129352 0.804977
v 5.455246 6.134300 0.790570
v 5.456006 6.148042 0.783869
v 5.455576 6.162527 0.788800
v 5.432330 6.168715 0.800272
v 5.431182 6.163775 0.814715
v 5.431282 6.150055 0.821502
v 5.432570 6.135592 0.816658
v 5.434294 6.128858 0.803020
v 5.435442 6.133798 0.788577
v 5.435342 6.147518 0.781790
v 5.434053 6.161981 0.786634
v 5.410517 6.166821 0.798163
v 5.409724 6.161912 0.812640
v 5.410680 6.148266 0.819510
v 5.412826 6.133877 0.814748
v 5.414904 6.127174 0.801145
v 5.415698 6.132083 0.786668
v 5.414741 6.145729 0.779797
v 5.412595 6.160118 0.784559
v 5.388852 6.163594 0.796153
v 5.388411 6.158738 0.810663
v 5.390218 6.145219 0.817612
v 5.393215 6.130957 0.812930
v 5.395646 6.124306 0.799359
v 5.396086 6.129163 0.784849
v 5.394279 6.142682 0.777900
v 5.391282 6.156944 0.782582
v 5.367414 6.159048 0.794252
v 5.367322 6.154265 0.808793
v 5.369972 6.140925 0.815816
v 5.373811 6.126842 0.811208
v 5.376590 6.120265 0.797668
v 5.376682 6.125047 0.783127
v 5.374032 6.138388 0.776104
v 5.370193 6.152471 0.780712
v 5.346285 6.153198 0.792465
v 5.346537 6.148511 0.807035
v 5.350017 6.135400 0.814129
v 5.354685 6.121547 0.809591
v 5.357809 6.115065 0.796080
v 5.357557 6.119752 0.781510
v 5.354077 6.132863 0.774416
v 5.349408 6.146717 0.778954
v 5.325543 6.146067 0.790800
v 5.326132 6.141496 0.805397
v 5.330427 6.128665 0.812556
v 5.335911 6.115092 0.808084
v 5.339372 6.108727 0.794600
v 5.338782 6.113298 0.780003
v 5.334488 6.126128 0.772843
v 5.329004 6.139702 0.777316
v 5.305266 6.137681 0.789262
v 5.306185 6.133247 0.803884
v 5.311276 6.120746 0.811104
v 5.317557 6.107502 0.806692
v 5.321347 6.101273 0.793233
v 5.320428 6.105707 0.778611
v 5.315337 6.118208 0.771391
v 5.309057 6.131453 0.775803
v 5.285529 6.128072 0.787858
v 5.286769 6.123794 0.802503
v 5.292636 6.111670 0.809777
v 5.299692 6.098804 0.805421
v 5.303803 6.092731 0.791985
v 5.302563 6.097010 0.777340
v 5.296697 6.109133 0.770065
v 5.289641 6.122000 0.774422
v 5.266406 6.117276 0.786592
v 5.267958 6.113173 0.801258
v 5.274575 6.101474 0.808582
v 5.282382 6.089031 0.804275
v 5.286806 6.083134 0.790860
v 5.285254 6.087237 0.776194
v 5.278636 6.098936 0.768870
v 5.270829 6.111379 0.773177
s 1
f 2489 2490 2498 2497
f 2490 2491 2499 2498
f 2491 2492 2500 2499
f 2492 2493 2501 2500
f 2493 2494 2502 2501
f 2494 2495 2503 2502
f 2495 2496 2504 2503
f 2496 2489 2497 2504
f 2497 2498 2506 2505
f 2498 2499 2507 2506
f 2499 2500 2508 2507
f 2500 2501 2509 2508
f 2501 2502 2510 2509
f 2502 2503 2511 2510
f 2503 2504 2512 2511
f 2504 2497 2505 2512
f 2505 2506 2514 2513
f 2506 2507 2515 2514
f 2507 2508 2516 2515
f 2508 2509 2517 2516
f 2509 2510 2518 2517
f 2510 2511 2519 2518
f 2511 2512 2520 2519
f 2512 2505 2513 2520
f 2513 2514 2522 2521
f 2514 2515 2523 2522
f 2515 2516 2524 2523
f 2516 2517 2525 2524
f 2517 2518 2526 2525
f 2518 2519 2527 2526
f 2519 2520 2528 2527
f 2520 2513 2521 2528
f 2521 2522 2530 2529
f 2522 2523 2531 2530
f 2523 2524 2532 2531
f 2524 2525 2533 2532
f 2525 2526 2534 2533
f 2526 2527 2535 2534
f 2527 2528 2536 2535
f 2528 2521 2529 2536
f 2529 2530 2538 2537
f 2530 2531 2539 2538
f 2531 2532 2540 2539
f 2532 2533 2541 2540
f 2533 2534 2542 2541
f 2534 2535 2543 2542
f 2535 2536 2544 2543
f 2536 2529 2537 2544
f 2537 2538 2546 2545
f 2538 2539 2547 2546
f 2539 2540 2548 2547
f 2540 2541 2549 2548
f 2541 2542 2550 2549
f 2542 2543 2551 2550
f 2543 2544 2552 2551
f 2544 2537 2545 2552
f 2545 2546 2554 2553
f 2546 2547 2555 2554
f 2547 2548 2556 2555
f 2548 2549 2557 2556
f 2549 2550 2558 2557
f 2550 2551 2559 2558
f 2551 2552 2560 2559
f 2552 2545 2553 2560
f 2553 2554 2562 2561
f 2554 2555 2563 2562
f 2555 2556 2564 2563
f 2556 2557 2565 2564
f 2557 2558 2566 2565
f 2558 2559 2567 2566
f 2559 2560 2568 2567
f 2560 2553 2561 2568
f 2561 2562 2570 2569
f 2562 2563 2571 2570
f 2563 2564 2572 2571
f 2564 2565 2573 2572
f 2565 2566 2574 2573
f 2566 2567 2575 2574
f 2567 2568 2576 2575
f 2568 2561 2569 2576
f 2569 2570 2578 2577
f 2570 2571 2579 2578
f 2571 2572 2580 2579
f 2572 2573 2581 2580
f 2573 2574 2582 2581
f 2574 2575 2583 2582
f 2575 2576 2584 2583
f 2576 2569 2577 2584
f 2577 2578 2586 2585
f 2578 2579 2587 2586
f 2579 2580 2588 2587
f 2580 2581 2589 2588
f 2581 2582 2590 2589
f 2582 2583 2591 2590
f 2583 2584 2592 2591
f 2584 2577 2585 2592
f 2585 2586 2594 2593
f 2586 2587 2595 2594
f 2587 2588 2596 2595
f 2588 2589 2597 2596
f 2589 2590 2598 2597
f 2590 2591 2599 2598
f 2591 2592 2600 2599
f 2592 2585 2593 2600
f 2593 2594 2602 2601
f 2594 2595 2603 2602
f 2595 2596 2604 2603
f 2596 2597 2605 2604
f 2597 2598 2606 2605
f 2598 2599 2607 2606
f 2599 2600 2608 2607
f 2600 2593 2601 2608
f 2601 2602 2610 2609
f 2602 2603 2611 2610
f 2603 2604 2612 2611
f 2604 2605 2613 2612
f 2605 2606 2614 2613
f 2606 2607 2615 2614
f 2607 2608 2616 2615
f 2608 2601 2609 2616
f 2609 2610 2618 2617
f 2610 2611 2619 2618
f 2611 2612 2620 2619
f 2612 2613 2621 2620
f 2613 2614 2622 2621
f 2614 2615 2623 2622
f 2615 2616 2624 2623
f 2616 2609 2617 2624
f 2617 2618 2626 2625
f 2618 2619 2627 2626
f 2619 2620 2628 2627
f 2620 2621 2629 2628
f 2621 2622 2630 2629
f 2622 2623 2631 2630
f 2623 2624 2632 2631
f 2624 2617 2625 2632
f 2625 2626 2634 2633
f 2626 2627 2635 2634
f 2627 2628 2636 2635
f 2628 2629 2637 2636
f 2629 2630 2638 2637
f 2630 2631 2639 2638
f 2631 2632 2640 2639
f 2632 2625 2633 2640
o chair_N1_stretcher
v 5.202000 6.340000 0.160000
v 5.206000 6.340000 0.166928
v 5.214000 6.340000 0.166928
v 5.218000 6.340000 0.160000
v 5.214000 6.340000 0.153072
v 5.206000 6.340000 0.153072
v 5.212046 6.270131 0.160000
v 5.215884 6.271257 0.166928
v 5.223559 6.273511 0.166928
v 5.227397 6.274638 0.160000
v 5.223559 6.273511 0.153072
v 5.215884 6.271257 0.153072
v 5.241369 6.205921 0.160000
v 5.244734 6.208084 0.166928
v 5.251464 6.212409 0.166928
v 5.254829 6.214571 0.160000
v 5.251464 6.212409 0.153072
v 5.244734 6.208084 0.153072
v 5.287594 6.152574 0.160000
v 5.290214 6.155597 0.166928
v 5.295453 6.161643 0.166928
v 5.298072 6.164666 0.160000
v 5.295453 6.161643 0.153072
v 5.290214 6.155597 0.153072
v 5.346977 6.114411 0.160000
v 5.348639 6.118050 0.166928
v 5.351962 6.125327 0.166928
v 5.353623 6.128965 0.160000
v 5.351962 6.125327 0.153072
v 5.348639 6.118050 0.153072
v 5.414706 6.094524 0.160000
v 5.415275 6.098484 0.166928
v 5.416413 6.106402 0.166928
v 5.416983 6.110362 0.160000
v 5.416413 6.106402 0.153072
v 5.415275 6.098484 0.153072
v 5.485294 6.094524 0.160000
v 5.484725 6.098484 0.166928
v 5.483586 6.106402 0.166928
v 5.483017 6.110362 0.160000
v 5.483586 6.106402 0.153072
v 5.484725 6.098484 0.153072
v 5.553023 6.114411 0.160000
v 5.551361 6.118050 0.166928
v 5.548038 6.125327 0.166928
v 5.546376 6.128965 0.160000
v 5.548038 6.125327 0.153072
v 5.551361 6.118050 0.153072
v 5.612405 6.152574 0.160000
v 5.609786 6.155597 0.166928
v 5.604547 6.161643 0.166928
v 5.601928 6.164666 0.160000
v 5.604547 6.161643 0.153072
v 5.609786 6.155597 0.153072
v 5.658631 6.205921 0.160000
v 5.655266 6.208084 0.166928
v 5.648536 6.212409 0.166928
v 5.645171 6.214571 0.160000
v 5.648536 6.212409 0.153072
v 5.655266 6.208084 0.153072
v 5.687954 6.270131 0.160000
v 5.684116 6.271257 0.166928
v 5.676440 6.273511 0.166928
v 5.672602 6.274638 0.160000
v 5.676440 6.273511 0.153072
v 5.684116 6.271257 0.153072
v 5.698000 6.340000 0.160000
v 5.694000 6.340000 0.166928
v 5.686000 6.340000 0.166928
v 5.682000 6.340000 0.160000
v 5.686000 6.340000 0.153072
v 5.694000 6.340000 0.153072
v 5.687954 6.409870 0.160000
v 5.684116 6.408743 0.166928
v 5.676440 6.406489 0.166928
v 5.672602 6.405362 0.160000
v 5.676440 6.406489 0.153072
v 5.684116 6.408743 0.153072
v 5.658631 6.474079 0.160000
v 5.655266 6.471917 0.166928
v 5.648536 6.467591 0.166928
v 5.645171 6.465429 0.160000
v 5.648536 6.467591 0.153072
v 5.655266 6.471917 0.153072
v 5.612405 6.527426 0.160000
v 5.609786 6.524403 0.166928
v 5.604547 6.518357 0.166928
v 5.601927 6.515334 0.160000
v 5.604547 6.518357 0.153072
v 5.609786 6.524403 0.153072
v 5.553023 6.565589 0.160000
v 5.551361 6.561950 0.166928
v 5.548038 6.554673 0.166928
v 5.546376 6.551035 0.160000
v 5.548038 6.554673 0.153072
v 5.551361 6.561950 0.153072
v 5.485294 6.585476 0.160000
v 5.484725 6.581517 0.166928
v 5.483586 6.573598 0.166928
v 5.483017 6.569639 0.160000
v 5.483586 6.573598 0.153072
v 5.484725 6.581517 0.153072
v 5.414706 6.585476 0.160000
v 5.415275 6.581517 0.166928
v 5.416413 6.573598 0.166928
v 5.416983 6.569639 0.160000
v 5.416413 6.573598 0.153072
v 5.415275 6.581517 0.153072
v 5.346977 6.565589 0.160000
v 5.348639 6.561950 0.166928
v 5.351962 6.554673 0.166928
v 5.353623 6.551035 0.160000
v 5.351962 6.554673 0.153072
v 5.348639 6.561950 0.153072
v 5.287594 6.527426 0.160000
v 5.290214 6.524403 0.166928
v 5.295453 6.518357 0.166928
v 5.298072 6.515334 0.160000
v 5.295453 6.518357 0.153072
v 5.290214 6.524403 0.153072
v 5.241369 6.474079 0.160000
v 5.244734 6.471917 0.166928
v 5.251464 6.467591 0.166928
v 5.254829 6.465429 0.160000
v 5.251464 6.467591 0.153072
v 5.244734 6.471917 0.153072
v 5.212046 6.409870 0.160000
v 5.215884 6.408743 0.166928
v 5.223559 6.406489 0.166928
v 5.227397 6.405362 0.160000
v 5.223559 6.406489 0.153072
v 5.215884 6.408743 0.153072
v 5.202000 6.340000 0.160000
v 5.206000 6.340000 0.166928
v 5.214000 6.340000 0.166928
v 5.218000 6.340000 0.160000
v 5.214000 6.340000 0.153072
v 5.206000 6.340000 0.153072
s 1
f 2641 2642 2648 2647
f 2642 2643 2649 2648
f 2643 2644 2650 2649
f 2644 2645 2651 2650
f 2645 2646 2652 2651
f 2646 2641 2647 2652
f 2647 2648 2654 2653
f 2648 2649 2655 2654
f 2649 2650 2656 2655
f 2650 2651 2657 2656
f 2651 2652 2658 2657
f 2652 2647 2653 2658
f 2653 2654 2660 2659
f 2654 2655 2661 2660
f 2655 2656 2662 2661
f 2656 2657 2663 2662
f 2657 2658 2664 2663
f 2658 2653 2659 2664
f 2659 2660 2666 2665
f 2660 2661 2667 2666
f 2661 2662 2668 2667
f 2662 2663 2669 2668
f 2663 2664 2670 2669
f 2664 2659 2665 2670
f 2665 2666 2672 2671
f 2666 2667 2673 2672
f 2667 2668 2674 2673
f 2668 2669 2675 2674
f 2669 2670 2676 2675
f 2670 2665 2671 2676
f 2671 2672 2678 2677
f 2672 2673 2679 2678
f 2673 2674 2680 2679
f 2674 2675 2681 2680
f 2675 2676 2682 2681
f 2676 2671 2677 2682
f 2677 2678 2684 2683
f 2678 2679 2685 2684
f 2679 2680 2686 2685
f 2680 2681 2687 2686
f 2681 2682 2688 2687
f 2682 2677 2683 2688
f 2683 2684 2690 2689
f 2684 2685 2691 2690
f 2685 2686 2692 2691
f 2686 2687 2693 2692
f 2687 2688 2694 2693
f 2688 2683 2689 2694
f 2689 2690 2696 2695
f 2690 2691 2697 2696
f 2691 2692 2698 2697
f 2692 2693 2699 2698
f 2693 2694 2700 2699
f 2694 2689 2695 2700
f 2695 2696 2702 2701
f 2696 2697 2703 2702
f 2697 2698 2704 2703
f 2698 2699 2705 2704
f 2699 2700 2706 2705
f 2700 2695 2701 2706
f 2701 2702 2708 2707
f 2702 2703 2709 2708
f 2703 2704 2710 2709
f 2704 2705 2711 2710
f 2705 2706 2712 2711
f 2706 2701 2707 2712
f 2707 2708 2714 2713
f 2708 2709 2715 2714
f 2709 2710 2716 2715
f 2710 2711 2717 2716
f 2711 2712 2718 2717
f 2712 2707 2713 2718
f 2713 2714 2720 2719
f 2714 2715 2721 2720
f 2715 2716 2722 2721
f 2716 2717 2723 2722
f 2717 2718 2724 2723
f 2718 2713 2719 2724
f 2719 2720 2726 2725
f 2720 2721 2727 2726
f 2721 2722 2728 2727
f 2722 2723 2729 2728
f 2723 2724 2730 2729
f 2724 2719 2725 2730
f 2725 2726 2732 2731
f 2726 2727 2733 2732
f 2727 2728 2734 2733
f 2728 2729 2735 2734
f 2729 2730 2736 2735
f 2730 2725 2731 2736
f 2731 2732 2738 2737
f 2732 2733 2739 2738
f 2733 2734 2740 2739
f 2734 2735 2741 2740
f 2735 2736 2742 2741
f 2736 2731 2737 2742
f 2737 2738 2744 2743
f 2738 2739 2745 2744
f 2739 2740 2746 2745
f 2740 2741 2747 2746
f 2741 2742 2748 2747
f 2742 2737 2743 2748
f 2743 2744 2750 2749
f 2744 2745 2751 2750
f 2745 2746 2752 2751
f 2746 2747 2753 2752
f 2747 2748 2754 2753
f 2748 2743 2749 2754
f 2749 2750 2756 2755
f 2750 2751 2757 2756
f 2751 2752 2758 2757
f 2752 2753 2759 2758
f 2753 2754 2760 2759
f 2754 2749 2755 2760
f 2755 2756 2762 2761
f 2756 2757 2763 2762
f 2757 2758 2764 2763
f 2758 2759 2765 2764
f 2759 2760 2766 2765
f 2760 2755 2761 2766
f 2761 2762 2768 2767
f 2762 2763 2769 2768
f 2763 2764 2770 2769
f 2764 2765 2771 2770
f 2765 2766 2772 2771
f 2766 2761 2767 2772
f 2767 2768 2774 2773
f 2768 2769 2775 2774
f 2769 2770 2776 2775
f 2770 2771 2777 2776
f 2771 2772 2778 2777
f 2772 2767 2773 2778
o chair_N2_post-0.18
v 6.539549 6.135989 0.399775
v 6.533148 6.075088 0.835493
v 6.532388 6.138418 0.400009
v 6.525987 6.077517 0.835727
v 6.526993 6.143682 0.400666
v 6.520592 6.082781 0.836384
v 6.524434 6.150738 0.401615
v 6.518034 6.089837 0.837332
v 6.525218 6.158189 0.402668
v 6.518816 6.097288 0.838385
v 6.529188 6.164559 0.403616
v 6.522787 6.103658 0.839334
v 6.535559 6.168586 0.404273
v 6.529158 6.107686 0.839991
v 6.543068 6.169473 0.404507
v 6.536667 6.108572 0.840225
v 6.550230 6.167044 0.404273
v 6.543829 6.106143 0.839991
v 6.555624 6.161780 0.403616
v 6.549223 6.100880 0.839334
v 6.558183 6.154724 0.402668
v 6.551783 6.093823 0.838385
v 6.557400 6.147273 0.401615
v 6.550999 6.086372 0.837332
v 6.553430 6.140903 0.400666
v 6.547029 6.080002 0.836384
v 6.547059 6.136876 0.400009
v 6.540658 6.075975 0.835727
s 1
f 2779 2780 2782 2781
f 2781 2782 2784 2783
f 2783 2784 2786 2785
f 2785 2786 2788 2787
f 2787 2788 2790 2789
f 2789 2790 2792 2791
f 2791 2792 2794 2793
f 2793 2794 2796 2795
f 2795 2796 2798 2797
f 2797 2798 2800 2799
f 2799 2800 2802 2801
f 2801 2802 2804 2803
f 2782 2780 2806 2804 2802 2800 2798 2796 2794 2792 2790 2788 2786 2784
f 2803 2804 2806 2805
f 2805 2806 2780 2779
f 2779 2781 2783 2785 2787 2789 2791 2793 2795 2797 2799 2801 2803 2805
o chair_N2_post0.18
v 6.181521 6.173619 0.399775
v 6.175120 6.112718 0.835493
v 6.174360 6.176048 0.400009
v 6.167959 6.115147 0.835727
v 6.168965 6.181312 0.400666
v 6.162564 6.120411 0.836384
v 6.166406 6.188368 0.401615
v 6.160006 6.127467 0.837332
v 6.167190 6.195819 0.402668
v 6.160789 6.134918 0.838385
v 6.171160 6.202189 0.403616
v 6.164759 6.141288 0.839334
v 6.177531 6.206216 0.404273
v 6.171130 6.145316 0.839991
v 6.185040 6.207103 0.404507
v 6.178639 6.146203 0.840225
v 6.192202 6.204674 0.404273
v 6.185801 6.143774 0.839991
v 6.197597 6.199410 0.403616
v 6.191195 6.138510 0.839334
v 6.200155 6.192354 0.402668
v 6.193755 6.131454 0.838385
v 6.199372 6.184903 0.401615
v 6.192971 6.124002 0.837332
v 6.195402 6.178533 0.400666
v 6.189001 6.117632 0.836384
v 6.189031 6.174506 0.400009
v 6.182630 6.113605 0.835727
s 1
f 2807 2808 2810 2809
f 2809 2810 2812 2811
f 2811 2812 2814 2813
f 2813 2814 2816 2815
f 2815 2816 2818 2817
f 2817 2818 2820 2819
f 2819 2820 2822 2821
f 2821 2822 2824 2823
f 2823 2824 2826 2825
f 2825 2826 2828 2827
f 2827 2828 2830 2829
f 2829 2830 2832 2831
f 2810 2808 2834 2832 2830 2828 2826 2824 2822 2820 2818 2816 2814 2812
f 2831 2832 2834 2833
f 2833 2834 2808 2807
f 2807 2809 2811 2813 2815 2817 2819 2821 2823 2825 2827 2829 2831 2833
o chair_N2_slat
v 6.546238 6.096587 0.825000
v 6.541298 6.093013 0.839040
v 6.532039 6.082301 0.844856
v 6.523884 6.070725 0.839040
v 6.521612 6.065067 0.825000
v 6.526553 6.068641 0.810960
v 6.535812 6.079353 0.805144
v 6.543966 6.090929 0.810960
v 6.528624 6.109497 0.822368
v 6.523970 6.105713 0.836451
v 6.515402 6.094493 0.842370
v 6.507940 6.082410 0.836658
v 6.505955 6.076542 0.822660
v 6.510609 6.080326 0.808577
v 6.519176 6.091545 0.802658
v 6.526638 6.103628 0.808370
v 6.510248 6.121298 0.819746
v 6.505893 6.117322 0.833872
v 6.498047 6.105639 0.839894
v 6.491307 6.093093 0.834284
v 6.489620 6.087032 0.820330
v 6.493975 6.091008 0.806204
v 6.501821 6.102691 0.800182
v 6.508561 6.115238 0.805791
v 6.491178 6.131949 0.817143
v 6.487134 6.127800 0.831311
v 6.480037 6.115698 0.837436
v 6.474046 6.102733 0.831929
v 6.472670 6.096499 0.818016
v 6.476714 6.100648 0.803848
v 6.483810 6.112750 0.797723
v 6.489802 6.125715 0.803231
v 6.471487 6.141408 0.814570
v 6.467762 6.137105 0.828780
v 6.461440 6.124632 0.835006
v 6.456222 6.111296 0.829599
v 6.455166 6.104908 0.815729
v 6.458890 6.109211 0.801519
v 6.465213 6.121684 0.795293
v 6.470431 6.135021 0.800699
v 6.451247 6.149642 0.812036
v 6.447852 6.145205 0.826287
v 6.442325 6.132408 0.832612
v 6.437902 6.118748 0.827306
v 6.437175 6.112226 0.813476
v 6.440570 6.116663 0.799225
v 6.446098 6.129460 0.792900
v 6.450521 6.143120 0.798206
v 6.430535 6.156617 0.809550
v 6.427477 6.152067 0.823842
v 6.422763 6.138996 0.830264
v 6.419154 6.125062 0.825055
v 6.418764 6.118427 0.811266
v 6.421822 6.122977 0.796975
v 6.426536 6.136048 0.790552
v 6.430145 6.149982 0.795761
v 6.409427 6.162310 0.807121
v 6.406713 6.157667 0.821453
v 6.402827 6.144372 0.827971
v 6.400048 6.130215 0.822857
v 6.400002 6.123487 0.809108
v 6.402716 6.128130 0.794777
v 6.406601 6.141424 0.788259
v 6.409380 6.155582 0.793372
v 6.388002 6.166698 0.804760
v 6.385636 6.161983 0.819130
v 6.382593 6.148517 0.825741
v 6.380655 6.134187 0.820720
v 6.380958 6.127388 0.807009
v 6.383323 6.132102 0.792639
v 6.386366 6.145569 0.786028
v 6.388304 6.159899 0.791049
v 6.366341 6.169765 0.802474
v 6.364327 6.165001 0.816881
v 6.362135 6.151413 0.823582
v 6.361048 6.136963 0.818651
v 6.361703 6.130114 0.804977
v 6.363716 6.134878 0.790570
v 6.365908 6.148466 0.783869
v 6.366995 6.162916 0.788800
v 6.344523 6.171500 0.800272
v 6.342865 6.166708 0.814715
v 6.341530 6.153052 0.821502
v 6.341300 6.138534 0.816658
v 6.342309 6.131656 0.803020
v 6.343968 6.136449 0.788577
v 6.345303 6.150104 0.781790
v 6.345533 6.164623 0.786634
v 6.322632 6.171896 0.798163
v 6.321330 6.167097 0.812640
v 6.320855 6.153426 0.819510
v 6.321485 6.138892 0.814748
v 6.322851 6.132008 0.801145
v 6.324152 6.136807 0.786668
v 6.324628 6.150478 0.779797
v 6.323998 6.165012 0.784559
v 6.300747 6.170952 0.796153
v 6.299801 6.166168 0.810663
v 6.300186 6.152534 0.817612
v 6.301676 6.138037 0.812930
v 6.303398 6.131169 0.799359
v 6.304344 6.135953 0.784849
v 6.303959 6.149587 0.777900
v 6.302470 6.164084 0.782582
v 6.278952 6.168671 0.794252
v 6.278361 6.163925 0.808793
v 6.279602 6.150381 0.815816
v 6.281948 6.135973 0.811208
v 6.284024 6.129142 0.797668
v 6.284616 6.133888 0.783127
v 6.283375 6.147432 0.776104
v 6.281029 6.161840 0.780712
v 6.257328 6.165062 0.792465
v 6.257088 6.160374 0.807035
v 6.259178 6.146972 0.814129
v 6.262373 6.132706 0.809591
v 6.264802 6.125934 0.796080
v 6.265042 6.130621 0.781510
v 6.262951 6.144024 0.774416
v 6.259756 6.158290 0.778954
v 6.235954 6.160139 0.790800
v 6.236062 6.155530 0.805397
v 6.238992 6.142322 0.812556
v 6.243027 6.128249 0.808084
v 6.245803 6.121557 0.794600
v 6.245695 6.126164 0.780003
v 6.242765 6.139374 0.772843
v 6.238730 6.153446 0.777316
v 6.214911 6.153918 0.789262
v 6.215362 6.149412 0.803884
v 6.219119 6.136447 0.811104
v 6.223980 6.122619 0.806692
v 6.227099 6.116028 0.793233
v 6.226648 6.120534 0.778611
v 6.222892 6.133499 0.771391
v 6.218030 6.147327 0.775803
v 6.194278 6.146425 0.787858
v 6.195065 6.142040 0.802503
v 6.199632 6.129370 0.809777
v 6.205304 6.115836 0.805421
v 6.208758 6.109367 0.791985
v 6.207972 6.113751 0.777340
v 6.203405 6.126422 0.770065
v 6.197733 6.139956 0.774422
v 6.174131 6.137686 0.786592
v 6.175246 6.133444 0.801258
v 6.180604 6.121117 0.808582
v 6.187068 6.107926 0.804275
v 6.190850 6.101599 0.790860
v 6.189736 6.105842 0.776194
v 6.184378 6.118169 0.768870
v 6.177914 6.131359 0.773177
s 1
f 2835 2836 2844 2843
f 2836 2837 2845 2844
f 2837 2838 2846 2845
f 2838 2839 2847 2846
f 2839 2840 2848 2847
f 2840 2841 2849 2848
f 2841 2842 2850 2849
f 2842 2835 2843 2850
f 2843 2844 2852 2851
f 2844 2845 2853 2852
f 2845 2846 2854 2853
f 2846 2847 2855 2854
f 2847 2848 2856 2855
f 2848 2849 2857 2856
f 2849 2850 2858 2857
f 2850 2843 2851 2858
f 2851 2852 2860 2859
f 2852 2853 2861 2860
f 2853 2854 2862 2861
f 2854 2855 2863 2862
f 2855 2856 2864 2863
f 2856 2857 2865 2864
f 2857 2858 2866 2865
f 2858 2851 2859 2866
f 2859 2860 2868 2867
f 2860 2861 2869 2868
f 2861 2862 2870 2869
f 2862 2863 2871 2870
f 2863 2864 2872 2871
f 2864 2865 2873 2872
f 2865 2866 2874 2873
f 2866 2859 2867 2874
f 2867 2868 2876 2875
f 2868 2869 2877 2876
f 2869 2870 2878 2877
f 2870 2871 2879 2878
f 2871 2872 2880 2879
f 2872 2873 2881 2880
f 2873 2874 2882 2881
f 2874 2867 2875 2882
f 2875 2876 2884 2883
f 2876 2877 2885 2884
f 2877 2878 2886 2885
f 2878 2879 2887 2886
f 2879 2880 2888 2887
f 2880 2881 2889 2888
f 2881 2882 2890 2889
f 2882 2875 2883 2890
f 2883 2884 2892 2891
f 2884 2885 2893 2892
f 2885 2886 2894 2893
f 2886 2887 2895 2894
f 2887 2888 2896 2895
f 2888 2889 2897 2896
f 2889 2890 2898 2897
f 2890 2883 2891 2898
f 2891 2892 2900 2899
f 2892 2893 2901 2900
f 2893 2894 2902 2901
f 2894 2895 2903 2902
f 2895 2896 2904 2903
f 2896 2897 2905 2904
f 2897 2898 2906 2905
f 2898 2891 2899 2906
f 2899 2900 2908 2907
f 2900 2901 2909 2908
f 2901 2902 2910 2909
f 2902 2903 2911 2910
f 2903 2904 2912 2911
f 2904 2905 2913 2912
f 2905 2906 2914 2913
f 2906 2899 2907 2914
f 2907 2908 2916 2915
f 2908 2909 2917 2916
f 2909 2910 2918 2917
f 2910 2911 2919 2918
f 2911 2912 2920 2919
f 2912 2913 2921 2920
f 2913 2914 2922 2921
f 2914 2907 2915 2922
f 2915 2916 2924 2923
f 2916 2917 2925 2924
f 2917 2918 2926 2925
f 2918 2919 2927 2926
f 2919 2920 2928 2927
f 2920 2921 2929 2928
f 2921 2922 2930 2929
f 2922 2915 2923 2930
f 2923 2924 2932 2931
f 2924 2925 2933 2932
f 2925 2926 2934 2933
f 2926 2927 2935 2934
f 2927 2928 2936 2935
f 2928 2929 2937 2936
f 2929 2930 2938 2937
f 2930 2923 2931 2938
f 2931 2932 2940 2939
f 2932 2933 2941 2940
f 2933 2934 2942 2941
f 2934 2935 2943 2942
f 2935 2936 2944 2943
f 2936 2937 2945 2944
f 2937 2938 2946 2945
f 2938 2931 2939 2946
f 2939 2940 2948 2947
f 2940 2941 2949 2948
f 2941 2942 2950 2949
f 2942 2943 2951 2950
f 2943 2944 2952 2951
f 2944 2945 2953 2952
f 2945 2946 2954 2953
f 2946 2939 2947 2954
f 2947 2948 2956 2955
f 2948 2949 2957 2956
f 2949 2950 2958 2957
f 2950 2951 2959 2958
f 2951 2952 2960 2959
f 2952 2953 2961 2960
f 2953 2954 2962 2961
f 2954 2947 2955 2962
f 2955 2956 2964 2963
f 2956 2957 2965 2964
f 2957 2958 2966 2965
f 2958 2959 2967 2966
f 2959 2960 2968 2967
f 2960 2961 2969 2968
f 2961 2962 2970 2969
f 2962 2955 2963 2970
f 2963 2964 2972 2971
f 2964 2965 2973 2972
f 2965 2966 2974 2973
f 2966 2967 2975 2974
f 2967 2968 2976 2975
f 2968 2969 2977 2976
f 2969 2970 2978 2977
f 2970 2963 2971 2978
f 2971 2972 2980 2979
f 2972 2973 2981 2980
f 2973 2974 2982 2981
f 2974 2975 2983 2982
f 2975 2976 2984 2983
f 2976 2977 2985 2984
f 2977 2978 2986 2985
f 2978 2971 2979 2986
o chair_N2_stretcher
v 6.133358 6.365923 0.160000
v 6.137337 6.365505 0.166928
v 6.145293 6.364669 0.166928
v 6.149271 6.364251 0.160000
v 6.145293 6.364669 0.153072
v 6.137337 6.365505 0.153072
v 6.136046 6.295386 0.160000
v 6.139981 6.296106 0.166928
v 6.147850 6.297545 0.166928
v 6.151785 6.298265 0.160000
v 6.147850 6.297545 0.153072
v 6.139981 6.296106 0.153072
v 6.158497 6.228464 0.160000
v 6.162070 6.230263 0.166928
v 6.169215 6.233860 0.166928
v 6.172788 6.235660 0.160000
v 6.169215 6.233860 0.153072
v 6.162070 6.230263 0.153072
v 6.198893 6.170577 0.160000
v 6.201814 6.173310 0.166928
v 6.207656 6.178775 0.166928
v 6.210577 6.181508 0.160000
v 6.207656 6.178775 0.153072
v 6.201814 6.173310 0.153072
v 6.253961 6.126416 0.160000
v 6.255994 6.129861 0.166928
v 6.260060 6.136751 0.166928
v 6.262093 6.140196 0.160000
v 6.260060 6.136751 0.153072
v 6.255994 6.129861 0.153072
v 6.319240 6.099558 0.160000
v 6.320220 6.103436 0.166928
v 6.322180 6.111193 0.166928
v 6.323160 6.115071 0.160000
v 6.322180 6.111193 0.153072
v 6.320220 6.103436 0.153072
v 6.389441 6.092180 0.160000
v 6.389289 6.096177 0.166928
v 6.388985 6.104171 0.166928
v 6.388833 6.108168 0.160000
v 6.388985 6.104171 0.153072
v 6.389289 6.096177 0.153072
v 6.458878 6.104878 0.160000
v 6.457606 6.108671 0.166928
v 6.455061 6.116255 0.166928
v 6.453789 6.120048 0.160000
v 6.455061 6.116255 0.153072
v 6.457606 6.108671 0.153072
v 6.521924 6.136625 0.160000
v 6.519636 6.139905 0.166928
v 6.515057 6.146466 0.166928
v 6.512768 6.149746 0.160000
v 6.515057 6.146466 0.153072
v 6.519636 6.139905 0.153072
v 6.573473 6.184848 0.160000
v 6.570353 6.187350 0.166928
v 6.564111 6.192355 0.166928
v 6.560991 6.194858 0.160000
v 6.564111 6.192355 0.153072
v 6.570353 6.187350 0.153072
v 6.609347 6.245640 0.160000
v 6.605649 6.247162 0.166928
v 6.598250 6.250206 0.166928
v 6.594551 6.251728 0.160000
v 6.598250 6.250206 0.153072
v 6.605649 6.247162 0.153072
v 6.626642 6.314077 0.160000
v 6.622663 6.314495 0.166928
v 6.614707 6.315331 0.166928
v 6.610729 6.315750 0.160000
v 6.614707 6.315331 0.153072
v 6.622663 6.314495 0.153072
v 6.623954 6.384614 0.160000
v 6.620019 6.383894 0.166928
v 6.612150 6.382455 0.166928
v 6.608215 6.381736 0.160000
v 6.612150 6.382455 0.153072
v 6.620019 6.383894 0.153072
v 6.601503 6.451537 0.160000
v 6.597930 6.449738 0.166928
v 6.590786 6.446140 0.166928
v 6.587213 6.444341 0.160000
v 6.590786 6.446140 0.153072
v 6.597930 6.449738 0.153072
v 6.561107 6.509423 0.160000
v 6.558186 6.506691 0.166928
v 6.552344 6.501225 0.166928
v 6.549423 6.498493 0.160000
v 6.552344 6.501225 0.153072
v 6.558186 6.506691 0.153072
v 6.506039 6.553584 0.160000
v 6.504006 6.550139 0.166928
v 6.499940 6.543250 0.166928
v 6.497908 6.539804 0.160000
v 6.499940 6.543250 0.153072
v 6.504006 6.550139 0.153072
v 6.440760 6.580442 0.160000
v 6.439780 6.576564 0.166928
v 6.437820 6.568808 0.166928
v 6.436840 6.564929 0.160000
v 6.437820 6.568808 0.153072
v 6.439780 6.576564 0.153072
v 6.370559 6.587821 0.160000
v 6.370711 6.583823 0.166928
v 6.371016 6.575829 0.166928
v 6.371168 6.571832 0.160000
v 6.371016 6.575829 0.153072
v 6.370711 6.583823 0.153072
v 6.301122 6.575122 0.160000
v 6.302394 6.571330 0.166928
v 6.304939 6.563745 0.166928
v 6.306211 6.559953 0.160000
v 6.304939 6.563745 0.153072
v 6.302394 6.571330 0.153072
v 6.238076 6.543375 0.160000
v 6.240365 6.540095 0.166928
v 6.244943 6.533535 0.166928
v 6.247232 6.530254 0.160000
v 6.244943 6.533535 0.153072
v 6.240365 6.540095 0.153072
v 6.186527 6.495152 0.160000
v 6.189648 6.492650 0.166928
v 6.195889 6.487645 0.166928
v 6.199009 6.485143 0.160000
v 6.195889 6.487645 0.153072
v 6.189648 6.492650 0.153072
v 6.150653 6.434360 0.160000
v 6.154352 6.432838 0.166928
v 6.161750 6.429794 0.166928
v 6.165449 6.428272 0.160000
v 6.161750 6.429794 0.153072
v 6.154352 6.432838 0.153072
v 6.133358 6.365923 0.160000
v 6.137337 6.365505 0.166928
v 6.145293 6.364669 0.166928
v 6.149271 6.364251 0.160000
v 6.145293 6.364669 0.153072
v 6.137337 6.365505 0.153072
s 1
f 2987 2988 2994 2993
f 2988 2989 2995 2994
f 2989 2990 2996 2995
f 2990 2991 2997 2996
f 2991 2992 2998 2997
f 2992 2987 2993 2998
f 2993 2994 3000 2999
f 2994 2995 3001 3000
f 2995 2996 3002 3001
f 2996 2997 3003 3002
f 2997 2998 3004 3003
f 2998 2993 2999 3004
f 2999 3000 3006 3005
f 3000 3001 3007 3006
f 3001 3002 3008 3007
f 3002 3003 3009 3008
f 3003 3004 3010 3009
f 3004 2999 3005 3010
f 3005 3006 3012 3011
f 3006 3007 3013 3012
f 3007 3008 3014 3013
f 3008 3009 3015 3014
f 3009 3010 3016 3015
f 3010 3005 3011 3016
f 3011 3012 3018 3017
f 3012 3013 3019 3018
f 3013 3014 3020 3019
f 3014 3015 3021 3020
f 3015 3016 3022 3021
f 3016 3011 3017 3022
f 3017 3018 3024 3023
f 3018 3019 3025 3024
f 3019 3020 3026 3025
f 3020 3021 3027 3026
f 3021 3022 3028 3027
f 3022 3017 3023 3028
f 3023 3024 3030 3029
f 3024 3025 3031 3030
f 3025 3026 3032 3031
f 3026 3027 3033 3032
f 3027 3028 3034 3033
f 3028 3023 3029 3034
f 3029 3030 3036 3035
f 3030 3031 3037 3036
f 3031 3032 3038 3037
f 3032 3033 3039 3038
f 3033 3034 3040 3039
f 3034 3029 3035 3040
f 3035 3036 3042 3041
f 3036 3037 3043 3042
f 3037 3038 3044 3043
f 3038 3039 3045 3044
f 3039 3040 3046 3045
f 3040 3035 3041 3046
f 3041 3042 3048 3047
f 3042 3043 3049 3048
f 3043 3044 3050 3049
f 3044 3045 3051 3050
f 3045 3046 3052 3051
f 3046 3041 3047 3052
f 3047 3048 3054 3053
f 3048 3049 3055 3054
f 3049 3050 3056 3055
f 3050 3051 3057 3056
f 3051 3052 3058 3057
f 3052 3047 3053 3058
f 3053 3054 3060 3059
f 3054 3055 3061 3060
f 3055 3056 3062 3061
f 3056 3057 3063 3062
f 3057 3058 3064 3063
f 3058 3053 3059 3064
f 3059 3060 3066 3065
f 3060 3061 3067 3066
f 3061 3062 3068 3067
f 3062 3063 3069 3068
f 3063 3064 3070 3069
f 3064 3059 3065 3070
f 3065 3066 3072 3071
f 3066 3067 3073 3072
f 3067 3068 3074 3073
f 3068 3069 3075 3074
f 3069 3070 3076 3075
f 3070 3065 3071 3076
f 3071 3072 3078 3077
f 3072 3073 3079 3078
f 3073 3074 3080 3079
f 3074 3075 3081 3080
f 3075 3076 3082 3081
f 3076 3071 3077 3082
f 3077 3078 3084 3083
f 3078 3079 3085 3084
f 3079 3080 3086 3085
f 3080 3081 3087 3086
f 3081 3082 3088 3087
f 3082 3077 3083 3088
f 3083 3084 3090 3089
f 3084 3085 3091 3090
f 3085 3086 3092 3091
f 3086 3087 3093 3092
f 3087 3088 3094 3093
f 3088 3083 3089 3094
f 3089 3090 3096 3095
f 3090 3091 3097 3096
f 3091 3092 3098 3097
f 3092 3093 3099 3098
f 3093 3094 3100 3099
f 3094 3089 3095 3100
f 3095 3096 3102 3101
f 3096 3097 3103 3102
f 3097 3098 3104 3103
f 3098 3099 3105 3104
f 3099 3100 3106 3105
f 3100 3095 3101 3106
f 3101 3102 3108 3107
f 3102 3103 3109 3108
f 3103 3104 3110 3109
f 3104 3105 3111 3110
f 3105 3106 3112 3111
f 3106 3101 3107 3112
f 3107 3108 3114 3113
f 3108 3109 3115 3114
f 3109 3110 3116 3115
f 3110 3111 3117 3116
f 3111 3112 3118 3117
f 3112 3107 3113 3118
f 3113 3114 3120 3119
f 3114 3115 3121 3120
f 3115 3116 3122 3121
f 3116 3117 3123 3122
f 3117 3118 3124 3123
f 3118 3113 3119 3124
o chair_S1_post-0.18
v 5.270000 5.086216 0.399775
v 5.270000 5.147452 0.835493
v 5.277376 5.084549 0.400009
v 5.277376 5.145785 0.835727
v 5.283291 5.079878 0.400666
v 5.283291 5.141114 0.836384
v 5.286574 5.073128 0.401615
v 5.286574 5.134364 0.837332
v 5.286574 5.065636 0.402668
v 5.286574 5.126872 0.838385
v 5.283291 5.058886 0.403616
v 5.283291 5.120122 0.839334
v 5.277376 5.054214 0.404273
v 5.277376 5.115450 0.839991
v 5.270000 5.052547 0.404507
v 5.270000 5.113783 0.840225
v 5.262624 5.054214 0.404273
v 5.262624 5.115450 0.839991
v 5.256709 5.058886 0.403616
v 5.256709 5.120122 0.839334
v 5.253426 5.065636 0.402668
v 5.253426 5.126872 0.838385
v 5.253426 5.073128 0.401615
v 5.253426 5.134364 0.837332
v 5.256709 5.079878 0.400666
v 5.256709 5.141114 0.836384
v 5.262624 5.084549 0.400009
v 5.262624 5.145785 0.835727
s 1
f 3125 3126 3128 3127
f 3127 3128 3130 3129
f 3129 3130 3132 3131
f 3131 3132 3134 3133
f 3133 3134 3136 3135
f 3135 3136 3138 3137
f 3137 3138 3140 3139
f 3139 3140 3142 3141
f 3141 3142 3144 3143
f 3143 3144 3146 3145
f 3145 3146 3148 3147
f 3147 3148 3150 3149
f 3128 3126 3152 3150 3148 3146 3144 3142 3140 3138 3136 3134 3132 3130
f 3149 3150 3152 3151
f 3151 3152 3126 3125
f 3125 3127 3129 3131 3133 3135 3137 3139 3141 3143 3145 3147 3149 3151
o chair_S1_post0.18
v 5.630000 5.086216 0.399775
v 5.630000 5.147452 0.835493
v 5.637376 5.084549 0.400009
v 5.637376 5.145785 0.835727
v 5.643291 5.079878 0.400666
v 5.643291 5.141114 0.836384
v 5.646574 5.073128 0.401615
v 5.646574 5.134364 0.837332
v 5.646574 5.065636 0.402668
v 5.646574 5.126872 0.838385
v 5.643291 5.058886 0.403616
v 5.643291 5.120122 0.839334
v 5.637376 5.054214 0.404273
v 5.637376 5.115450 0.839991
v 5.630000 5.052547 0.404507
v 5.630000 5.113783 0.840225
v 5.622623 5.054214 0.404273
v 5.622623 5.115450 0.839991
v 5.616708 5.058886 0.403616
v 5.616708 5.120122 0.839334
v 5.613426 5.065636 0.402668
v 5.613426 5.126872 0.838385
v 5.613426 5.073128 0.401615
v 5.613426 5.134364 0.837332
v 5.616708 5.079878 0.400666
v 5.616708 5.141114 0.836384
v 5.622623 5.084549 0.400009
v 5.622623 5.145785 0.835727
s 1
f 3153 3154 3156 3155
f 3155 3156 3158 3157
f 3157 3158 3160 3159
f 3159 3160 3162 3161
f 3161 3162 3164 3163
f 3163 3164 3166 3165
f 3165 3166 3168 3167
f 3167 3168 3170 3169
f 3169 3170 3172 3171
f 3171 3172 3174 3173
f 3173 3174 3176 3175
f 3175 3176 3178 3177
f 3156 3154 3180 3178 3176 3174 3172 3170 3168 3166 3164 3162 3160 3158
f 3177 3178 3180 3179
f 3179 3180 3154 3153
f 3153 3155 3157 3159 3161 3163 3165 3167 3169 3171 3173 3175 3177 3179
o chair_S1_slat
v 5.259229 5.124703 0.825000
v 5.263769 5.128774 0.839040
v 5.271858 5.140395 0.844856
v 5.278757 5.152760 0.839040
v 5.280426 5.158625 0.825000
v 5.275886 5.154554 0.810960
v 5.267797 5.142933 0.805144
v 5.260897 5.130568 0.810960
v 5.278096 5.113706 0.822368
v 5.282329 5.117955 0.836451
v 5.289677 5.130009 0.842370
v 5.295835 5.142806 0.836658
v 5.297197 5.148849 0.822660
v 5.292964 5.144600 0.808577
v 5.285616 5.132546 0.802658
v 5.279458 5.119750 0.808370
v 5.297606 5.103889 0.819746
v 5.301521 5.108299 0.833872
v 5.308102 5.120738 0.839894
v 5.313494 5.133920 0.834284
v 5.314538 5.140124 0.820330
v 5.310623 5.135715 0.806204
v 5.304041 5.123275 0.800182
v 5.298650 5.110093 0.805791
v 5.317684 5.095290 0.817143
v 5.321272 5.099840 0.831311
v 5.327065 5.112617 0.837436
v 5.331668 5.126137 0.831929
v 5.332386 5.132480 0.818016
v 5.328797 5.127931 0.803848
v 5.323004 5.115154 0.797723
v 5.318401 5.101634 0.803231
v 5.338256 5.087941 0.814570
v 5.341510 5.092610 0.828780
v 5.346494 5.105676 0.835006
v 5.350289 5.119484 0.829599
v 5.350672 5.125947 0.815729
v 5.347418 5.121279 0.801519
v 5.342433 5.108213 0.795293
v 5.338638 5.094404 0.800699
v 5.359245 5.081869 0.812036
v 5.362158 5.086637 0.826287
v 5.366318 5.099941 0.832612
v 5.369288 5.113988 0.827306
v 5.369329 5.120550 0.813476
v 5.366416 5.115782 0.799225
v 5.362257 5.102478 0.792900
v 5.359286 5.088430 0.798206
v 5.380574 5.077096 0.809550
v 5.383139 5.081942 0.823842
v 5.386461 5.095433 0.830264
v 5.388594 5.109668 0.825055
v 5.388288 5.116308 0.811266
v 5.385722 5.111463 0.796975
v 5.382400 5.097971 0.790552
v 5.380268 5.083736 0.795761
v 5.402161 5.073641 0.807121
v 5.404375 5.078543 0.821453
v 5.406849 5.092170 0.827971
v 5.408134 5.106541 0.822857
v 5.407476 5.113236 0.809108
v 5.405262 5.108335 0.794777
v 5.402788 5.094707 0.788259
v 5.401504 5.080337 0.793372
v 5.423927 5.071517 0.804760
v 5.425787 5.076453 0.819130
v 5.427406 5.090164 0.825741
v 5.427835 5.104618 0.820720
v 5.426824 5.111348 0.807009
v 5.424964 5.106412 0.792639
v 5.423345 5.092701 0.786028
v 5.422915 5.078247 0.791049
v 5.445790 5.070730 0.802474
v 5.447295 5.075679 0.816881
v 5.448055 5.089421 0.823582
v 5.447625 5.103906 0.818651
v 5.446258 5.110649 0.804977
v 5.444754 5.105700 0.790570
v 5.443994 5.091959 0.783869
v 5.444423 5.077474 0.788800
v 5.467669 5.071285 0.800272
v 5.468818 5.076225 0.814715
v 5.468718 5.089945 0.821502
v 5.467429 5.104409 0.816658
v 5.465706 5.111143 0.803020
v 5.464558 5.106203 0.788577
v 5.464657 5.092483 0.781790
v 5.465946 5.078020 0.786634
v 5.489482 5.073180 0.798163
v 5.490276 5.078089 0.812640
v 5.489319 5.091734 0.819510
v 5.487174 5.106123 0.814748
v 5.485096 5.112826 0.801145
v 5.484302 5.107917 0.786668
v 5.485259 5.094272 0.779797
v 5.487404 5.079883 0.784559
v 5.511148 5.076406 0.796153
v 5.511589 5.081263 0.810663
v 5.509781 5.094781 0.817612
v 5.506784 5.109044 0.812930
v 5.504354 5.115695 0.799359
v 5.503913 5.110838 0.784849
v 5.505721 5.097319 0.777900
v 5.508718 5.083057 0.782582
v 5.532586 5.080953 0.794252
v 5.532678 5.085735 0.808793
v 5.530028 5.099076 0.815816
v 5.526189 5.113159 0.811208
v 5.523409 5.119736 0.797668
v 5.523317 5.114954 0.783127
v 5.525967 5.101613 0.776104
v 5.529806 5.087530 0.780712
v 5.553715 5.086802 0.792465
v 5.553463 5.091490 0.807035
v 5.549983 5.104600 0.814129
v 5.545314 5.118454 0.809591
v 5.542191 5.124936 0.796080
v 5.542443 5.120248 0.781510
v 5.545922 5.107138 0.774416
v 5.550591 5.093284 0.778954
v 5.574457 5.093934 0.790800
v 5.573867 5.098505 0.805397
v 5.569572 5.111335 0.812556
v 5.564089 5.124909 0.808084
v 5.560628 5.131274 0.794600
v 5.561217 5.126703 0.780003
v 5.565512 5.113873 0.772843
v 5.570996 5.100299 0.777316
v 5.594734 5.102319 0.789262
v 5.593814 5.106754 0.803884
v 5.588723 5.119255 0.811104
v 5.582443 5.132499 0.806692
v 5.578652 5.138728 0.793233
v 5.579572 5.134294 0.778611
v 5.584662 5.121792 0.771391
v 5.590943 5.108548 0.775803
v 5.614470 5.111928 0.787858
v 5.613230 5.116207 0.802503
v 5.607364 5.128330 0.809777
v 5.600308 5.141197 0.805421
v 5.596196 5.147270 0.791985
v 5.597436 5.142991 0.777340
v 5.603303 5.130867 0.770065
v 5.610359 5.118001 0.774422
v 5.633594 5.122725 0.786592
v 5.632042 5.126828 0.801258
v 5.625424 5.138527 0.808582
v 5.617617 5.150970 0.804275
v 5.613194 5.156867 0.790860
v 5.614746 5.152764 0.776194
v 5.621363 5.141065 0.768870
v 5.629170 5.128622 0.773177
s 1
f 3181 3182 3190 3189
f 3182 3183 3191 3190
f 3183 3184 3192 3191
f 3184 3185 3193 3192
f 3185 3186 3194 3193
f 3186 3187 3195 3194
f 3187 3188 3196 3195
f 3188 3181 3189 3196
f 3189 3190 3198 3197
f 3190 3191 3199 3198
f 3191 3192 3200 3199
f 3192 3193 3201 3200
f 3193 3194 3202 3201
f 3194 3195 3203 3202
f 3195 3196 3204 3203
f 3196 3189 3197 3204
f 3197 3198 3206 3205
f 3198 3199 3207 3206
f 3199 3200 3208 3207
f 3200 3201 3209 3208
f 3201 3202 3210 3209
f 3202 3203 3211 3210
f 3203 3204 3212 3211
f 3204 3197 3205 3212
f 3205 3206 3214 3213
f 3206 3207 3215 3214
f 3207 3208 3216 3215
f 3208 3209 3217 3216
f 3209 3210 3218 3217
f 3210 3211 3219 3218
f 3211 3212 3220 3219
f 3212 3205 3213 3220
f 3213 3214 3222 3221
f 3214 3215 3223 3222
f 3215 3216 3224 3223
f 3216 3217 3225 3224
f 3217 3218 3226 3225
f 3218 3219 3227 3226
f 3219 3220 3228 3227
f 3220 3213 3221 3228
f 3221 3222 3230 3229
f 3222 3223 3231 3230
f 3223 3224 3232 3231
f 3224 3225 3233 3232
f 3225 3226 3234 3233
f 3226 3227 3235 3234
f 3227 3228 3236 3235
f 3228 3221 3229 3236
f 3229 3230 3238 3237
f 3230 3231 3239 3238
f 3231 3232 3240 3239
f 3232 3233 3241 3240
f 3233 3234 3242 3241
f 3234 3235 3243 3242
f 3235 3236 3244 3243
f 3236 3229 3237 3244
f 3237 3238 3246 3245
f 3238 3239 3247 3246
f 3239 3240 3248 3247
f 3240 3241 3249 3248
f 3241 3242 3250 3249
f 3242 3243 3251 3250
f 3243 3244 3252 3251
f 3244 3237 3245 3252
f 3245 3246 3254 3253
f 3246 3247 3255 3254
f 3247 3248 3256 3255
f 3248 3249 3257 3256
f 3249 3250 3258 3257
f 3250 3251 3259 3258
f 3251 3252 3260 3259
f 3252 3245 3253 3260
f 3253 3254 3262 3261
f 3254 3255 3263 3262
f 3255 3256 3264 3263
f 3256 3257 3265 3264
f 3257 3258 3266 3265
f 3258 3259 3267 3266
f 3259 3260 3268 3267
f 3260 3253 3261 3268
f 3261 3262 3270 3269
f 3262 3263 3271 3270
f 3263 3264 3272 3271
f 3264 3265 3273 3272
f 3265 3266 3274 3273
f 3266 3267 3275 3274
f 3267 3268 3276 3275
f 3268 3261 3269 3276
f 3269 3270 3278 3277
f 3270 3271 3279 3278
f 3271 3272 3280 3279
f 3272 3273 3281 3280
f 3273 3274 3282 3281
f 3274 3275 3283 3282
f 3275 3276 3284 3283
f 3276 3269 3277 3284
f 3277 3278 3286 3285
f 3278 3279 3287 3286
f 3279 3280 3288 3287
f 3280 3281 3289 3288
f 3281 3282 3290 3289
f 3282 3283 3291 3290
f 3283 3284 3292 3291
f 3284 3277 3285 3292
f 3285 3286 3294 3293
f 3286 3287 3295 3294
f 3287 3288 3296 3295
f 3288 3289 3297 3296
f 3289 3290 3298 3297
f 3290 3291 3299 3298
f 3291 3292 3300 3299
f 3292 3285 3293 3300
f 3293 3294 3302 3301
f 3294 3295 3303 3302
f 3295 3296 3304 3303
f 3296 3297 3305 3304
f 3297 3298 3306 3305
f 3298 3299 3307 3306
f 3299 3300 3308 3307
f 3300 3293 3301 3308
f 3301 3302 3310 3309
f 3302 3303 3311 3310
f 3303 3304 3312 3311
f 3304 3305 3313 3312
f 3305 3306 3314 3313
f 3306 3307 3315 3314
f 3307 3308 3316 3315
f 3308 3301 3309 3316
f 3309 3310 3318 3317
f 3310 3311 3319 3318
f 3311 3312 3320 3319
f 3312 3313 3321 3320
f 3313 3314 3322 3321
f 3314 3315 3323 3322
f 3315 3316 3324 3323
f 3316 3309 3317 3324
f 3317 3318 3326 3325
f 3318 3319 3327 3326
f 3319 3320 3328 3327
f 3320 3321 3329 3328
f 3321 3322 3330 3329
f 3322 3323 3331 3330
f 3323 3324 3332 3331
f 3324 3317 3325 3332
o chair_S1_stretcher
v 5.698000 4.900000 0.160000
v 5.694000 4.900000 0.166928
v 5.686000 4.900000 0.166928
v 5.682000 4.900000 0.160000
v 5.686000 4.900000 0.153072
v 5.694000 4.900000 0.153072
v 5.687954 4.969870 0.160000
v 5.684116 4.968743 0.166928
v 5.676440 4.966489 0.166928
v 5.672602 4.965362 0.160000
v 5.676440 4.966489 0.153072
v 5.684116 4.968743 0.153072
v 5.658631 5.034079 0.160000
v 5.655266 5.031917 0.166928
v 5.648536 5.027591 0.166928
v 5.645171 5.025429 0.160000
v 5.648536 5.027591 0.153072
v 5.655266 5.031917 0.153072
v 5.612405 5.087426 0.160000
v 5.609786 5.084403 0.166928
v 5.604547 5.078357 0.166928
v 5.601927 5.075334 0.160000
v 5.604547 5.078357 0.153072
v 5.609786 5.084403 0.153072
v 5.553023 5.125589 0.160000
v 5.551361 5.121950 0.166928
v 5.548038 5.114673 0.166928
v 5.546376 5.111035 0.160000
v 5.548038 5.114673 0.153072
v 5.551361 5.121950 0.153072
v 5.485294 5.145476 0.160000
v 5.484725 5.141517 0.166928
v 5.483586 5.133598 0.166928
v 5.483017 5.129639 0.160000
v 5.483586 5.133598 0.153072
v 5.484725 5.141517 0.153072
v 5.414706 5.145476 0.160000
v 5.415275 5.141517 0.166928
v 5.416413 5.133598 0.166928
v 5.416983 5.129639 0.160000
v 5.416413 5.133598 0.153072
v 5.415275 5.141517 0.153072
v 5.346977 5.125589 0.160000
v 5.348639 5.121950 0.166928
v 5.351962 5.114673 0.166928
v 5.353623 5.111035 0.160000
v 5.351962 5.114673 0.153072
v 5.348639 5.121950 0.153072
v 5.287594 5.087426 0.160000
v 5.290214 5.084403 0.166928
v 5.295453 5.078357 0.166928
v 5.298072 5.075334 0.160000
v 5.295453 5.078357 0.153072
v 5.290214 5.084403 0.153072
v 5.241369 5.034079 0.160000
v 5.244734 5.031917 0.166928
v 5.251464 5.027591 0.166928
v 5.254829 5.025429 0.160000
v 5.251464 5.027591 0.153072
v 5.244734 5.031917 0.153072
v 5.212046 4.969870 0.160000
v 5.215884 4.968743 0.166928
v 5.223559 4.966489 0.166928
v 5.227397 4.965362 0.160000
v 5.223559 4.966489 0.153072
v 5.215884 4.968743 0.153072
v 5.202000 4.900000 0.160000
v 5.206000 4.900000 0.166928
v 5.214000 4.900000 0.166928
v 5.218000 4.900000 0.160000
v 5.214000 4.900000 0.153072
v 5.206000 4.900000 0.153072
v 5.212046 4.830131 0.160000
v 5.215884 4.831257 0.166928
v 5.223559 4.833511 0.166928
v 5.227397 4.834638 0.160000
v 5.223559 4.833511 0.153072
v 5.215884 4.831257 0.153072
v 5.241369 4.765921 0.160000
v 5.244734 4.768084 0.166928
v 5.251464 4.772409 0.166928
v 5.254829 4.774571 0.160000
v 5.251464 4.772409 0.153072
v 5.244734 4.768084 0.153072
v 5.287594 4.712574 0.160000
v 5.290214 4.715597 0.166928
v 5.295453 4.721643 0.166928
v 5.298072 4.724666 0.160000
v 5.295453 4.721643 0.153072
v 5.290214 4.715597 0.153072
v 5.346977 4.674411 0.160000
v 5.348639 4.678050 0.166928
v 5.351962 4.685327 0.166928
v 5.353623 4.688965 0.160000
v 5.351962 4.685327 0.153072
v 5.348639 4.678050 0.153072
v 5.414706 4.654524 0.160000
v 5.415275 4.658484 0.166928
v 5.416413 4.666402 0.166928
v 5.416983 4.670362 0.160000
v 5.416413 4.666402 0.153072
v 5.415275 4.658484 0.153072
v 5.485294 4.654524 0.160000
v 5.484725 4.658484 0.166928
v 5.483586 4.666402 0.166928
v 5.483017 4.670362 0.160000
v 5.483586 4.666402 0.153072
v 5.484725 4.658484 0.153072
v 5.553023 4.674411 0.160000
v 5.551361 4.678050 0.166928
v 5.548038 4.685327 0.166928
v 5.546376 4.688965 0.160000
v 5.548038 4.685327 0.153072
v 5.551361 4.678050 0.153072
v 5.612405 4.712574 0.160000
v 5.609786 4.715597 0.166928
v 5.604547 4.721643 0.166928
v 5.601927 4.724666 0.160000
v 5.604547 4.721643 0.153072
v 5.609786 4.715597 0.153072
v 5.658631 4.765921 0.160000
v 5.655266 4.768084 0.166928
v 5.648536 4.772409 0.166928
v 5.645171 4.774571 0.160000
v 5.648536 4.772409 0.153072
v 5.655266 4.768084 0.153072
v 5.687954 4.830131 0.160000
v 5.684116 4.831257 0.166928
v 5.676440 4.833511 0.166928
v 5.672602 4.834638 0.160000
v 5.676440 4.833511 0.153072
v 5.684116 4.831257 0.153072
v 5.698000 4.900000 0.160000
v 5.694000 4.900000 0.166928
v 5.686000 4.900000 0.166928
v 5.682000 4.900000 0.160000
v 5.686000 4.900000 0.153072
v 5.694000 4.900000 0.153072
s 1
f 3333 3334 3340 3339
f 3334 3335 3341 3340
f 3335 3336 3342 3341
f 3336 3337 3343 3342
f 3337 3338 3344 3343
f 3338 3333 3339 3344
f 3339 3340 3346 3345
f 3340 3341 3347 3346
f 3341 3342 3348 3347
f 3342 3343 3349 3348
f 3343 3344 3350 3349
f 3344 3339 3345 3350
f 3345 3346 3352 3351
f 3346 3347 3353 3352
f 3347 3348 3354 3353
f 3348 3349 3355 3354
f 3349 3350 3356 3355
f 3350 3345 3351 3356
f 3351 3352 3358 3357
f 3352 3353 3359 3358
f 3353 3354 3360 3359
f 3354 3355 3361 3360
f 3355 3356 3362 3361
f 3356 3351 3357 3362
f 3357 3358 3364 3363
f 3358 3359 3365 3364
f 3359 3360 3366 3365
f 3360 3361 3367 3366
f 3361 3362 3368 3367
f 3362 3357 3363 3368
f 3363 3364 3370 3369
f 3364 3365 3371 3370
f 3365 3366 3372 3371
f 3366 3367 3373 3372
f 3367 3368 3374 3373
f 3368 3363 3369 3374
f 3369 3370 3376 3375
f 3370 3371 3377 3376
f 3371 3372 3378 3377
f 3372 3373 3379 3378
f 3373 3374 3380 3379
f 3374 3369 3375 3380
f 3375 3376 3382 3381
f 3376 3377 3383 3382
f 3377 3378 3384 3383
f 3378 3379 3385 3384
f 3379 3380 3386 3385
f 3380 3375 3381 3386
f 3381 3382 3388 3387
f 3382 3383 3389 3388
f 3383 3384 3390 3389
f 3384 3385 3391 3390
f 3385 3386 3392 3391
f 3386 3381 3387 3392
f 3387 3388 3394 3393
f 3388 3389 3395 3394
f 3389 3390 3396 3395
f 3390 3391 3397 3396
f 3391 3392 3398 3397
f 3392 3387 3393 3398
f 3393 3394 3400 3399
f 3394 3395 3401 3400
f 3395 3396 3402 3401
f 3396 3397 3403 3402
f 3397 3398 3404 3403
f 3398 3393 3399 3404
f 3399 3400 3406 3405
f 3400 3401 3407 3406
f 3401 3402 3408 3407
f 3402 3403 3409 3408
f 3403 3404 3410 3409
f 3404 3399 3405 3410
f 3405 3406 3412 3411
f 3406 3407 3413 3412
f 3407 3408 3414 3413
f 3408 3409 3415 3414
f 3409 3410 3416 3415
f 3410 3405 3411 3416
f 3411 3412 3418 3417
f 3412 3413 3419 3418
f 3413 3414 3420 3419
f 3414 3415 3421 3420
f 3415 3416 3422 3421
f 3416 3411 3417 3422
f 3417 3418 3424 3423
f 3418 3419 3425 3424
f 3419 3420 3426 3425
f 3420 3421 3427 3426
f 3421 3422 3428 3427
f 3422 3417 3423 3428
f 3423 3424 3430 3429
f 3424 3425 3431 3430
f 3425 3426 3432 3431
f 3426 3427 3433 3432
f 3427 3428 3434 3433
f 3428 3423 3429 3434
f 3429 3430 3436 3435
f 3430 3431 3437 3436
f 3431 3432 3438 3437
f 3432 3433 3439 3438
f 3433 3434 3440 3439
f 3434 3429 3435 3440
f 3435 3436 3442 3441
f 3436 3437 3443 3442
f 3437 3438 3444 3443
f 3438 3439 3445 3444
f 3439 3440 3446 3445
f 3440 3435 3441 3446
f 3441 3442 3448 3447
f 3442 3443 3449 3448
f 3443 3444 3450 3449
f 3444 3445 3451 3450
f 3445 3446 3452 3451
f 3446 3441 3447 3452
f 3447 3448 3454 3453
f 3448 3449 3455 3454
f 3449 3450 3456 3455
f 3450 3451 3457 3456
f 3451 3452 3458 3457
f 3452 3447 3453 3458
f 3453 3454 3460 3459
f 3454 3455 3461 3460
f 3455 3456 3462 3461
f 3456 3457 3463 3462
f 3457 3458 3464 3463
f 3458 3453 3459 3464
f 3459 3460 3466 3465
f 3460 3461 3467 3466
f 3461 3462 3468 3467
f 3462 3463 3469 3468
f 3463 3464 3470 3469
f 3464 3459 3465 3470
o chair_S2_post-0.18
v 6.175836 4.779353 0.399775
v 6.167313 4.839993 0.835493
v 6.183372 4.778728 0.400009
v 6.174850 4.839369 0.835727
v 6.189879 4.774926 0.400666
v 6.181357 4.835566 0.836384
v 6.194070 4.768698 0.401615
v 6.185547 4.829339 0.837332
v 6.195112 4.761279 0.402668
v 6.186590 4.821919 0.838385
v 6.192801 4.754138 0.403616
v 6.184278 4.814778 0.839334
v 6.187593 4.748689 0.404273
v 6.179071 4.809329 0.839991
v 6.180521 4.746011 0.404507
v 6.171999 4.806652 0.840225
v 6.172985 4.746635 0.404273
v 6.164463 4.807276 0.839991
v 6.166478 4.750438 0.403616
v 6.157955 4.811079 0.839334
v 6.162287 4.756666 0.402668
v 6.153765 4.817306 0.838385
v 6.161245 4.764085 0.401615
v 6.152722 4.824725 0.837332
v 6.163556 4.771226 0.400666
v 6.155034 4.831866 0.836384
v 6.168763 4.776675 0.400009
v 6.160241 4.837316 0.835727
s 1
f 3471 3472 3474 3473
f 3473 3474 3476 3475
f 3475 3476 3478 3477
f 3477 3478 3480 3479
f 3479 3480 3482 3481
f 3481 3482 3484 3483
f 3483 3484 3486 3485
f 3485 3486 3488 3487
f 3487 3488 3490 3489
f 3489 3490 3492 3491
f 3491 3492 3494 3493
f 3493 3494 3496 3495
f 3474 3472 3498 3496 3494 3492 3490 3488 3486 3484 3482 3480 3478 3476
f 3495 3496 3498 3497
f 3497 3498 3472 3471
f 3471 3473 3475 3477 3479 3481 3483 3485 3487 3489 3491 3493 3495 3497
o chair_S2_post0.18
v 6.532332 4.829455 0.399775
v 6.523809 4.890096 0.835493
v 6.539868 4.828831 0.400009
v 6.531346 4.889472 0.835727
v 6.546376 4.825028 0.400666
v 6.537853 4.885669 0.836384
v 6.550566 4.818801 0.401615
v 6.542044 4.879441 0.837332
v 6.551609 4.811382 0.402668
v 6.543086 4.872022 0.838385
v 6.549297 4.804241 0.403616
v 6.540775 4.864881 0.839334
v 6.544090 4.798791 0.404273
v 6.535568 4.859432 0.839991
v 6.537018 4.796114 0.404507
v 6.528495 4.856754 0.840225
v 6.529481 4.796738 0.404273
v 6.520959 4.857378 0.839991
v 6.522974 4.800541 0.403616
v 6.514452 4.861181 0.839334
v 6.518784 4.806768 0.402668
v 6.510261 4.867409 0.838385
v 6.517741 4.814188 0.401615
v 6.509219 4.874828 0.837332
v 6.520052 4.821329 0.400666
v 6.511530 4.881969 0.836384
v 6.525259 4.826778 0.400009
v 6.516737 4.887418 0.835727
s 1
f 3499 3500 3502 3501
f 3501 3502 3504 3503
f 3503 3504 3506 3505
f 3505 3506 3508 3507
f 3507 3508 3510 3509
f 3509 3510 3512 3511
f 3511 3512 3514 3513
f 3513 3514 3516 3515
f 3515 3516 3518 3517
f 3517 3518 3520 3519
f 3519 3520 3522 3521
f 3521 3522 3524 3523
f 3502 3500 3526 3524 3522 3520 3518 3516 3514 3512 3510 3508 3506 3504
f 3523 3524 3526 3525
f 3525 3526 3500 3499
f 3499 3501 3503 3505 3507 3509 3511 3513 3515 3517 3519 3521 3523 3525
o chair_S2_slat
v 6.159813 4.815966 0.825000
v 6.163742 4.820629 0.839040
v 6.170135 4.833263 0.844856
v 6.175246 4.846467 0.839040
v 6.176083 4.852508 0.825000
v 6.172153 4.847845 0.810960
v 6.165761 4.835210 0.805144
v 6.160649 4.822006 0.810960
v 6.180027 4.807702 0.822368
v 6.183628 4.812499 0.836451
v 6.189226 4.825458 0.842370
v 6.193544 4.838987 0.836658
v 6.194051 4.845161 0.822660
v 6.190451 4.840364 0.808577
v 6.184852 4.827405 0.802658
v 6.180534 4.813876 0.808370
v 6.200713 4.800695 0.819746
v 6.203977 4.805607 0.833872
v 6.208763 4.818841 0.839894
v 6.212267 4.832645 0.834284
v 6.212438 4.838934 0.820330
v 6.209174 4.834023 0.806204
v 6.204388 4.820789 0.800182
v 6.200883 4.806984 0.805791
v 6.221792 4.794975 0.817143
v 6.224713 4.799979 0.831311
v 6.228671 4.813438 0.837436
v 6.231348 4.827467 0.831929
v 6.231175 4.833849 0.818016
v 6.228255 4.828845 0.803848
v 6.224297 4.815386 0.797723
v 6.221620 4.801356 0.803231
v 6.243187 4.790560 0.814570
v 6.245760 4.795636 0.828780
v 6.248878 4.809268 0.835006
v 6.250714 4.823471 0.829599
v 6.250193 4.829925 0.815729
v 6.247621 4.824849 0.801519
v 6.244503 4.811216 0.795293
v 6.242667 4.797013 0.800699
v 6.264818 4.787468 0.812036
v 6.267038 4.792594 0.826287
v 6.269306 4.806348 0.832612
v 6.270292 4.820673 0.827306
v 6.269420 4.827176 0.813476
v 6.267199 4.822050 0.799225
v 6.264931 4.808296 0.792900
v 6.263945 4.793972 0.798206
v 6.286602 4.785710 0.809550
v 6.288468 4.790865 0.823842
v 6.289880 4.804688 0.830264
v 6.290011 4.819081 0.825055
v 6.288784 4.825614 0.811266
v 6.286918 4.820459 0.796975
v 6.285506 4.806636 0.790552
v 6.285375 4.792243 0.795761
v 6.308461 4.785293 0.807121
v 6.309971 4.790455 0.821453
v 6.310524 4.804295 0.827971
v 6.309796 4.818704 0.822857
v 6.308214 4.825243 0.809108
v 6.306703 4.820081 0.794777
v 6.306150 4.806242 0.788259
v 6.306878 4.791832 0.793372
v 6.330310 4.786219 0.804760
v 6.331465 4.791366 0.819130
v 6.331160 4.805168 0.825741
v 6.329574 4.819541 0.820720
v 6.327636 4.826066 0.807009
v 6.326481 4.820919 0.792639
v 6.326786 4.807116 0.786028
v 6.328372 4.792743 0.791049
v 6.352070 4.788483 0.802474
v 6.352871 4.793593 0.816881
v 6.351711 4.807307 0.823582
v 6.349270 4.821591 0.818651
v 6.346978 4.828078 0.804977
v 6.346177 4.822968 0.790570
v 6.347337 4.809254 0.783869
v 6.349778 4.794970 0.788800
v 6.373659 4.792078 0.800272
v 6.374109 4.797129 0.814715
v 6.372101 4.810702 0.821502
v 6.368812 4.824845 0.816658
v 6.366168 4.831274 0.803020
v 6.365718 4.826222 0.788577
v 6.367726 4.812649 0.781790
v 6.371016 4.798506 0.786634
v 6.394997 4.796989 0.798163
v 6.395099 4.801961 0.812640
v 6.392252 4.815341 0.819510
v 6.388125 4.829290 0.814748
v 6.385134 4.835639 0.801145
v 6.385032 4.830668 0.786668
v 6.387878 4.817288 0.779797
v 6.392005 4.803338 0.784559
v 6.416002 4.803199 0.796153
v 6.415763 4.808070 0.810663
v 6.412091 4.821206 0.817612
v 6.407139 4.834912 0.812930
v 6.403806 4.841160 0.799359
v 6.404046 4.836289 0.784849
v 6.407717 4.823153 0.777900
v 6.412670 4.809447 0.782582
v 6.436598 4.810685 0.794252
v 6.436024 4.815434 0.808793
v 6.431543 4.828276 0.815816
v 6.425782 4.841688 0.811208
v 6.422114 4.847814 0.797668
v 6.422688 4.843065 0.783127
v 6.427169 4.830224 0.776104
v 6.432930 4.816811 0.780712
v 6.456707 4.819419 0.792465
v 6.455806 4.824025 0.807035
v 6.450535 4.836524 0.814129
v 6.443984 4.849593 0.809591
v 6.439989 4.855577 0.796080
v 6.440890 4.850970 0.781510
v 6.446161 4.838471 0.774416
v 6.452713 4.825402 0.778954
v 6.476255 4.829367 0.790800
v 6.475035 4.833812 0.805397
v 6.468997 4.845920 0.812556
v 6.461678 4.858598 0.808084
v 6.457364 4.864420 0.794600
v 6.458584 4.859975 0.780003
v 6.464622 4.847867 0.772843
v 6.471942 4.835189 0.777316
v 6.495168 4.840493 0.789262
v 6.493640 4.844757 0.803884
v 6.486859 4.856428 0.811104
v 6.478796 4.868669 0.806692
v 6.474176 4.874310 0.793233
v 6.475703 4.870046 0.778611
v 6.482485 4.858375 0.771391
v 6.490547 4.846134 0.775803
v 6.513375 4.852756 0.787858
v 6.511551 4.856820 0.802503
v 6.504055 4.868009 0.809777
v 6.495277 4.879768 0.805421
v 6.490360 4.885210 0.791985
v 6.492184 4.881145 0.777340
v 6.499681 4.869956 0.770065
v 6.508458 4.858197 0.774422
v 6.530809 4.866108 0.786592
v 6.528702 4.869955 0.801258
v 6.520521 4.880620 0.808582
v 6.511058 4.891855 0.804275
v 6.505857 4.897079 0.790860
v 6.507965 4.893232 0.776194
v 6.516146 4.882567 0.768870
v 6.525609 4.871332 0.773177
s 1
f 3527 3528 3536 3535
f 3528 3529 3537 3536
f 3529 3530 3538 3537
f 3530 3531 3539 3538
f 3531 3532 3540 3539
f 3532 3533 3541 3540
f 3533 3534 3542 3541
f 3534 3527 3535 3542
f 3535 3536 3544 3543
f 3536 3537 3545 3544
f 3537 3538 3546 3545
f 3538 3539 3547 3546
f 3539 3540 3548 3547
f 3540 3541 3549 3548
f 3541 3542 3550 3549
f 3542 3535 3543 3550
f 3543 3544 3552 3551
f 3544 3545 3553 3552
f 3545 3546 3554 3553
f 3546 3547 3555 3554
f 3547 3548 3556 3555
f 3548 3549 3557 3556
f 3549 3550 3558 3557
f 3550 3543 3551 3558
f 3551 3552 3560 3559
f 3552 3553 3561 3560
f 3553 3554 3562 3561
f 3554 3555 3563 3562
f 3555 3556 3564 3563
f 3556 3557 3565 3564
f 3557 3558 3566 3565
f 3558 3551 3559 3566
f 3559 3560 3568 3567
f 3560 3561 3569 3568
f 3561 3562 3570 3569
f 3562 3563 3571 3570
f 3563 3564 3572 3571
f 3564 3565 3573 3572
f 3565 3566 3574 3573
f 3566 3559 3567 3574
f 3567 3568 3576 3575
f 3568 3569 3577 3576
f 3569 3570 3578 3577
f 3570 3571 3579 3578
f 3571 3572 3580 3579
f 3572 3573 3581 3580
f 3573 3574 3582 3581
f 3574 3567 3575 3582
f 3575 3576 3584 3583
f 3576 3577 3585 3584
f 3577 3578 3586 3585
f 3578 3579 3587 3586
f 3579 3580 3588 3587
f 3580 3581 3589 3588
f 3581 3582 3590 3589
f 3582 3575 3583 3590
f 3583 3584 3592 3591
f 3584 3585 3593 3592
f 3585 3586 3594 3593
f 3586 3587 3595 3594
f 3587 3588 3596 3595
f 3588 3589 3597 3596
f 3589 3590 3598 3597
f 3590 3583 3591 3598
f 3591 3592 3600 3599
f 3592 3593 3601 3600
f 3593 3594 3602 3601
f 3594 3595 3603 3602
f 3595 3596 3604 3603
f 3596 3597 3605 3604
f 3597 3598 3606 3605
f 3598 3591 3599 3606
f 3599 3600 3608 3607
f 3600 3601 3609 3608
f 3601 3602 3610 3609
f 3602 3603 3611 3610
f 3603 3604 3612 3611
f 3604 3605 3613 3612
f 3605 3606 3614 3613
f 3606 3599 3607 3614
f 3607 3608 3616 3615
f 3608 3609 3617 3616
f 3609 3610 3618 3617
f 3610 3611 3619 3618
f 3611 3612 3620 3619
f 3612 3613 3621 3620
f 3613 3614 3622 3621
f 3614 3607 3615 3622
f 3615 3616 3624 3623
f 3616 3617 3625 3624
f 3617 3618 3626 3625
f 3618 3619 3627 3626
f 3619 3620 3628 3627
f 3620 3621 3629 3628
f 3621 3622 3630 3629
f 3622 3615 3623 3630
f 3623 3624 3632 3631
f 3624 3625 3633 3632
f 3625 3626 3634 3633
f 3626 3627 3635 3634
f 3627 3628 3636 3635
f 3628 3629 3637 3636
f 3629 3630 3638 3637
f 3630 3623 3631 3638
f 3631 3632 3640 3639
f 3632 3633 3641 3640
f 3633 3634 3642 3641
f 3634 3635 3643 3642
f 3635 3636 3644 3643
f 3636 3637 3645 3644
f 3637 3638 3646 3645
f 3638 3631 3639 3646
f 3639 3640 3648 3647
f 3640 3641 3649 3648
f 3641 3642 3650 3649
f 3642 3643 3651 3650
f 3643 3644 3652 3651
f 3644 3645 3653 3652
f 3645 3646 3654 3653
f 3646 3639 3647 3654
f 3647 3648 3656 3655
f 3648 3649 3657 3656
f 3649 3650 3658 3657
f 3650 3651 3659 3658
f 3651 3652 3660 3659
f 3652 3653 3661 3660
f 3653 3654 3662 3661
f 3654 3647 3655 3662
f 3655 3656 3664 3663
f 3656 3657 3665 3664
f 3657 3658 3666 3665
f 3658 3659 3667 3666
f 3659 3660 3668 3667
f 3660 3661 3669 3668
f 3661 3662 3670 3669
f 3662 3655 3663 3670
f 3663 3664 3672 3671
f 3664 3665 3673 3672
f 3665 3666 3674 3673
f 3666 3667 3675 3674
f 3667 3668 3676 3675
f 3668 3669 3677 3676
f 3669 3670 3678 3677
f 3670 3663 3671 3678
o chair_S2_stretcher
v 6.625587 4.654515 0.160000
v 6.621625 4.653958 0.166928
v 6.613703 4.652845 0.166928
v 6.609742 4.652288 0.160000
v 6.613703 4.652845 0.153072
v 6.621625 4.653958 0.153072
v 6.605915 4.722306 0.160000
v 6.602271 4.720656 0.166928
v 6.594983 4.717356 0.166928
v 6.591340 4.715706 0.160000
v 6.594983 4.717356 0.153072
v 6.602271 4.720656 0.153072
v 6.567940 4.781810 0.160000
v 6.564909 4.779200 0.166928
v 6.558846 4.773980 0.166928
v 6.555815 4.771370 0.160000
v 6.558846 4.773980 0.153072
v 6.564909 4.779200 0.153072
v 6.514740 4.828204 0.160000
v 6.512567 4.824846 0.166928
v 6.508221 4.818130 0.166928
v 6.506047 4.814772 0.160000
v 6.508221 4.818130 0.153072
v 6.512567 4.824846 0.153072
v 6.450624 4.857731 0.160000
v 6.449485 4.853897 0.166928
v 6.447207 4.846228 0.166928
v 6.446068 4.842394 0.160000
v 6.447207 4.846228 0.153072
v 6.449485 4.853897 0.153072
v 6.380787 4.867999 0.160000
v 6.380774 4.863998 0.166928
v 6.380749 4.855999 0.166928
v 6.380736 4.851999 0.160000
v 6.380749 4.855999 0.153072
v 6.380774 4.863998 0.153072
v 6.310886 4.858175 0.160000
v 6.312001 4.854333 0.166928
v 6.314230 4.846650 0.166928
v 6.315345 4.842809 0.160000
v 6.314230 4.846650 0.153072
v 6.312001 4.854333 0.153072
v 6.246584 4.829055 0.160000
v 6.248736 4.825683 0.166928
v 6.253039 4.818940 0.166928
v 6.255191 4.815568 0.160000
v 6.253039 4.818940 0.153072
v 6.248736 4.825683 0.153072
v 6.193090 4.783000 0.160000
v 6.196105 4.780370 0.166928
v 6.202135 4.775112 0.166928
v 6.205149 4.772483 0.160000
v 6.202135 4.775112 0.153072
v 6.196105 4.780370 0.153072
v 6.154739 4.723738 0.160000
v 6.158373 4.722065 0.166928
v 6.165639 4.718719 0.166928
v 6.169272 4.717045 0.160000
v 6.165639 4.718719 0.153072
v 6.158373 4.722065 0.153072
v 6.134638 4.656073 0.160000
v 6.138595 4.655491 0.166928
v 6.146510 4.654327 0.166928
v 6.150467 4.653746 0.160000
v 6.146510 4.654327 0.153072
v 6.138595 4.655491 0.153072
v 6.134414 4.585485 0.160000
v 6.138375 4.586041 0.166928
v 6.146297 4.587155 0.166928
v 6.150258 4.587712 0.160000
v 6.146297 4.587155 0.153072
v 6.138375 4.586041 0.153072
v 6.154086 4.517694 0.160000
v 6.157729 4.519343 0.166928
v 6.165017 4.522644 0.166928
v 6.168661 4.524294 0.160000
v 6.165017 4.522644 0.153072
v 6.157729 4.519343 0.153072
v 6.192060 4.458190 0.160000
v 6.195091 4.460800 0.166928
v 6.201154 4.466020 0.166928
v 6.204185 4.468629 0.160000
v 6.201154 4.466020 0.153072
v 6.195091 4.460800 0.153072
v 6.245260 4.411796 0.160000
v 6.247433 4.415154 0.166928
v 6.251780 4.421870 0.166928
v 6.253953 4.425228 0.160000
v 6.251780 4.421870 0.153072
v 6.247433 4.415154 0.153072
v 6.309376 4.382268 0.160000
v 6.310515 4.386103 0.166928
v 6.312793 4.393772 0.166928
v 6.313932 4.397606 0.160000
v 6.312793 4.393772 0.153072
v 6.310515 4.386103 0.153072
v 6.379213 4.372001 0.160000
v 6.379226 4.376001 0.166928
v 6.379251 4.384001 0.166928
v 6.379264 4.388001 0.160000
v 6.379251 4.384001 0.153072
v 6.379226 4.376001 0.153072
v 6.449114 4.381825 0.160000
v 6.447999 4.385667 0.166928
v 6.445770 4.393350 0.166928
v 6.444655 4.397191 0.160000
v 6.445770 4.393350 0.153072
v 6.447999 4.385667 0.153072
v 6.513416 4.410944 0.160000
v 6.511264 4.414317 0.166928
v 6.506961 4.421060 0.166928
v 6.504809 4.424432 0.160000
v 6.506961 4.421060 0.153072
v 6.511264 4.414317 0.153072
v 6.566910 4.457000 0.160000
v 6.563895 4.459630 0.166928
v 6.557866 4.464888 0.166928
v 6.554851 4.467516 0.160000
v 6.557866 4.464888 0.153072
v 6.563895 4.459630 0.153072
v 6.605261 4.516262 0.160000
v 6.601627 4.517935 0.166928
v 6.594361 4.521281 0.166928
v 6.590728 4.522954 0.160000
v 6.594361 4.521281 0.153072
v 6.601627 4.517935 0.153072
v 6.625362 4.583927 0.160000
v 6.621405 4.584509 0.166928
v 6.613490 4.585672 0.166928
v 6.609533 4.586254 0.160000
v 6.613490 4.585672 0.153072
v 6.621405 4.584509 0.153072
v 6.625587 4.654515 0.160000
v 6.621625 4.653958 0.166928
v 6.613703 4.652845 0.166928
v 6.609742 4.652288 0.160000
v 6.613703 4.652845 0.153072
v 6.621625 4.653958 0.153072
s 1
f 3679 3680 3686 3685
f 3680 3681 3687 3686
f 3681 3682 3688 3687
f 3682 3683 3689 3688
f 3683 3684 3690 3689
f 3684 3679 3685 3690
f 3685 3686 3692 3691
f 3686 3687 3693 3692
f 3687 3688 3694 3693
f 3688 3689 3695 3694
f 3689 3690 3696 3695
f 3690 3685 3691 3696
f 3691 3692 3698 3697
f 3692 3693 3699 3698
f 3693 3694 3700 3699
f 3694 3695 3701 3700
f 3695 3696 3702 3701
f 3696 3691 3697 3702
f 3697 3698 3704 3703
f 3698 3699 3705 3704
f 3699 3700 3706 3705
f 3700 3701 3707 3706
f 3701 3702 3708 3707
f 3702 3697 3703 3708
f 3703 3704 3710 3709
f 3704 3705 3711 3710
f 3705 3706 3712 3711
f 3706 3707 3713 3712
f 3707 3708 3714 3713
f 3708 3703 3709 3714
f 3709 3710 3716 3715
f 3710 3711 3717 3716
f 3711 3712 3718 3717
f 3712 3713 3719 3718
f 3713 3714 3720 3719
f 3714 3709 3715 3720
f 3715 3716 3722 3721
f 3716 3717 3723 3722
f 3717 3718 3724 3723
f 3718 3719 3725 3724
f 3719 3720 3726 3725
f 3720 3715 3721 3726
f 3721 3722 3728 3727
f 3722 3723 3729 3728
f 3723 3724 3730 3729
f 3724 3725 3731 3730
f 3725 3726 3732 3731
f 3726 3721 3727 3732
f 3727 3728 3734 3733
f 3728 3729 3735 3734
f 3729 3730 3736 3735
f 3730 3731 3737 3736
f 3731 3732 3738 3737
f 3732 3727 3733 3738
f 3733 3734 3740 3739
f 3734 3735 3741 3740
f 3735 3736 3742 3741
f 3736 3737 3743 3742
f 3737 3738 3744 3743
f 3738 3733 3739 3744
f 3739 3740 3746 3745
f 3740 3741 3747 3746
f 3741 3742 3748 3747
f 3742 3743 3749 3748
f 3743 3744 3750 3749
f 3744 3739 3745 3750
f 3745 3746 3752 3751
f 3746 3747 3753 3752
f 3747 3748 3754 3753
f 3748 3749 3755 3754
f 3749 3750 3756 3755
f 3750 3745 3751 3756
f 3751 3752 3758 3757
f 3752 3753 3759 3758
f 3753 3754 3760 3759
f 3754 3755 3761 3760
f 3755 3756 3762 3761
f 3756 3751 3757 3762
f 3757 3758 3764 3763
f 3758 3759 3765 3764
f 3759 3760 3766 3765
f 3760 3761 3767 3766
f 3761 3762 3768 3767
f 3762 3757 3763 3768
f 3763 3764 3770 3769
f 3764 3765 3771 3770
f 3765 3766 3772 3771
f 3766 3767 3773 3772
f 3767 3768 3774 3773
f 3768 3763 3769 3774
f 3769 3770 3776 3775
f 3770 3771 3777 3776
f 3771 3772 3778 3777
f 3772 3773 3779 3778
f 3773 3774 3780 3779
f 3774 3769 3775 3780
f 3775 3776 3782 3781
f 3776 3777 3783 3782
f 3777 3778 3784 3783
f 3778 3779 3785 3784
f 3779 3780 3786 3785
f 3780 3775 3781 3786
f 3781 3782 3788 3787
f 3782 3783 3789 3788
f 3783 3784 3790 3789
f 3784 3785 3791 3790
f 3785 3786 3792 3791
f 3786 3781 3787 3792
f 3787 3788 3794 3793
f 3788 3789 3795 3794
f 3789 3790 3796 3795
f 3790 3791 3797 3796
f 3791 3792 3798 3797
f 3792 3787 3793 3798
f 3793 3794 3800 3799
f 3794 3795 3801 3800
f 3795 3796 3802 3801
f 3796 3797 3803 3802
f 3797 3798 3804 3803
f 3798 3793 3799 3804
f 3799 3800 3806 3805
f 3800 3801 3807 3806
f 3801 3802 3808 3807
f 3802 3803 3809 3808
f 3803 3804 3810 3809
f 3804 3799 3805 3810
f 3805 3806 3812 3811
f 3806 3807 3813 3812
f 3807 3808 3814 3813
f 3808 3809 3815 3814
f 3809 3810 3816 3815
f 3810 3805 3811 3816
o chair_W_post-0.18
v 4.433784 5.440000 0.399775
v 4.372548 5.440000 0.835493
v 4.435451 5.447376 0.400009
v 4.374215 5.447376 0.835727
v 4.440122 5.453291 0.400666
v 4.378886 5.453291 0.836384
v 4.446872 5.456574 0.401615
v 4.385636 5.456574 0.837332
v 4.454364 5.456574 0.402668
v 4.393128 5.456574 0.838385
v 4.461114 5.453291 0.403616
v 4.399878 5.453291 0.839334
v 4.465786 5.447376 0.404273
v 4.404550 5.447376 0.839991
v 4.467453 5.440000 0.404507
v 4.406217 5.440000 0.840225
v 4.465786 5.432624 0.404273
v 4.404550 5.432624 0.839991
v 4.461114 5.426709 0.403616
v 4.399878 5.426709 0.839334
v 4.454364 5.423426 0.402668
v 4.393128 5.423426 0.838385
v 4.446872 5.423426 0.401615
v 4.385636 5.423426 0.837332
v 4.440122 5.426709 0.400666
v 4.378886 5.426709 0.836384
v 4.435451 5.432624 0.400009
v 4.374215 5.432624 0.835727
s 1
f 3817 3818 3820 3819
f 3819 3820 3822 3821
f 3821 3822 3824 3823
f 3823 3824 3826 3825
f 3825 3826 3828 3827
f 3827 3828 3830 3829
f 3829 3830 3832 3831
f 3831 3832 3834 3833
f 3833 3834 3836 3835
f 3835 3836 3838 3837
f 3837 3838 3840 3839
f 3839 3840 3842 3841
f 3820 3818 3844 3842 3840 3838 3836 3834 3832 3830 3828 3826 3824 3822
f 3841 3842 3844 3843
f 3843 3844 3818 3817
f 3817 3819 3821 3823 3825 3827 3829 3831 3833 3835 3837 3839 3841 3843
o chair_W_post0.18
v 4.433784 5.800000 0.399775
v 4.372548 5.800000 0.835493
v 4.435451 5.807376 0.400009
v 4.374215 5.807376 0.835727
v 4.440122 5.813291 0.400666
v 4.378886 5.813291 0.836384
v 4.446872 5.816574 0.401615
v 4.385636 5.816574 0.837332
v 4.454364 5.816574 0.402668
v 4.393128 5.816574 0.838385
v 4.461114 5.813291 0.403616
v 4.399878 5.813291 0.839334
v 4.465786 5.807376 0.404273
v 4.404550 5.807376 0.839991
v 4.467453 5.800000 0.404507
v 4.406217 5.800000 0.840225
v 4.465786 5.792624 0.404273
v 4.404550 5.792624 0.839991
v 4.461114 5.786708 0.403616
v 4.399878 5.786708 0.839334
v 4.454364 5.783426 0.402668
v 4.393128 5.783426 0.838385
v 4.446872 5.783426 0.401615
v 4.385636 5.783426 0.837332
v 4.440122 5.786708 0.400666
v 4.378886 5.786708 0.836384
v 4.435451 5.792624 0.400009
v 4.374215 5.792624 0.835727
s 1
f 3845 3846 3848 3847
f 3847 3848 3850 3849
f 3849 3850 3852 3851
f 3851 3852 3854 3853
f 3853 3854 3856 3855
f 3855 3856 3858 3857
f 3857 3858 3860 3859
f 3859 3860 3862 3861
f 3861 3862 3864 3863
f 3863 3864 3866 3865
f 3865 3866 3868 3867
f 3867 3868 3870 3869
f 3848 3846 3872 3870 3868 3866 3864 3862 3860 3858 3856 3854 3852 3850
f 3869 3870 3872 3871
f 3871 3872 3846 3845
f 3845 3847 3849 3851 3853 3855 3857 3859 3861 3863 3865 3867 3869 3871
o chair_W_slat
v 4.395298 5.429229 0.825000
v 4.391227 5.433769 0.839040
v 4.379605 5.441858 0.844856
v 4.367240 5.448757 0.839040
v 4.361375 5.450426 0.825000
v 4.365446 5.445886 0.810960
v 4.377068 5.437797 0.805144
v 4.389432 5.430897 0.810960
v 4.406295 5.448096 0.822368
v 4.402045 5.452329 0.836451
v 4.389992 5.459677 0.842370
v 4.377195 5.465836 0.836658
v 4.371151 5.467197 0.822660
v 4.375401 5.462964 0.808577
v 4.387454 5.455616 0.802658
v 4.400251 5.449458 0.808370
v 4.416111 5.467606 0.819746
v 4.411702 5.471521 0.833872
v 4.399262 5.478103 0.839894
v 4.386080 5.483494 0.834284
v 4.379877 5.484539 0.820330
v 4.384286 5.480623 0.806204
v 4.396725 5.474041 0.800182
v 4.409908 5.468650 0.805791
v 4.424710 5.487684 0.817143
v 4.420161 5.491272 0.831311
v 4.407384 5.497065 0.837436
v 4.393864 5.501668 0.831929
v 4.387520 5.502386 0.818016
v 4.392069 5.498797 0.803848
v 4.404846 5.493004 0.797723
v 4.418366 5.488401 0.803231
v 4.432059 5.508256 0.814570
v 4.427391 5.511510 0.828780
v 4.414325 5.516494 0.835006
v 4.400516 5.520289 0.829599
v 4.394053 5.520672 0.815729
v 4.398722 5.517418 0.801519
v 4.411788 5.512434 0.795293
v 4.425596 5.508638 0.800699
v 4.438132 5.529245 0.812036
v 4.433364 5.532158 0.826287
v 4.420060 5.536318 0.832612
v 4.406013 5.539288 0.827306
v 4.399450 5.539329 0.813476
v 4.404218 5.536417 0.799225
v 4.417522 5.532257 0.792900
v 4.431570 5.529286 0.798206
v 4.442904 5.550574 0.809550
v 4.438059 5.553139 0.823842
v 4.424567 5.556461 0.830264
v 4.410332 5.558594 0.825055
v 4.403693 5.558288 0.811266
v 4.408538 5.555722 0.796975
v 4.422029 5.552400 0.790552
v 4.436265 5.550268 0.795761
v 4.446359 5.572161 0.807121
v 4.441458 5.574375 0.821453
v 4.427830 5.576849 0.827971
v 4.413460 5.578134 0.822857
v 4.406764 5.577477 0.809108
v 4.411665 5.575262 0.794777
v 4.425293 5.572788 0.788259
v 4.439663 5.571504 0.793372
v 4.448484 5.593927 0.804760
v 4.443548 5.595787 0.819130
v 4.429837 5.597406 0.825741
v 4.415383 5.597836 0.820720
v 4.408652 5.596824 0.807009
v 4.413589 5.594964 0.792639
v 4.427299 5.593345 0.786028
v 4.441753 5.592916 0.791049
v 4.449270 5.615790 0.802474
v 4.444321 5.617295 0.816881
v 4.430579 5.618055 0.823582
v 4.416094 5.617625 0.818651
v 4.409351 5.616258 0.804977
v 4.414300 5.614754 0.790570
v 4.428042 5.613994 0.783869
v 4.442527 5.614423 0.788800
v 4.448715 5.637670 0.800272
v 4.443775 5.638818 0.814715
v 4.430055 5.638718 0.821502
v 4.415592 5.637429 0.816658
v 4.408858 5.635706 0.803020
v 4.413797 5.634558 0.788577
v 4.427518 5.634657 0.781790
v 4.441981 5.635946 0.786634
v 4.446821 5.659482 0.798163
v 4.441912 5.660276 0.812640
v 4.428266 5.659319 0.819510
v 4.413877 5.657174 0.814748
v 4.407174 5.655096 0.801145
v 4.412083 5.654302 0.786668
v 4.425729 5.655259 0.779797
v 4.440117 5.657404 0.784559
v 4.443594 5.681148 0.796153
v 4.438738 5.681589 0.810663
v 4.425219 5.679781 0.817612
v 4.410957 5.676785 0.812930
v 4.404306 5.674354 0.799359
v 4.409163 5.673913 0.784849
v 4.422681 5.675721 0.777900
v 4.436944 5.678718 0.782582
v 4.439048 5.702586 0.794252
v 4.434265 5.702678 0.808793
v 4.420925 5.700028 0.815816
v 4.406841 5.696189 0.811208
v 4.400265 5.693409 0.797668
v 4.405047 5.693317 0.783127
v 4.418387 5.695967 0.776104
v 4.432471 5.699806 0.780712
v 4.433198 5.723715 0.792465
v 4.428511 5.723463 0.807035
v 4.415400 5.719983 0.814129
v 4.401546 5.715314 0.809591
v 4.395065 5.712191 0.796080
v 4.399752 5.712443 0.781510
v 4.412863 5.715922 0.774416
v 4.426716 5.720592 0.778954
v 4.426067 5.744457 0.790800
v 4.421495 5.743867 0.805397
v 4.408665 5.739573 0.812556
v 4.395092 5.734089 0.808084
v 4.388726 5.730628 0.794600
v 4.393298 5.731217 0.780003
v 4.406128 5.735512 0.772843
v 4.419702 5.740996 0.777316
v 4.417681 5.764734 0.789262
v 4.413246 5.763814 0.803884
v 4.400745 5.758723 0.811104
v 4.387501 5.752443 0.806692
v 4.381272 5.748652 0.793233
v 4.385707 5.749572 0.778611
v 4.398208 5.754663 0.771391
v 4.411452 5.760943 0.775803
v 4.408072 5.784471 0.787858
v 4.403794 5.783230 0.802503
v 4.391670 5.777364 0.809777
v 4.378804 5.770308 0.805421
v 4.372731 5.766196 0.791985
v 4.377009 5.767437 0.777340
v 4.389133 5.773303 0.770065
v 4.401999 5.780359 0.774422
v 4.397275 5.803594 0.786592
v 4.393173 5.802042 0.801258
v 4.381474 5.795424 0.808582
v 4.369031 5.787617 0.804275
v 4.363134 5.783194 0.790860
v 4.367237 5.784746 0.776194
v 4.378936 5.791363 0.768870
v 4.391378 5.799170 0.773177
s 1
f 3873 3874 3882 3881
f 3874 3875 3883 3882
f 3875 3876 3884 3883
f 3876 3877 3885 3884
f 3877 3878 3886 3885
f 3878 3879 3887 3886
f 3879 3880 3888 3887
f 3880 3873 3881 3888
f 3881 3882 3890 3889
f 3882 3883 3891 3890
f 3883 3884 3892 3891
f 3884 3885 3893 3892
f 3885 3886 3894 3893
f 3886 3887 3895 3894
f 3887 3888 3896 3895
f 3888 3881 3889 3896
f 3889 3890 3898 3897
f 3890 3891 3899 3898
f 3891 3892 3900 3899
f 3892 3893 3901 3900
f 3893 3894 3902 3901
f 3894 3895 3903 3902
f 3895 3896 3904 3903
f 3896 3889 3897 3904
f 3897 3898 3906 3905
f 3898 3899 3907 3906
f 3899 3900 3908 3907
f 3900 3901 3909 3908
f 3901 3902 3910 3909
f 3902 3903 3911 3910
f 3903 3904 3912 3911
f 3904 3897 3905 3912
f 3905 3906 3914 3913
f 3906 3907 3915 3914
f 3907 3908 3916 3915
f 3908 3909 3917 3916
f 3909 3910 3918 3917
f 3910 3911 3919 3918
f 3911 3912 3920 3919
f 3912 3905 3913 3920
f 3913 3914 3922 3921
f 3914 3915 3923 3922
f 3915 3916 3924 3923
f 3916 3917 3925 3924
f 3917 3918 3926 3925
f 3918 3919 3927 3926
f 3919 3920 3928 3927
f 3920 3913 3921 3928
f 3921 3922 3930 3929
f 3922 3923 3931 3930
f 3923 3924 3932 3931
f 3924 3925 3933 3932
f 3925 3926 3934 3933
f 3926 3927 3935 3934
f 3927 3928 3936 3935
f 3928 3921 3929 3936
f 3929 3930 3938 3937
f 3930 3931 3939 3938
f 3931 3932 3940 3939
f 3932 3933 3941 3940
f 3933 3934 3942 3941
f 3934 3935 3943 3942
f 3935 3936 3944 3943
f 3936 3929 3937 3944
f 3937 3938 3946 3945
f 3938 3939 3947 3946
f 3939 3940 3948 3947
f 3940 3941 3949 3948
f 3941 3942 3950 3949
f 3942 3943 3951 3950
f 3943 3944 3952 3951
f 3944 3937 3945 3952
f 3945 3946 3954 3953
f 3946 3947 3955 3954
f 3947 3948 3956 3955
f 3948 3949 3957 3956
f 3949 3950 3958 3957
f 3950 3951 3959 3958
f 3951 3952 3960 3959
f 3952 3945 3953 3960
f 3953 3954 3962 3961
f 3954 3955 3963 3962
f 3955 3956 3964 3963
f 3956 3957 3965 3964
f 3957 3958 3966 3965
f 3958 3959 3967 3966
f 3959 3960 3968 3967
f 3960 3953 3961 3968
f 3961 3962 3970 3969
f 3962 3963 3971 3970
f 3963 3964 3972 3971
f 3964 3965 3973 3972
f 3965 3966 3974 3973
f 3966 3967 3975 3974
f 3967 3968 3976 3975
f 3968 3961 3969 3976
f 3969 3970 3978 3977
f 3970 3971 3979 3978
f 3971 3972 3980 3979
f 3972 3973 3981 3980
f 3973 3974 3982 3981
f 3974 3975 3983 3982
f 3975 3976 3984 3983
f 3976 3969 3977 3984
f 3977 3978 3986 3985
f 3978 3979 3987 3986
f 3979 3980 3988 3987
f 3980 3981 3989 3988
f 3981 3982 3990 3989
f 3982 3983 3991 3990
f 3983 3984 3992 3991
f 3984 3977 3985 3992
f 3985 3986 3994 3993
f 3986 3987 3995 3994
f 3987 3988 3996 3995
f 3988 3989 3997 3996
f 3989 3990 3998 3997
f 3990 3991 3999 3998
f 3991 3992 4000 3999
f 3992 3985 3993 4000
f 3993 3994 4002 4001
f 3994 3995 4003 4002
f 3995 3996 4004 4003
f 3996 3997 4005 4004
f 3997 3998 4006 4005
f 3998 3999 4007 4006
f 3999 4000 4008 4007
f 4000 3993 4001 4008
f 4001 4002 4010 4009
f 4002 4003 4011 4010
f 4003 4004 4012 4011
f 4004 4005 4013 4012
f 4005 4006 4014 4013
f 4006 4007 4015 4014
f 4007 4008 4016 4015
f 4008 4001 4009 4016
f 4009 4010 4018 4017
f 4010 4011 4019 4018
f 4011 4012 4020 4019
f 4012 4013 4021 4020
f 4013 4014 4022 4021
f 4014 4015 4023 4022
f 4015 4016 4024 4023
f 4016 4009 4017 4024
o chair_W_stretcher
v 4.620000 5.868000 0.160000
v 4.620000 5.864000 0.166928
v 4.620000 5.856000 0.166928
v 4.620000 5.852000 0.160000
v 4.620000 5.856000 0.153072
v 4.620000 5.864000 0.153072
v 4.550130 5.857954 0.160000
v 4.551257 5.854116 0.166928
v 4.553511 5.846440 0.166928
v 4.554638 5.842602 0.160000
v 4.553511 5.846440 0.153072
v 4.551257 5.854116 0.153072
v 4.485921 5.828631 0.160000
v 4.488083 5.825266 0.166928
v 4.492409 5.818536 0.166928
v 4.494571 5.815171 0.160000
v 4.492409 5.818536 0.153072
v 4.488083 5.825266 0.153072
v 4.432574 5.782405 0.160000
v 4.435597 5.779786 0.166928
v 4.441643 5.774547 0.166928
v 4.444666 5.771927 0.160000
v 4.441643 5.774547 0.153072
v 4.435597 5.779786 0.153072
v 4.394411 5.723023 0.160000
v 4.398050 5.721361 0.166928
v 4.405327 5.718038 0.166928
v 4.408965 5.716376 0.160000
v 4.405327 5.718038 0.153072
v 4.398050 5.721361 0.153072
v 4.374524 5.655294 0.160000
v 4.378483 5.654725 0.166928
v 4.386402 5.653586 0.166928
v 4.390361 5.653017 0.160000
v 4.386402 5.653586 0.153072
v 4.378483 5.654725 0.153072
v 4.374524 5.584706 0.160000
v 4.378483 5.585275 0.166928
v 4.386402 5.586413 0.166928
v 4.390361 5.586983 0.160000
v 4.386402 5.586413 0.153072
v 4.378483 5.585275 0.153072
v 4.394411 5.516977 0.160000
v 4.398050 5.518639 0.166928
v 4.405327 5.521962 0.166928
v 4.408965 5.523623 0.160000
v 4.405327 5.521962 0.153072
v 4.398050 5.518639 0.153072
v 4.432574 5.457594 0.160000
v 4.435597 5.460214 0.166928
v 4.441643 5.465453 0.166928
v 4.444666 5.468072 0.160000
v 4.441643 5.465453 0.153072
v 4.435597 5.460214 0.153072
v 4.485921 5.411369 0.160000
v 4.488083 5.414734 0.166928
v 4.492409 5.421464 0.166928
v 4.494571 5.424829 0.160000
v 4.492409 5.421464 0.153072
v 4.488083 5.414734 0.153072
v 4.550130 5.382046 0.160000
v 4.551257 5.385884 0.166928
v 4.553511 5.393559 0.166928
v 4.554638 5.397398 0.160000
v 4.553511 5.393559 0.153072
v 4.551257 5.385884 0.153072
v 4.620000 5.372000 0.160000
v 4.620000 5.376000 0.166928
v 4.620000 5.384000 0.166928
v 4.620000 5.388000 0.160000
v 4.620000 5.384000 0.153072
v 4.620000 5.376000 0.153072
v 4.689869 5.382046 0.160000
v 4.688743 5.385884 0.166928
v 4.686489 5.393559 0.166928
v 4.685362 5.397398 0.160000
v 4.686489 5.393559 0.153072
v 4.688743 5.385884 0.153072
v 4.754079 5.411369 0.160000
v 4.751916 5.414734 0.166928
v 4.747591 5.421464 0.166928
v 4.745429 5.424829 0.160000
v 4.747591 5.421464 0.153072
v 4.751916 5.414734 0.153072
v 4.807426 5.457594 0.160000
v 4.804403 5.460214 0.166928
v 4.798357 5.465453 0.166928
v 4.795334 5.468072 0.160000
v 4.798357 5.465453 0.153072
v 4.804403 5.460214 0.153072
v 4.845589 5.516977 0.160000
v 4.841950 5.518639 0.166928
v 4.834673 5.521962 0.166928
v 4.831035 5.523623 0.160000
v 4.834673 5.521962 0.153072
v 4.841950 5.518639 0.153072
v 4.865476 5.584706 0.160000
v 4.861516 5.585275 0.166928
v 4.853598 5.586413 0.166928
v 4.849638 5.586983 0.160000
v 4.853598 5.586413 0.153072
v 4.861516 5.585275 0.153072
v 4.865476 5.655294 0.160000
v 4.861516 5.654725 0.166928
v 4.853598 5.653586 0.166928
v 4.849638 5.653017 0.160000
v 4.853598 5.653586 0.153072
v 4.861516 5.654725 0.153072
v 4.845589 5.723023 0.160000
v 4.841950 5.721361 0.166928
v 4.834673 5.718038 0.166928
v 4.831035 5.716376 0.160000
v 4.834673 5.718038 0.153072
v 4.841950 5.721361 0.153072
v 4.807426 5.782405 0.160000
v 4.804403 5.779786 0.166928
v 4.798357 5.774547 0.166928
v 4.795334 5.771928 0.160000
v 4.798357 5.774547 0.153072
v 4.804403 5.779786 0.153072
v 4.754079 5.828631 0.160000
v 4.751916 5.825266 0.166928
v 4.747591 5.818536 0.166928
v 4.745429 5.815171 0.160000
v 4.747591 5.818536 0.153072
v 4.751916 5.825266 0.153072
v 4.689869 5.857954 0.160000
v 4.688743 5.854116 0.166928
v 4.686489 5.846440 0.166928
v 4.685362 5.842602 0.160000
v 4.686489 5.846440 0.153072
v 4.688743 5.854116 0.153072
v 4.620000 5.868000 0.160000
v 4.620000 5.864000 0.166928
v 4.620000 5.856000 0.166928
v 4.620000 5.852000 0.160000
v 4.620000 5.856000 0.153072
v 4.620000 5.864000 0.153072
s 1
f 4025 4026 4032 4031
f 4026 4027 4033 4032
f 4027 4028 4034 4033
f 4028 4029 4035 4034
f 4029 4030 4036 4035
f 4030 4025 4031 4036
f 4031 4032 4038 4037
f 4032 4033 4039 4038
f 4033 4034 4040 4039
f 4034 4035 4041 4040
f 4035 4036 4042 4041
f 4036 4031 4037 4042
f 4037 4038 4044 4043
f 4038 4039 4045 4044
f 4039 4040 4046 4045
f 4040 4041 4047 4046
f 4041 4042 4048 4047
f 4042 4037 4043 4048
f 4043 4044 4050 4049
f 4044 4045 4051 4050
f 4045 4046 4052 4051
f 4046 4047 4053 4052
f 4047 4048 4054 4053
f 4048 4043 4049 4054
f 4049 4050 4056 4055
f 4050 4051 4057 4056
f 4051 4052 4058 4057
f 4052 4053 4059 4058
f 4053 4054 4060 4059
f 4054 4049 4055 4060
f 4055 4056 4062 4061
f 4056 4057 4063 4062
f 4057 4058 4064 4063
f 4058 4059 4065 4064
f 4059 4060 4066 4065
f 4060 4055 4061 4066
f 4061 4062 4068 4067
f 4062 4063 4069 4068
f 4063 4064 4070 4069
f 4064 4065 4071 4070
f 4065 4066 4072 4071
f 4066 4061 4067 4072
f 4067 4068 4074 4073
f 4068 4069 4075 4074
f 4069 4070 4076 4075
f 4070 4071 4077 4076
f 4071 4072 4078 4077
f 4072 4067 4073 4078
f 4073 4074 4080 4079
f 4074 4075 4081 4080
f 4075 4076 4082 4081
f 4076 4077 4083 4082
f 4077 4078 4084 4083
f 4078 4073 4079 4084
f 4079 4080 4086 4085
f 4080 4081 4087 4086
f 4081 4082 4088 4087
f 4082 4083 4089 4088
f 4083 4084 4090 4089
f 4084 4079 4085 4090
f 4085 4086 4092 4091
f 4086 4087 4093 4092
f 4087 4088 4094 4093
f 4088 4089 4095 4094
f 4089 4090 4096 4095
f 4090 4085 4091 4096
f 4091 4092 4098 4097
f 4092 4093 4099 4098
f 4093 4094 4100 4099
f 4094 4095 4101 4100
f 4095 4096 4102 4101
f 4096 4091 4097 4102
f 4097 4098 4104 4103
f 4098 4099 4105 4104
f 4099 4100 4106 4105
f 4100 4101 4107 4106
f 4101 4102 4108 4107
f 4102 4097 4103 4108
f 4103 4104 4110 4109
f 4104 4105 4111 4110
f 4105 4106 4112 4111
f 4106 4107 4113 4112
f 4107 4108 4114 4113
f 4108 4103 4109 4114
f 4109 4110 4116 4115
f 4110 4111 4117 4116
f 4111 4112 4118 4117
f 4112 4113 4119 4118
f 4113 4114 4120 4119
f 4114 4109 4115 4120
f 4115 4116 4122 4121
f 4116 4117 4123 4122
f 4117 4118 4124 4123
f 4118 4119 4125 4124
f 4119 4120 4126 4125
f 4120 4115 4121 4126
f 4121 4122 4128 4127
f 4122 4123 4129 4128
f 4123 4124 4130 4129
f 4124 4125 4131 4130
f 4125 4126 4132 4131
f 4126 4121 4127 4132
f 4127 4128 4134 4133
f 4128 4129 4135 4134
f 4129 4130 4136 4135
f 4130 4131 4137 4136
f 4131 4132 4138 4137
f 4132 4127 4133 4138
f 4133 4134 4140 4139
f 4134 4135 4141 4140
f 4135 4136 4142 4141
f 4136 4137 4143 4142
f 4137 4138 4144 4143
f 4138 4133 4139 4144
f 4139 4140 4146 4145
f 4140 4141 4147 4146
f 4141 4142 4148 4147
f 4142 4143 4149 4148
f 4143 4144 4150 4149
f 4144 4139 4145 4150
f 4145 4146 4152 4151
f 4146 4147 4153 4152
f 4147 4148 4154 4153
f 4148 4149 4155 4154
f 4149 4150 4156 4155
f 4150 4145 4151 4156
f 4151 4152 4158 4157
f 4152 4153 4159 4158
f 4153 4154 4160 4159
f 4154 4155 4161 4160
f 4155 4156 4162 4161
f 4156 4151 4157 4162
o chair_E_post-0.18
v 7.372385 5.793392 0.399775
v 7.433584 5.791255 0.835493
v 7.370461 5.786078 0.400009
v 7.431660 5.783941 0.835727
v 7.365586 5.780330 0.400666
v 7.426785 5.778193 0.836384
v 7.358726 5.777285 0.401615
v 7.419925 5.775147 0.837332
v 7.351238 5.777546 0.402668
v 7.412437 5.775409 0.838385
v 7.344607 5.781063 0.403616
v 7.405806 5.778925 0.839334
v 7.340145 5.787137 0.404273
v 7.401344 5.785000 0.839991
v 7.338736 5.794567 0.404507
v 7.399935 5.792429 0.840225
v 7.340660 5.801880 0.404273
v 7.401859 5.799743 0.839991
v 7.345534 5.807629 0.403616
v 7.406734 5.805491 0.839334
v 7.352395 5.810674 0.402668
v 7.413594 5.808537 0.838385
v 7.359883 5.810412 0.401615
v 7.421082 5.808275 0.837332
v 7.366514 5.806896 0.400666
v 7.427713 5.804759 0.836384
v 7.370976 5.800821 0.400009
v 7.432175 5.798684 0.835727
s 1
f 4163 4164 4166 4165
f 4165 4166 4168 4167
f 4167 4168 4170 4169
f 4169 4170 4172 4171
f 4171 4172 4174 4173
f 4173 4174 4176 4175
f 4175 4176 4178 4177
f 4177 4178 4180 4179
f 4179 4180 4182 4181
f 4181 4182 4184 4183
f 4183 4184 4186 4185
f 4185 4186 4188 4187
f 4166 4164 4190 4188 4186 4184 4182 4180 4178 4176 4174 4172 4170 4168
f 4187 4188 4190 4189
f 4189 4190 4164 4163
f 4163 4165 4167 4169 4171 4173 4175 4177 4179 4181 4183 4185 4187 4189
o chair_E_post0.18
v 7.359821 5.433611 0.399775
v 7.421020 5.431474 0.835493
v 7.357897 5.426298 0.400009
v 7.419096 5.424160 0.835727
v 7.353023 5.420549 0.400666
v 7.414222 5.418412 0.836384
v 7.346162 5.417504 0.401615
v 7.407361 5.415367 0.837332
v 7.338675 5.417766 0.402668
v 7.399873 5.415628 0.838385
v 7.332043 5.421282 0.403616
v 7.393242 5.419145 0.839334
v 7.327581 5.427356 0.404273
v 7.388780 5.425219 0.839991
v 7.326172 5.434786 0.404507
v 7.387372 5.432649 0.840225
v 7.328096 5.442099 0.404273
v 7.389295 5.439962 0.839991
v 7.332971 5.447848 0.403616
v 7.394170 5.445711 0.839334
v 7.339831 5.450893 0.402668
v 7.401030 5.448756 0.838385
v 7.347319 5.450631 0.401615
v 7.408518 5.448494 0.837332
v 7.353951 5.447115 0.400666
v 7.415149 5.444978 0.836384
v 7.358412 5.441041 0.400009
v 7.419611 5.438903 0.835727
s 1
f 4191 4192 4194 4193
f 4193 4194 4196 4195
f 4195 4196 4198 4197
f 4197 4198 4200 4199
f 4199 4200 4202 4201
f 4201 4202 4204 4203
f 4203 4204 4206 4205
f 4205 4206 4208 4207
f 4207 4208 4210 4209
f 4209 4210 4212 4211
f 4211 4212 4214 4213
f 4213 4214 4216 4215
f 4194 4192 4218 4216 4214 4212 4210 4208 4206 4204 4202 4200 4198 4196
f 4215 4216 4218 4217
f 4217 4218 4192 4191
f 4191 4193 4195 4197 4199 4201 4203 4205 4207 4209 4211 4213 4215 4217
o chair_E_slat
v 7.411223 5.802813 0.825000
v 7.415133 5.798133 0.839040
v 7.426465 5.789644 0.844856
v 7.438581 5.782317 0.839040
v 7.444385 5.780445 0.825000
v 7.440475 5.785124 0.810960
v 7.429143 5.793614 0.805144
v 7.417027 5.800941 0.810960
v 7.399574 5.784341 0.822368
v 7.403673 5.779962 0.836451
v 7.415463 5.772198 0.842370
v 7.428037 5.765597 0.836658
v 7.434030 5.764025 0.822660
v 7.429931 5.768404 0.808577
v 7.418141 5.776168 0.802658
v 7.405567 5.782769 0.808370
v 7.389083 5.765186 0.819746
v 7.393353 5.761119 0.833872
v 7.405555 5.754107 0.839894
v 7.418541 5.748259 0.834284
v 7.424705 5.746999 0.820330
v 7.420434 5.751066 0.806204
v 7.408233 5.758077 0.800182
v 7.395246 5.763926 0.805791
v 7.379788 5.745420 0.817143
v 7.384210 5.741674 0.831311
v 7.396777 5.735440 0.837436
v 7.410128 5.730368 0.831929
v 7.416443 5.729429 0.818016
v 7.412022 5.733174 0.803848
v 7.399455 5.739409 0.797723
v 7.386103 5.744482 0.803231
v 7.371726 5.725117 0.814570
v 7.376278 5.721702 0.828780
v 7.389162 5.716264 0.835006
v 7.402830 5.711990 0.829599
v 7.409276 5.711382 0.815729
v 7.404723 5.714797 0.801519
v 7.391840 5.720234 0.795293
v 7.378171 5.724509 0.800699
v 7.364924 5.704352 0.812036
v 7.369587 5.701275 0.826287
v 7.382739 5.696653 0.832612
v 7.396674 5.693194 0.827306
v 7.403230 5.692924 0.813476
v 7.398567 5.696002 0.799225
v 7.385417 5.700623 0.792900
v 7.371481 5.704082 0.798206
v 7.359411 5.683203 0.809550
v 7.364163 5.680470 0.823842
v 7.377531 5.676680 0.830264
v 7.391683 5.674051 0.825055
v 7.398329 5.674126 0.811266
v 7.393576 5.676858 0.796975
v 7.380208 5.680649 0.790552
v 7.366057 5.683278 0.795761
v 7.355204 5.661750 0.807121
v 7.360025 5.659366 0.821453
v 7.373559 5.656418 0.827971
v 7.387876 5.654633 0.822857
v 7.394590 5.655056 0.809108
v 7.389769 5.657440 0.794777
v 7.376236 5.660388 0.788259
v 7.361919 5.662173 0.793372
v 7.352321 5.640071 0.804760
v 7.357190 5.638040 0.819130
v 7.370836 5.635943 0.825741
v 7.385266 5.635010 0.820720
v 7.392027 5.635786 0.807009
v 7.387159 5.637817 0.792639
v 7.373513 5.639914 0.786028
v 7.359083 5.640847 0.791049
v 7.350773 5.618248 0.802474
v 7.355666 5.616572 0.816881
v 7.369373 5.615334 0.823582
v 7.383864 5.615257 0.818651
v 7.390651 5.616388 0.804977
v 7.385757 5.618064 0.790570
v 7.372051 5.619303 0.783869
v 7.357559 5.619380 0.788800
v 7.350564 5.596364 0.800272
v 7.355461 5.595044 0.814715
v 7.369175 5.594664 0.821502
v 7.383675 5.595448 0.816658
v 7.390465 5.596935 0.803020
v 7.385569 5.598255 0.788577
v 7.371853 5.598634 0.781790
v 7.357354 5.597851 0.786634
v 7.351696 5.574498 0.798163
v 7.356574 5.573534 0.812640
v 7.370245 5.574013 0.819510
v 7.384700 5.575655 0.814748
v 7.391471 5.577498 0.801145
v 7.386593 5.578462 0.786668
v 7.372922 5.577983 0.779797
v 7.358468 5.576341 0.784559
v 7.354164 5.552732 0.796153
v 7.359002 5.552123 0.810663
v 7.372576 5.553457 0.817612
v 7.386934 5.555954 0.812930
v 7.393665 5.558151 0.799359
v 7.388827 5.558762 0.784849
v 7.375254 5.557427 0.777900
v 7.360896 5.554930 0.782582
v 7.357960 5.531149 0.794252
v 7.362736 5.530890 0.808793
v 7.376161 5.533073 0.815816
v 7.390369 5.536418 0.811208
v 7.397039 5.538967 0.797668
v 7.392263 5.539225 0.783127
v 7.378839 5.537043 0.776104
v 7.364630 5.533698 0.780712
v 7.363069 5.509829 0.792465
v 7.367762 5.509917 0.807035
v 7.380986 5.512937 0.814129
v 7.394994 5.517120 0.809591
v 7.401580 5.520015 0.796080
v 7.396887 5.519927 0.781510
v 7.383663 5.516907 0.774416
v 7.369655 5.512724 0.778954
v 7.369471 5.488851 0.790800
v 7.374060 5.489281 0.805397
v 7.387033 5.493124 0.812556
v 7.400789 5.498131 0.808084
v 7.407272 5.501368 0.794600
v 7.402683 5.500938 0.780003
v 7.389710 5.497095 0.772843
v 7.375954 5.492088 0.777316
v 7.377144 5.468294 0.789262
v 7.381608 5.469058 0.803884
v 7.394279 5.473709 0.811104
v 7.407734 5.479524 0.806692
v 7.414092 5.483095 0.793233
v 7.409628 5.482331 0.778611
v 7.396957 5.477679 0.771391
v 7.383502 5.471865 0.775803
v 7.386059 5.448233 0.787858
v 7.390378 5.449324 0.802503
v 7.402699 5.454763 0.809777
v 7.415803 5.461366 0.805421
v 7.422016 5.465263 0.791985
v 7.417697 5.464173 0.777340
v 7.405376 5.458733 0.770065
v 7.392271 5.452131 0.774422
v 7.396181 5.428745 0.786592
v 7.400336 5.430153 0.801258
v 7.412259 5.436358 0.808582
v 7.424966 5.443726 0.804275
v 7.431014 5.447941 0.790860
v 7.426859 5.446533 0.776194
v 7.414937 5.440328 0.768870
v 7.402229 5.432960 0.773177
s 1
f 4219 4220 4228 4227
f 4220 4221 4229 4228
f 4221 4222 4230 4229
f 4222 4223 4231 4230
f 4223 4224 4232 4231
f 4224 4225 4233 4232
f 4225 4226 4234 4233
f 4226 4219 4227 4234
f 4227 4228 4236 4235
f 4228 4229 4237 4236
f 4229 4230 4238 4237
f 4230 4231 4239 4238
f 4231 4232 4240 4239
f 4232 4233 4241 4240
f 4233 4234 4242 4241
f 4234 4227 4235 4242
f 4235 4236 4244 4243
f 4236 4237 4245 4244
f 4237 4238 4246 4245
f 4238 4239 4247 4246
f 4239 4240 4248 4247
f 4240 4241 4249 4248
f 4241 4242 4250 4249
f 4242 4235 4243 4250
f 4243 4244 4252 4251
f 4244 4245 4253 4252
f 4245 4246 4254 4253
f 4246 4247 4255 4254
f 4247 4248 4256 4255
f 4248 4249 4257 4256
f 4249 4250 4258 4257
f 4250 4243 4251 4258
f 4251 4252 4260 4259
f 4252 4253 4261 4260
f 4253 4254 4262 4261
f 4254 4255 4263 4262
f 4255 4256 4264 4263
f 4256 4257 4265 4264
f 4257 4258 4266 4265
f 4258 4251 4259 4266
f 4259 4260 4268 4267
f 4260 4261 4269 4268
f 4261 4262 4270 4269
f 4262 4263 4271 4270
f 4263 4264 4272 4271
f 4264 4265 4273 4272
f 4265 4266 4274 4273
f 4266 4259 4267 4274
f 4267 4268 4276 4275
f 4268 4269 4277 4276
f 4269 4270 4278 4277
f 4270 4271 4279 4278
f 4271 4272 4280 4279
f 4272 4273 4281 4280
f 4273 4274 4282 4281
f 4274 4267 4275 4282
f 4275 4276 4284 4283
f 4276 4277 4285 4284
f 4277 4278 4286 4285
f 4278 4279 4287 4286
f 4279 4280 4288 4287
f 4280 4281 4289 4288
f 4281 4282 4290 4289
f 4282 4275 4283 4290
f 4283 4284 4292 4291
f 4284 4285 4293 4292
f 4285 4286 4294 4293
f 4286 4287 4295 4294
f 4287 4288 4296 4295
f 4288 4289 4297 4296
f 4289 4290 4298 4297
f 4290 4283 4291 4298
f 4291 4292 4300 4299
f 4292 4293 4301 4300
f 4293 4294 4302 4301
f 4294 4295 4303 4302
f 4295 4296 4304 4303
f 4296 4297 4305 4304
f 4297 4298 4306 4305
f 4298 4291 4299 4306
f 4299 4300 4308 4307
f 4300 4301 4309 4308
f 4301 4302 4310 4309
f 4302 4303 4311 4310
f 4303 4304 4312 4311
f 4304 4305 4313 4312
f 4305 4306 4314 4313
f 4306 4299 4307 4314
f 4307 4308 4316 4315
f 4308 4309 4317 4316
f 4309 4310 4318 4317
f 4310 4311 4319 4318
f 4311 4312 4320 4319
f 4312 4313 4321 4320
f 4313 4314 4322 4321
f 4314 4307 4315 4322
f 4315 4316 4324 4323
f 4316 4317 4325 4324
f 4317 4318 4326 4325
f 4318 4319 4327 4326
f 4319 4320 4328 4327
f 4320 4321 4329 4328
f 4321 4322 4330 4329
f 4322 4315 4323 4330
f 4323 4324 4332 4331
f 4324 4325 4333 4332
f 4325 4326 4334 4333
f 4326 4327 4335 4334
f 4327 4328 4336 4335
f 4328 4329 4337 4336
f 4329 4330 4338 4337
f 4330 4323 4331 4338
f 4331 4332 4340 4339
f 4332 4333 4341 4340
f 4333 4334 4342 4341
f 4334 4335 4343 4342
f 4335 4336 4344 4343
f 4336 4337 4345 4344
f 4337 4338 4346 4345
f 4338 4331 4339 4346
f 4339 4340 4348 4347
f 4340 4341 4349 4348
f 4341 4342 4350 4349
f 4342 4343 4351 4350
f 4343 4344 4352 4351
f 4344 4345 4353 4352
f 4345 4346 4354 4353
f 4346 4339 4347 4354
f 4347 4348 4356 4355
f 4348 4349 4357 4356
f 4349 4350 4358 4357
f 4350 4351 4359 4358
f 4351 4352 4360 4359
f 4352 4353 4361 4360
f 4353 4354 4362 4361
f 4354 4347 4355 4362
f 4355 4356 4364 4363
f 4356 4357 4365 4364
f 4357 4358 4366 4365
f 4358 4359 4367 4366
f 4359 4360 4368 4367
f 4360 4361 4369 4368
f 4361 4362 4370 4369
f 4362 4355 4363 4370
o chair_E_stretcher
v 7.171345 5.372151 0.160000
v 7.171484 5.376149 0.166928
v 7.171763 5.384144 0.166928
v 7.171903 5.388141 0.160000
v 7.171763 5.384144 0.153072
v 7.171484 5.376149 0.153072
v 7.241522 5.379752 0.160000
v 7.240530 5.383627 0.166928
v 7.238545 5.391377 0.166928
v 7.237553 5.395252 0.160000
v 7.238545 5.391377 0.153072
v 7.240530 5.383627 0.153072
v 7.306716 5.406817 0.160000
v 7.304672 5.410255 0.166928
v 7.300585 5.417132 0.166928
v 7.298541 5.420570 0.160000
v 7.300585 5.417132 0.153072
v 7.304672 5.410255 0.153072
v 7.361644 5.451152 0.160000
v 7.358714 5.453876 0.166928
v 7.352855 5.459322 0.166928
v 7.349925 5.462046 0.160000
v 7.352855 5.459322 0.153072
v 7.358714 5.453876 0.153072
v 7.401856 5.509167 0.160000
v 7.398277 5.510954 0.166928
v 7.391121 5.514530 0.166928
v 7.387542 5.516317 0.160000
v 7.391121 5.514530 0.153072
v 7.398277 5.510954 0.153072
v 7.424094 5.576160 0.160000
v 7.420157 5.576868 0.166928
v 7.412283 5.578282 0.166928
v 7.408346 5.578989 0.160000
v 7.412283 5.578282 0.153072
v 7.420157 5.576868 0.153072
v 7.426558 5.646706 0.160000
v 7.422581 5.646275 0.166928
v 7.414628 5.645413 0.166928
v 7.410651 5.644983 0.160000
v 7.414628 5.645413 0.153072
v 7.422581 5.646275 0.153072
v 7.409047 5.715087 0.160000
v 7.405352 5.713553 0.166928
v 7.397964 5.710486 0.166928
v 7.394269 5.708952 0.160000
v 7.397964 5.710486 0.153072
v 7.405352 5.713553 0.153072
v 7.372979 5.775765 0.160000
v 7.369867 5.773253 0.166928
v 7.363642 5.768229 0.166928
v 7.360529 5.765716 0.160000
v 7.363642 5.768229 0.153072
v 7.369867 5.773253 0.153072
v 7.321278 5.823824 0.160000
v 7.318999 5.820537 0.166928
v 7.314442 5.813962 0.166928
v 7.312163 5.810675 0.160000
v 7.314442 5.813962 0.153072
v 7.318999 5.820537 0.153072
v 7.258132 5.855371 0.160000
v 7.256871 5.851574 0.166928
v 7.254351 5.843982 0.166928
v 7.253091 5.840186 0.160000
v 7.254351 5.843982 0.153072
v 7.256871 5.851574 0.153072
v 7.188655 5.867849 0.160000
v 7.188515 5.863851 0.166928
v 7.188236 5.855856 0.166928
v 7.188097 5.851859 0.160000
v 7.188236 5.855856 0.153072
v 7.188515 5.863851 0.153072
v 7.118477 5.860248 0.160000
v 7.119470 5.856373 0.166928
v 7.121454 5.848623 0.166928
v 7.122447 5.844748 0.160000
v 7.121454 5.848623 0.153072
v 7.119470 5.856373 0.153072
v 7.053284 5.833183 0.160000
v 7.055327 5.829744 0.166928
v 7.059415 5.822867 0.166928
v 7.061459 5.819429 0.160000
v 7.059415 5.822867 0.153072
v 7.055327 5.829744 0.153072
v 6.998356 5.788847 0.160000
v 7.001286 5.786124 0.166928
v 7.007145 5.780677 0.166928
v 7.010075 5.777954 0.160000
v 7.007145 5.780677 0.153072
v 7.001286 5.786124 0.153072
v 6.958144 5.730833 0.160000
v 6.961722 5.729045 0.166928
v 6.968879 5.725470 0.166928
v 6.972457 5.723682 0.160000
v 6.968879 5.725470 0.153072
v 6.961722 5.729045 0.153072
v 6.935905 5.663839 0.160000
v 6.939842 5.663132 0.166928
v 6.947716 5.661718 0.166928
v 6.951653 5.661011 0.160000
v 6.947716 5.661718 0.153072
v 6.939842 5.663132 0.153072
v 6.933442 5.593294 0.160000
v 6.937418 5.593725 0.166928
v 6.945372 5.594586 0.166928
v 6.949349 5.595017 0.160000
v 6.945372 5.594586 0.153072
v 6.937418 5.593725 0.153072
v 6.950953 5.524913 0.160000
v 6.954648 5.526446 0.166928
v 6.962036 5.529514 0.166928
v 6.965730 5.531047 0.160000
v 6.962036 5.529514 0.153072
v 6.954648 5.526446 0.153072
v 6.987020 5.464234 0.160000
v 6.990133 5.466747 0.166928
v 6.996358 5.471771 0.166928
v 6.999471 5.474284 0.160000
v 6.996358 5.471771 0.153072
v 6.990133 5.466747 0.153072
v 7.038722 5.416175 0.160000
v 7.041000 5.419463 0.166928
v 7.045557 5.426038 0.166928
v 7.047836 5.429325 0.160000
v 7.045557 5.426038 0.153072
v 7.041000 5.419463 0.153072
v 7.101868 5.384629 0.160000
v 7.103128 5.388425 0.166928
v 7.105649 5.396018 0.166928
v 7.106909 5.399814 0.160000
v 7.105649 5.396018 0.153072
v 7.103128 5.388425 0.153072
v 7.171345 5.372151 0.160000
v 7.171484 5.376149 0.166928
v 7.171763 5.384144 0.166928
v 7.171903 5.388141 0.160000
v 7.171763 5.384144 0.153072
v 7.171484 5.376149 0.153072
s 1
f 4371 4372 4378 4377
f 4372 4373 4379 4378
f 4373 4374 4380 4379
f 4374 4375 4381 4380
f 4375 4376 4382 4381
f 4376 4371 4377 4382
f 4377 4378 4384 4383
f 4378 4379 4385 4384
f 4379 4380 4386 4385
f 4380 4381 4387 4386
f 4381 4382 4388 4387
f 4382 4377 4383 4388
f 4383 4384 4390 4389
f 4384 4385 4391 4390
f 4385 4386 4392 4391
f 4386 4387 4393 4392
f 4387 4388 4394 4393
f 4388 4383 4389 4394
f 4389 4390 4396 4395
f 4390 4391 4397 4396
f 4391 4392 4398 4397
f 4392 4393 4399 4398
f 4393 4394 4400 4399
f 4394 4389 4395 4400
f 4395 4396 4402 4401
f 4396 4397 4403 4402
f 4397 4398 4404 4403
f 4398 4399 4405 4404
f 4399 4400 4406 4405
f 4400 4395 4401 4406
f 4401 4402 4408 4407
f 4402 4403 4409 4408
f 4403 4404 4410 4409
f 4404 4405 4411 4410
f 4405 4406 4412 4411
f 4406 4401 4407 4412
f 4407 4408 4414 4413
f 4408 4409 4415 4414
f 4409 4410 4416 4415
f 4410 4411 4417 4416
f 4411 4412 4418 4417
f 4412 4407 4413 4418
f 4413 4414 4420 4419
f 4414 4415 4421 4420
f 4415 4416 4422 4421
f 4416 4417 4423 4422
f 4417 4418 4424 4423
f 4418 4413 4419 4424
f 4419 4420 4426 4425
f 4420 4421 4427 4426
f 4421 4422 4428 4427
f 4422 4423 4429 4428
f 4423 4424 4430 4429
f 4424 4419 4425 4430
f 4425 4426 4432 4431
f 4426 4427 4433 4432
f 4427 4428 4434 4433
f 4428 4429 4435 4434
f 4429 4430 4436 4435
f 4430 4425 4431 4436
f 4431 4432 4438 4437
f 4432 4433 4439 4438
f 4433 4434 4440 4439
f 4434 4435 4441 4440
f 4435 4436 4442 4441
f 4436 4431 4437 4442
f 4437 4438 4444 4443
f 4438 4439 4445 4444
f 4439 4440 4446 4445
f 4440 4441 4447 4446
f 4441 4442 4448 4447
f 4442 4437 4443 4448
f 4443 4444 4450 4449
f 4444 4445 4451 4450
f 4445 4446 4452 4451
f 4446 4447 4453 4452
f 4447 4448 4454 4453
f 4448 4443 4449 4454
f 4449 4450 4456 4455
f 4450 4451 4457 4456
f 4451 4452 4458 4457
f 4452 4453 4459 4458
f 4453 4454 4460 4459
f 4454 4449 4455 4460
f 4455 4456 4462 4461
f 4456 4457 4463 4462
f 4457 4458 4464 4463
f 4458 4459 4465 4464
f 4459 4460 4466 4465
f 4460 4455 4461 4466
f 4461 4462 4468 4467
f 4462 4463 4469 4468
f 4463 4464 4470 4469
f 4464 4465 4471 4470
f 4465 4466 4472 4471
f 4466 4461 4467 4472
f 4467 4468 4474 4473
f 4468 4469 4475 4474
f 4469 4470 4476 4475
f 4470 4471 4477 4476
f 4471 4472 4478 4477
f 4472 4467 4473 4478
f 4473 4474 4480 4479
f 4474 4475 4481 4480
f 4475 4476 4482 4481
f 4476 4477 4483 4482
f 4477 4478 4484 4483
f 4478 4473 4479 4484
f 4479 4480 4486 4485
f 4480 4481 4487 4486
f 4481 4482 4488 4487
f 4482 4483 4489 4488
f 4483 4484 4490 4489
f 4484 4479 4485 4490
f 4485 4486 4492 4491
f 4486 4487 4493 4492
f 4487 4488 4494 4493
f 4488 4489 4495 4494
f 4489 4490 4496 4495
f 4490 4485 4491 4496
f 4491 4492 4498 4497
f 4492 4493 4499 4498
f 4493 4494 4500 4499
f 4494 4495 4501 4500
f 4495 4496 4502 4501
f 4496 4491 4497 4502
f 4497 4498 4504 4503
f 4498 4499 4505 4504
f 4499 4500 4506 4505
f 4500 4501 4507 4506
f 4501 4502 4508 4507
f 4502 4497 4503 4508
o stool_0_seat
v 3.173051 3.720000 0.631000
v 3.165000 3.720000 0.639000
v 3.167358 3.720000 0.633343
v 3.173051 3.720000 0.669000
v 3.165000 3.720000 0.661000
v 3.167358 3.720000 0.666657
v 3.177236 3.757150 0.631000
v 3.169388 3.758941 0.639000
v 3.171686 3.758416 0.633343
v 3.177236 3.757150 0.669000
v 3.169388 3.758941 0.661000
v 3.171686 3.758416 0.666657
v 3.189584 3.792437 0.631000
v 3.182330 3.795930 0.639000
v 3.184455 3.794907 0.633343
v 3.189584 3.792437 0.669000
v 3.182330 3.795930 0.661000
v 3.184455 3.794907 0.666657
v 3.209474 3.824091 0.631000
v 3.203179 3.829111 0.639000
v 3.205023 3.827641 0.633343
v 3.209474 3.824091 0.669000
v 3.203179 3.829111 0.661000
v 3.205023 3.827641 0.666657
v 3.235909 3.850526 0.631000
v 3.230889 3.856821 0.639000
v 3.232359 3.854977 0.633343
v 3.235909 3.850526 0.669000
v 3.230889 3.856821 0.661000
v 3.232359 3.854977 0.666657
v 3.267563 3.870416 0.631000
v 3.264070 3.877670 0.639000
v 3.265093 3.875545 0.633343
v 3.267563 3.870416 0.669000
v 3.264070 3.877670 0.661000
v 3.265093 3.875545 0.666657
v 3.302850 3.882764 0.631000
v 3.301059 3.890612 0.639000
v 3.301584 3.888314 0.633343
v 3.302850 3.882764 0.669000
v 3.301059 3.890612 0.661000
v 3.301584 3.888314 0.666657
v 3.340000 3.886949 0.631000
v 3.340000 3.895000 0.639000
v 3.340000 3.892642 0.633343
v 3.340000 3.886949 0.669000
v 3.340000 3.895000 0.661000
v 3.340000 3.892642 0.666657
v 3.377150 3.882764 0.631000
v 3.378941 3.890612 0.639000
v 3.378416 3.888314 0.633343
v 3.377150 3.882764 0.669000
v 3.378941 3.890612 0.661000
v 3.378416 3.888314 0.666657
v 3.412436 3.870416 0.631000
v 3.415930 3.877670 0.639000
v 3.414907 3.875545 0.633343
v 3.412436 3.870416 0.669000
v 3.415930 3.877670 0.661000
v 3.414907 3.875545 0.666657
v 3.444091 3.850526 0.631000
v 3.449111 3.856821 0.639000
v 3.447640 3.854977 0.633343
v 3.444091 3.850526 0.669000
v 3.449111 3.856821 0.661000
v 3.447640 3.854977 0.666657
v 3.470526 3.824091 0.631000
v 3.476820 3.829111 0.639000
v 3.474977 3.827641 0.633343
v 3.470526 3.824091 0.669000
v 3.476820 3.829111 0.661000
v 3.474977 3.827641 0.666657
v 3.490416 3.792437 0.631000
v 3.497669 3.795930 0.639000
v 3.495545 3.794907 0.633343
v 3.490416 3.792437 0.669000
v 3.497669 3.795930 0.661000
v 3.495545 3.794907 0.666657
v 3.502764 3.757150 0.631000
v 3.510612 3.758941 0.639000
v 3.508313 3.758416 0.633343
v 3.502764 3.757150 0.669000
v 3.510612 3.758941 0.661000
v 3.508313 3.758416 0.666657
v 3.506949 3.720000 0.631000
v 3.515000 3.720000 0.639000
v 3.512642 3.720000 0.633343
v 3.506949 3.720000 0.669000
v 3.515000 3.720000 0.661000
v 3.512642 3.720000 0.666657
v 3.502764 3.682850 0.631000
v 3.510612 3.681059 0.639000
v 3.508313 3.681584 0.633343
v 3.502764 3.682850 0.669000
v 3.510612 3.681059 0.661000
v 3.508313 3.681584 0.666657
v 3.490416 3.647563 0.631000
v 3.497669 3.644070 0.639000
v 3.495545 3.645093 0.633343
v 3.490416 3.647563 0.669000
v 3.497669 3.644070 0.661000
v 3.495545 3.645093 0.666657
v 3.470526 3.615909 0.631000
v 3.476820 3.610889 0.639000
v 3.474977 3.612360 0.633343
v 3.470526 3.615909 0.669000
v 3.476820 3.610889 0.661000
v 3.474977 3.612360 0.666657
v 3.444091 3.589474 0.631000
v 3.449111 3.583179 0.639000
v 3.447640 3.585023 0.633343
v 3.444091 3.589474 0.669000
v 3.449111 3.583179 0.661000
v 3.447640 3.585023 0.666657
v 3.412436 3.569584 0.631000
v 3.415930 3.562330 0.639000
v 3.414907 3.564455 0.633343
v 3.412436 3.569584 0.669000
v 3.415930 3.562330 0.661000
v 3.414907 3.564455 0.666657
v 3.377150 3.557236 0.631000
v 3.378941 3.549388 0.639000
v 3.378416 3.551687 0.633343
v 3.377150 3.557236 0.669000
v 3.378941 3.549388 0.661000
v 3.378416 3.551687 0.666657
v 3.340000 3.553051 0.631000
v 3.340000 3.545000 0.639000
v 3.340000 3.547358 0.633343
v 3.340000 3.553051 0.669000
v 3.340000 3.545000 0.661000
v 3.340000 3.547358 0.666657
v 3.302850 3.557236 0.631000
v 3.301059 3.549388 0.639000
v 3.301584 3.551687 0.633343
v 3.302850 3.557236 0.669000
v 3.301059 3.549388 0.661000
v 3.301584 3.551687 0.666657
v 3.267563 3.569584 0.631000
v 3.264070 3.562330 0.639000
v 3.265093 3.564455 0.633343
v 3.267563 3.569584 0.669000
v 3.264070 3.562330 0.661000
v 3.265093 3.564455 0.666657
v 3.235909 3.589474 0.631000
v 3.230889 3.583179 0.639000
v 3.232359 3.585023 0.633343
v 3.235909 3.589474 0.669000
v 3.230889 3.583179 0.661000
v 3.232359 3.585023 0.666657
v 3.209474 3.615909 0.631000
v 3.203179 3.610889 0.639000
v 3.205023 3.612360 0.633343
v 3.209474 3.615909 0.669000
v 3.203179 3.610889 0.661000
v 3.205023 3.612360 0.666657
v 3.189584 3.647563 0.631000
v 3.182330 3.644070 0.639000
v 3.184455 3.645093 0.633343
v 3.189584 3.647563 0.669000
v 3.182330 3.644070 0.661000
v 3.184455 3.645093 0.666657
v 3.177236 3.682850 0.631000
v 3.169388 3.681059 0.639000
v 3.171686 3.681584 0.633343
v 3.177236 3.682850 0.669000
v 3.169388 3.681059 0.661000
v 3.171686 3.681584 0.666657
s 1
f 4672 4675 4513 4510
f 4522 4525 4531 4528
f 4528 4531 4537 4534
f 4534 4537 4543 4540
f 4540 4543 4549 4546
f 4546 4549 4555 4552
f 4552 4555 4561 4558
f 4558 4561 4567 4564
f 4564 4567 4573 4570
f 4570 4573 4579 4576
f 4576 4579 4585 4582
f 4582 4585 4591 4588
f 4588 4591 4597 4594
f 4594 4597 4603 4600
f 4600 4603 4609 4606
f 4606 4609 4615 4612
f 4612 4615 4621 4618
f 4618 4621 4627 4624
f 4624 4627 4633 4630
f 4630 4633 4639 4636
f 4636 4639 4645 4642
f 4642 4645 4651 4648
f 4648 4651 4657 4654
f 4654 4657 4663 4660
f 4660 4663 4669 4666
f 4666 4669 4675 4672
f 4516 4519 4525 4522
f 4518 4512 4674 4668 4662 4656 4650 4644 4638 4632 4626 4620 4614 4608 4602 4596 4590 4584 4578 4572 4566 4560 4554 4548 4542 4536 4530 4524
f 4510 4513 4519 4516
f 4510 4516 4517 4511
f 4511 4517 4515 4509
f 4519 4513 4514 4520
f 4520 4514 4512 4518
f 4516 4522 4523 4517
f 4517 4523 4521 4515
f 4525 4519 4520 4526
f 4526 4520 4518 4524
f 4522 4528 4529 4523
f 4523 4529 4527 4521
f 4531 4525 4526 4532
f 4532 4526 4524 4530
f 4528 4534 4535 4529
f 4529 4535 4533 4527
f 4537 4531 4532 4538
f 4538 4532 4530 4536
f 4534 4540 4541 4535
f 4535 4541 4539 4533
f 4543 4537 4538 4544
f 4544 4538 4536 4542
f 4540 4546 4547 4541
f 4541 4547 4545 4539
f 4549 4543 4544 4550
f 4550 4544 4542 4548
f 4546 4552 4553 4547
f 4547 4553 4551 4545
f 4555 4549 4550 4556
f 4556 4550 4548 4554
f 4552 4558 4559 4553
f 4553 4559 4557 4551
f 4561 4555 4556 4562
f 4562 4556 4554 4560
f 4558 4564 4565 4559
f 4559 4565 4563 4557
f 4567 4561 4562 4568
f 4568 4562 4560 4566
f 4564 4570 4571 4565
f 4565 4571 4569 4563
f 4573 4567 4568 4574
f 4574 4568 4566 4572
f 4570 4576 4577 4571
f 4571 4577 4575 4569
f 4579 4573 4574 4580
f 4580 4574 4572 4578
f 4576 4582 4583 4577
f 4577 4583 4581 4575
f 4585 4579 4580 4586
f 4586 4580 4578 4584
f 4582 4588 4589 4583
f 4583 4589 4587 4581
f 4591 4585 4586 4592
f 4592 4586 4584 4590
f 4588 4594 4595 4589
f 4589 4595 4593 4587
f 4597 4591 4592 4598
f 4598 4592 4590 4596
f 4594 4600 4601 4595
f 4595 4601 4599 4593
f 4603 4597 4598 4604
f 4604 4598 4596 4602
f 4600 4606 4607 4601
f 4601 4607 4605 4599
f 4609 4603 4604 4610
f 4610 4604 4602 4608
f 4606 4612 4613 4607
f 4607 4613 4611 4605
f 4615 4609 4610 4616
f 4616 4610 4608 4614
f 4612 4618 4619 4613
f 4613 4619 4617 4611
f 4621 4615 4616 4622
f 4622 4616 4614 4620
f 4618 4624 4625 4619
f 4619 4625 4623 4617
f 4627 4621 4622 4628
f 4628 4622 4620 4626
f 4624 4630 4631 4625
f 4625 4631 4629 4623
f 4633 4627 4628 4634
f 4634 4628 4626 4632
f 4630 4636 4637 4631
f 4631 4637 4635 4629
f 4639 4633 4634 4640
f 4640 4634 4632 4638
f 4636 4642 4643 4637
f 4637 4643 4641 4635
f 4645 4639 4640 4646
f 4646 4640 4638 4644
f 4642 4648 4649 4643
f 4643 4649 4647 4641
f 4651 4645 4646 4652
f 4652 4646 4644 4650
f 4648 4654 4655 4649
f 4649 4655 4653 4647
f 4657 4651 4652 4658
f 4658 4652 4650 4656
f 4654 4660 4661 4655
f 4655 4661 4659 4653
f 4663 4657 4658 4664
f 4664 4658 4656 4662
f 4660 4666 4667 4661
f 4661 4667 4665 4659
f 4669 4663 4664 4670
f 4670 4664 4662 4668
f 4666 4672 4673 4667
f 4667 4673 4671 4665
f 4675 4669 4670 4676
f 4676 4670 4668 4674
f 4672 4510 4511 4673
f 4673 4511 4509 4671
f 4513 4675 4676 4514
f 4514 4676 4674 4512
f 4509 4515 4521 4527 4533 4539 4545 4551 4557 4563 4569 4575 4581 4587 4593 4599 4605 4611 4617 4623 4629 4635 4641 4647 4653 4659 4665 4671
o stool_1_seat
v 3.173051 4.420000 0.631000
v 3.165000 4.420000 0.639000
v 3.167358 4.420000 0.633343
v 3.173051 4.420000 0.669000
v 3.165000 4.420000 0.661000
v 3.167358 4.420000 0.666657
v 3.177236 4.457150 0.631000
v 3.169388 4.458941 0.639000
v 3.171686 4.458416 0.633343
v 3.177236 4.457150 0.669000
v 3.169388 4.458941 0.661000
v 3.171686 4.458416 0.666657
v 3.189584 4.492437 0.631000
v 3.182330 4.495930 0.639000
v 3.184455 4.494906 0.633343
v 3.189584 4.492437 0.669000
v 3.182330 4.495930 0.661000
v 3.184455 4.494906 0.666657
v 3.209474 4.524091 0.631000
v 3.203179 4.529111 0.639000
v 3.205023 4.527641 0.633343
v 3.209474 4.524091 0.669000
v 3.203179 4.529111 0.661000
v 3.205023 4.527641 0.666657
v 3.235909 4.550526 0.631000
v 3.230889 4.556820 0.639000
v 3.232359 4.554977 0.633343
v 3.235909 4.550526 0.669000
v 3.230889 4.556820 0.661000
v 3.232359 4.554977 0.666657
v 3.267563 4.570416 0.631000
v 3.264070 4.577670 0.639000
v 3.265093 4.575545 0.633343
v 3.267563 4.570416 0.669000
v 3.264070 4.577670 0.661000
v 3.265093 4.575545 0.666657
v 3.302850 4.582764 0.631000
v 3.301059 4.590612 0.639000
v 3.301584 4.588314 0.633343
v 3.302850 4.582764 0.669000
v 3.301059 4.590612 0.661000
v 3.301584 4.588314 0.666657
v 3.340000 4.586949 0.631000
v 3.340000 4.595000 0.639000
v 3.340000 4.592642 0.633343
v 3.340000 4.586949 0.669000
v 3.340000 4.595000 0.661000
v 3.340000 4.592642 0.666657
v 3.377150 4.582764 0.631000
v 3.378941 4.590612 0.639000
v 3.378416 4.588314 0.633343
v 3.377150 4.582764 0.669000
v 3.378941 4.590612 0.661000
v 3.378416 4.588314 0.666657
v 3.412436 4.570416 0.631000
v 3.415930 4.577670 0.639000
v 3.414907 4.575545 0.633343
v 3.412436 4.570416 0.669000
v 3.415930 4.577670 0.661000
v 3.414907 4.575545 0.666657
v 3.444091 4.550526 0.631000
v 3.449111 4.556820 0.639000
v 3.447640 4.554977 0.633343
v 3.444091 4.550526 0.669000
v 3.449111 4.556820 0.661000
v 3.447640 4.554977 0.666657
v 3.470526 4.524091 0.631000
v 3.476820 4.529111 0.639000
v 3.474977 4.527641 0.633343
v 3.470526 4.524091 0.669000
v 3.476820 4.529111 0.661000
v 3.474977 4.527641 0.666657
v 3.490416 4.492437 0.631000
v 3.497669 4.495930 0.639000
v 3.495545 4.494906 0.633343
v 3.490416 4.492437 0.669000
v 3.497669 4.495930 0.661000
v 3.495545 4.494906 0.666657
v 3.502764 4.457150 0.631000
v 3.510612 4.458941 0.639000
v 3.508313 4.458416 0.633343
v 3.502764 4.457150 0.669000
v 3.510612 4.458941 0.661000
v 3.508313 4.458416 0.666657
v 3.506949 4.420000 0.631000
v 3.515000 4.420000 0.639000
v 3.512642 4.420000 0.633343
v 3.506949 4.420000 0.669000
v 3.515000 4.420000 0.661000
v 3.512642 4.420000 0.666657
v 3.502764 4.382850 0.631000
v 3.510612 4.381059 0.639000
v 3.508313 4.381584 0.633343
v 3.502764 4.382850 0.669000
v 3.510612 4.381059 0.661000
v 3.508313 4.381584 0.666657
v 3.490416 4.347563 0.631000
v 3.497669 4.344070 0.639000
v 3.495545 4.345094 0.633343
v 3.490416 4.347563 0.669000
v 3.497669 4.344070 0.661000
v 3.495545 4.345094 0.666657
v 3.470526 4.315909 0.631000
v 3.476820 4.310889 0.639000
v 3.474977 4.312359 0.633343
v 3.470526 4.315909 0.669000
v 3.476820 4.310889 0.661000
v 3.474977 4.312359 0.666657
v 3.444091 4.289474 0.631000
v 3.449111 4.283180 0.639000
v 3.447640 4.285023 0.633343
v 3.444091 4.289474 0.669000
v 3.449111 4.283180 0.661000
v 3.447640 4.285023 0.666657
v 3.412436 4.269584 0.631000
v 3.415930 4.262331 0.639000
v 3.414907 4.264455 0.633343
v 3.412436 4.269584 0.669000
v 3.415930 4.262331 0.661000
v 3.414907 4.264455 0.666657
v 3.377150 4.257236 0.631000
v 3.378941 4.249388 0.639000
v 3.378416 4.251687 0.633343
v 3.377150 4.257236 0.669000
v 3.378941 4.249388 0.661000
v 3.378416 4.251687 0.666657
v 3.340000 4.253051 0.631000
v 3.340000 4.245000 0.639000
v 3.340000 4.247358 0.633343
v 3.340000 4.253051 0.669000
v 3.340000 4.245000 0.661000
v 3.340000 4.247358 0.666657
v 3.302850 4.257236 0.631000
v 3.301059 4.249388 0.639000
v 3.301584 4.251687 0.633343
v 3.302850 4.257236 0.669000
v 3.301059 4.249388 0.661000
v 3.301584 4.251687 0.666657
v 3.267563 4.269584 0.631000
v 3.264070 4.262331 0.639000
v 3.265093 4.264455 0.633343
v 3.267563 4.269584 0.669000
v 3.264070 4.262331 0.661000
v 3.265093 4.264455 0.666657
v 3.235909 4.289474 0.631000
v 3.230889 4.283180 0.639000
v 3.232359 4.285023 0.633343
v 3.235909 4.289474 0.669000
v 3.230889 4.283180 0.661000
v 3.232359 4.285023 0.666657
v 3.209474 4.315909 0.631000
v 3.203179 4.310889 0.639000
v 3.205023 4.312359 0.633343
v 3.209474 4.315909 0.669000
v 3.203179 4.310889 0.661000
v 3.205023 4.312359 0.666657
v 3.189584 4.347563 0.631000
v 3.182330 4.344070 0.639000
v 3.184455 4.345094 0.633343
v 3.189584 4.347563 0.669000
v 3.182330 4.344070 0.661000
v 3.184455 4.345094 0.666657
v 3.177236 4.382850 0.631000
v 3.169388 4.381059 0.639000
v 3.171686 4.381584 0.633343
v 3.177236 4.382850 0.669000
v 3.169388 4.381059 0.661000
v 3.171686 4.381584 0.666657
s 1
f 4840 4843 4681 4678
f 4690 4693 4699 4696
f 4696 4699 4705 4702
f 4702 4705 4711 4708
f 4708 4711 4717 4714
f 4714 4717 4723 4720
f 4720 4723 4729 4726
f 4726 4729 4735 4732
f 4732 4735 4741 4738
f 4738 4741 4747 4744
f 4744 4747 4753 4750
f 4750 4753 4759 4756
f 4756 4759 4765 4762
f 4762 4765 4771 4768
f 4768 4771 4777 4774
f 4774 4777 4783 4780
f 4780 4783 4789 4786
f 4786 4789 4795 4792
f 4792 4795 4801 4798
f 4798 4801 4807 4804
f 4804 4807 4813 4810
f 4810 4813 4819 4816
f 4816 4819 4825 4822
f 4822 4825 4831 4828
f 4828 4831 4837 4834
f 4834 4837 4843 4840
f 4684 4687 4693 4690
f 4686 4680 4842 4836 4830 4824 4818 4812 4806 4800 4794 4788 4782 4776 4770 4764 4758 4752 4746 4740 4734 4728 4722 4716 4710 4704 4698 4692
f 4678 4681 4687 4684
f 4678 4684 4685 4679
f 4679 4685 4683 4677
f 4687 4681 4682 4688
f 4688 4682 4680 4686
f 4684 4690 4691 4685
f 4685 4691 4689 4683
f 4693 4687 4688 4694
f 4694 4688 4686 4692
f 4690 4696 4697 4691
f 4691 4697 4695 4689
f 4699 4693 4694 4700
f 4700 4694 4692 4698
f 4696 4702 4703 4697
f 4697 4703 4701 4695
f 4705 4699 4700 4706
f 4706 4700 4698 4704
f 4702 4708 4709 4703
f 4703 4709 4707 4701
f 4711 4705 4706 4712
f 4712 4706 4704 4710
f 4708 4714 4715 4709
f 4709 4715 4713 4707
f 4717 4711 4712 4718
f 4718 4712 4710 4716
f 4714 4720 4721 4715
f 4715 4721 4719 4713
f 4723 4717 4718 4724
f 4724 4718 4716 4722
f 4720 4726 4727 4721
f 4721 4727 4725 4719
f 4729 4723 4724 4730
f 4730 4724 4722 4728
f 4726 4732 4733 4727
f 4727 4733 4731 4725
f 4735 4729 4730 4736
f 4736 4730 4728 4734
f 4732 4738 4739 4733
f 4733 4739 4737 4731
f 4741 4735 4736 4742
f 4742 4736 4734 4740
f 4738 4744 4745 4739
f 4739 4745 4743 4737
f 4747 4741 4742 4748
f 4748 4742 4740 4746
f 4744 4750 4751 4745
f 4745 4751 4749 4743
f 4753 4747 4748 4754
f 4754 4748 4746 4752
f 4750 4756 4757 4751
f 4751 4757 4755 4749
f 4759 4753 4754 4760
f 4760 4754 4752 4758
f 4756 4762 4763 4757
f 4757 4763 4761 4755
f 4765 4759 4760 4766
f 4766 4760 4758 4764
f 4762 4768 4769 4763
f 4763 4769 4767 4761
f 4771 4765 4766 4772
f 4772 4766 4764 4770
f 4768 4774 4775 4769
f 4769 4775 4773 4767
f 4777 4771 4772 4778
f 4778 4772 4770 4776
f 4774 4780 4781 4775
f 4775 4781 4779 4773
f 4783 4777 4778 4784
f 4784 4778 4776 4782
f 4780 4786 4787 4781
f 4781 4787 4785 4779
f 4789 4783 4784 4790
f 4790 4784 4782 4788
f 4786 4792 4793 4787
f 4787 4793 4791 4785
f 4795 4789 4790 4796
f 4796 4790 4788 4794
f 4792 4798 4799 4793
f 4793 4799 4797 4791
f 4801 4795 4796 4802
f 4802 4796 4794 4800
f 4798 4804 4805 4799
f 4799 4805 4803 4797
f 4807 4801 4802 4808
f 4808 4802 4800 4806
f 4804 4810 4811 4805
f 4805 4811 4809 4803
f 4813 4807 4808 4814
f 4814 4808 4806 4812
f 4810 4816 4817 4811
f 4811 4817 4815 4809
f 4819 4813 4814 4820
f 4820 4814 4812 4818
f 4816 4822 4823 4817
f 4817 4823 4821 4815
f 4825 4819 4820 4826
f 4826 4820 4818 4824
f 4822 4828 4829 4823
f 4823 4829 4827 4821
f 4831 4825 4826 4832
f 4832 4826 4824 4830
f 4828 4834 4835 4829
f 4829 4835 4833 4827
f 4837 4831 4832 4838
f 4838 4832 4830 4836
f 4834 4840 4841 4835
f 4835 4841 4839 4833
f 4843 4837 4838 4844
f 4844 4838 4836 4842
f 4840 4678 4679 4841
f 4841 4679 4677 4839
f 4681 4843 4844 4682
f 4682 4844 4842 4680
f 4677 4683 4689 4695 4701 4707 4713 4719 4725 4731 4737 4743 4749 4755 4761 4767 4773 4779 4785 4791 4797 4803 4809 4815 4821 4827 4833 4839
o stool_2_seat
v 3.173965 5.102549 0.631000
v 3.165959 5.101707 0.639000
v 3.168304 5.101954 0.633343
v 3.173965 5.102549 0.669000
v 3.165959 5.101707 0.661000
v 3.168304 5.101954 0.666657
v 3.174245 5.139933 0.631000
v 3.166252 5.140894 0.639000
v 3.168593 5.140612 0.633343
v 3.174245 5.139933 0.669000
v 3.166252 5.140894 0.661000
v 3.168593 5.140612 0.666657
v 3.182836 5.176317 0.631000
v 3.175257 5.179033 0.639000
v 3.177477 5.178237 0.633343
v 3.182836 5.176317 0.669000
v 3.175257 5.179033 0.661000
v 3.177477 5.178237 0.666657
v 3.199308 5.209877 0.631000
v 3.192524 5.214211 0.639000
v 3.194511 5.212942 0.633343
v 3.199308 5.209877 0.669000
v 3.192524 5.214211 0.661000
v 3.194511 5.212942 0.666657
v 3.222835 5.238931 0.631000
v 3.217185 5.244666 0.639000
v 3.218840 5.242986 0.633343
v 3.222835 5.238931 0.669000
v 3.217185 5.244666 0.661000
v 3.218840 5.242986 0.666657
v 3.252237 5.262021 0.631000
v 3.248005 5.268869 0.639000
v 3.249245 5.266863 0.633343
v 3.252237 5.262021 0.669000
v 3.248005 5.268869 0.661000
v 3.249245 5.266863 0.666657
v 3.286040 5.277988 0.631000
v 3.283438 5.285607 0.639000
v 3.284200 5.283376 0.633343
v 3.286040 5.277988 0.669000
v 3.283438 5.285607 0.661000
v 3.284200 5.283376 0.666657
v 3.322549 5.286035 0.631000
v 3.321707 5.294041 0.639000
v 3.321954 5.291696 0.633343
v 3.322549 5.286035 0.669000
v 3.321707 5.294041 0.661000
v 3.321954 5.291696 0.666657
v 3.359933 5.285755 0.631000
v 3.360894 5.293748 0.639000
v 3.360612 5.291407 0.633343
v 3.359933 5.285755 0.669000
v 3.360894 5.293748 0.661000
v 3.360612 5.291407 0.666657
v 3.396317 5.277164 0.631000
v 3.399033 5.284742 0.639000
v 3.398237 5.282523 0.633343
v 3.396317 5.277164 0.669000
v 3.399033 5.284742 0.661000
v 3.398237 5.282523 0.666657
v 3.429877 5.260692 0.631000
v 3.434211 5.267476 0.639000
v 3.432942 5.265489 0.633343
v 3.429877 5.260692 0.669000
v 3.434211 5.267476 0.661000
v 3.432942 5.265489 0.666657
v 3.458931 5.237164 0.631000
v 3.464666 5.242815 0.639000
v 3.462986 5.241160 0.633343
v 3.458931 5.237164 0.669000
v 3.464666 5.242815 0.661000
v 3.462986 5.241160 0.666657
v 3.482020 5.207763 0.631000
v 3.488869 5.211995 0.639000
v 3.486863 5.210755 0.633343
v 3.482020 5.207763 0.669000
v 3.488869 5.211995 0.661000
v 3.486863 5.210755 0.666657
v 3.497989 5.173960 0.631000
v 3.505607 5.176561 0.639000
v 3.503376 5.175799 0.633343
v 3.497989 5.173960 0.669000
v 3.505607 5.176561 0.661000
v 3.503376 5.175799 0.666657
v 3.506035 5.137451 0.631000
v 3.514041 5.138292 0.639000
v 3.511696 5.138046 0.633343
v 3.506035 5.137451 0.669000
v 3.514041 5.138292 0.661000
v 3.511696 5.138046 0.666657
v 3.505755 5.100067 0.631000
v 3.513748 5.099106 0.639000
v 3.511407 5.099388 0.633343
v 3.505755 5.100067 0.669000
v 3.513748 5.099106 0.661000
v 3.511407 5.099388 0.666657
v 3.497164 5.063683 0.631000
v 3.504743 5.060967 0.639000
v 3.502523 5.061762 0.633343
v 3.497164 5.063683 0.669000
v 3.504743 5.060967 0.661000
v 3.502523 5.061762 0.666657
v 3.480692 5.030123 0.631000
v 3.487476 5.025788 0.639000
v 3.485489 5.027058 0.633343
v 3.480692 5.030123 0.669000
v 3.487476 5.025788 0.661000
v 3.485489 5.027058 0.666657
v 3.457165 5.001069 0.631000
v 3.462815 4.995334 0.639000
v 3.461160 4.997014 0.633343
v 3.457165 5.001069 0.669000
v 3.462815 4.995334 0.661000
v 3.461160 4.997014 0.666657
v 3.427763 4.977979 0.631000
v 3.431995 4.971131 0.639000
v 3.430755 4.973137 0.633343
v 3.427763 4.977979 0.669000
v 3.431995 4.971131 0.661000
v 3.430755 4.973137 0.666657
v 3.393960 4.962011 0.631000
v 3.396562 4.954392 0.639000
v 3.395799 4.956624 0.633343
v 3.393960 4.962011 0.669000
v 3.396562 4.954392 0.661000
v 3.395799 4.956624 0.666657
v 3.357451 4.953965 0.631000
v 3.358292 4.945959 0.639000
v 3.358046 4.948304 0.633343
v 3.357451 4.953965 0.669000
v 3.358292 4.945959 0.661000
v 3.358046 4.948304 0.666657
v 3.320067 4.954245 0.631000
v 3.319106 4.946252 0.639000
v 3.319387 4.948593 0.633343
v 3.320067 4.954245 0.669000
v 3.319106 4.946252 0.661000
v 3.319387 4.948593 0.666657
v 3.283683 4.962836 0.631000
v 3.280967 4.955257 0.639000
v 3.281763 4.957477 0.633343
v 3.283683 4.962836 0.669000
v 3.280967 4.955257 0.661000
v 3.281763 4.957477 0.666657
v 3.250123 4.979308 0.631000
v 3.245789 4.972524 0.639000
v 3.247058 4.974511 0.633343
v 3.250123 4.979308 0.669000
v 3.245789 4.972524 0.661000
v 3.247058 4.974511 0.666657
v 3.221069 5.002835 0.631000
v 3.215334 4.997185 0.639000
v 3.217014 4.998840 0.633343
v 3.221069 5.002835 0.669000
v 3.215334 4.997185 0.661000
v 3.217014 4.998840 0.666657
v 3.197979 5.032237 0.631000
v 3.191131 5.028005 0.639000
v 3.193137 5.029245 0.633343
v 3.197979 5.032237 0.669000
v 3.191131 5.028005 0.661000
v 3.193137 5.029245 0.666657
v 3.182011 5.066040 0.631000
v 3.174393 5.063438 0.639000
v 3.176624 5.064200 0.633343
v 3.182011 5.066040 0.669000
v 3.174393 5.063438 0.661000
v 3.176624 5.064200 0.666657
s 1
f 5008 5011 4849 4846
f 4858 4861 4867 4864
f 4864 4867 4873 4870
f 4870 4873 4879 4876
f 4876 4879 4885 4882
f 4882 4885 4891 4888
f 4888 4891 4897 4894
f 4894 4897 4903 4900
f 4900 4903 4909 4906
f 4906 4909 4915 4912
f 4912 4915 4921 4918
f 4918 4921 4927 4924
f 4924 4927 4933 4930
f 4930 4933 4939 4936
f 4936 4939 4945 4942
f 4942 4945 4951 4948
f 4948 4951 4957 4954
f 4954 4957 4963 4960
f 4960 4963 4969 4966
f 4966 4969 4975 4972
f 4972 4975 4981 4978
f 4978 4981 4987 4984
f 4984 4987 4993 4990
f 4990 4993 4999 4996
f 4996 4999 5005 5002
f 5002 5005 5011 5008
f 4852 4855 4861 4858
f 4854 4848 5010 5004 4998 4992 4986 4980 4974 4968 4962 4956 4950 4944 4938 4932 4926 4920 4914 4908 4902 4896 4890 4884 4878 4872 4866 4860
f 4846 4849 4855 4852
f 4846 4852 4853 4847
f 4847 4853 4851 4845
f 4855 4849 4850 4856
f 4856 4850 4848 4854
f 4852 4858 4859 4853
f 4853 4859 4857 4851
f 4861 4855 4856 4862
f 4862 4856 4854 4860
f 4858 4864 4865 4859
f 4859 4865 4863 4857
f 4867 4861 4862 4868
f 4868 4862 4860 4866
f 4864 4870 4871 4865
f 4865 4871 4869 4863
f 4873 4867 4868 4874
f 4874 4868 4866 4872
f 4870 4876 4877 4871
f 4871 4877 4875 4869
f 4879 4873 4874 4880
f 4880 4874 4872 4878
f 4876 4882 4883 4877
f 4877 4883 4881 4875
f 4885 4879 4880 4886
f 4886 4880 4878 4884
f 4882 4888 4889 4883
f 4883 4889 4887 4881
f 4891 4885 4886 4892
f 4892 4886 4884 4890
f 4888 4894 4895 4889
f 4889 4895 4893 4887
f 4897 4891 4892 4898
f 4898 4892 4890 4896
f 4894 4900 4901 4895
f 4895 4901 4899 4893
f 4903 4897 4898 4904
f 4904 4898 4896 4902
f 4900 4906 4907 4901
f 4901 4907 4905 4899
f 4909 4903 4904 4910
f 4910 4904 4902 4908
f 4906 4912 4913 4907
f 4907 4913 4911 4905
f 4915 4909 4910 4916
f 4916 4910 4908 4914
f 4912 4918 4919 4913
f 4913 4919 4917 4911
f 4921 4915 4916 4922
f 4922 4916 4914 4920
f 4918 4924 4925 4919
f 4919 4925 4923 4917
f 4927 4921 4922 4928
f 4928 4922 4920 4926
f 4924 4930 4931 4925
f 4925 4931 4929 4923
f 4933 4927 4928 4934
f 4934 4928 4926 4932
f 4930 4936 4937 4931
f 4931 4937 4935 4929
f 4939 4933 4934 4940
f 4940 4934 4932 4938
f 4936 4942 4943 4937
f 4937 4943 4941 4935
f 4945 4939 4940 4946
f 4946 4940 4938 4944
f 4942 4948 4949 4943
f 4943 4949 4947 4941
f 4951 4945 4946 4952
f 4952 4946 4944 4950
f 4948 4954 4955 4949
f 4949 4955 4953 4947
f 4957 4951 4952 4958
f 4958 4952 4950 4956
f 4954 4960 4961 4955
f 4955 4961 4959 4953
f 4963 4957 4958 4964
f 4964 4958 4956 4962
f 4960 4966 4967 4961
f 4961 4967 4965 4959
f 4969 4963 4964 4970
f 4970 4964 4962 4968
f 4966 4972 4973 4967
f 4967 4973 4971 4965
f 4975 4969 4970 4976
f 4976 4970 4968 4974
f 4972 4978 4979 4973
f 4973 4979 4977 4971
f 4981 4975 4976 4982
f 4982 4976 4974 4980
f 4978 4984 4985 4979
f 4979 4985 4983 4977
f 4987 4981 4982 4988
f 4988 4982 4980 4986
f 4984 4990 4991 4985
f 4985 4991 4989 4983
f 4993 4987 4988 4994
f 4994 4988 4986 4992
f 4990 4996 4997 4991
f 4991 4997 4995 4989
f 4999 4993 4994 5000
f 5000 4994 4992 4998
f 4996 5002 5003 4997
f 4997 5003 5001 4995
f 5005 4999 5000 5006
f 5006 5000 4998 5004
f 5002 5008 5009 5003
f 5003 5009 5007 5001
f 5011 5005 5006 5012
f 5012 5006 5004 5010
f 5008 4846 4847 5009
f 5009 4847 4845 5007
f 4849 5011 5012 4850
f 4850 5012 5010 4848
f 4845 4851 4857 4863 4869 4875 4881 4887 4893 4899 4905 4911 4917 4923 4929 4935 4941 4947 4953 4959 4965 4971 4977 4983 4989 4995 5001 5007
o cutting_board
v 0.107571 4.254200 0.901163
v 0.106914 4.250000 0.905311
v 0.102766 4.254200 0.904654
v 0.107379 4.251230 0.902377
v 0.104898 4.251775 0.902536
v 0.103981 4.251230 0.904846
v 0.104445 4.254200 0.901913
v 0.067555 4.250000 1.153813
v 0.066898 4.254200 1.157961
v 0.063407 4.254200 1.153156
v 0.067090 4.251230 1.156746
v 0.064781 4.251775 1.155829
v 0.064157 4.254200 1.156282
v 0.064622 4.251230 1.153349
v 0.107571 4.585800 0.901163
v 0.102766 4.585800 0.904654
v 0.106914 4.590000 0.905311
v 0.104445 4.585800 0.901913
v 0.104898 4.588225 0.902536
v 0.103981 4.588770 0.904846
v 0.107379 4.588770 0.902377
v 0.066898 4.585800 1.157961
v 0.067555 4.590000 1.153813
v 0.063407 4.585800 1.153156
v 0.067090 4.588770 1.156746
v 0.064781 4.588225 1.155829
v 0.064622 4.588770 1.153349
v 0.064157 4.585800 1.156282
v 0.113102 4.254200 0.902039
v 0.116593 4.254200 0.906844
v 0.112445 4.250000 0.906187
v 0.115843 4.254200 0.903718
v 0.115219 4.251775 0.904171
v 0.115378 4.251230 0.906651
v 0.112910 4.251230 0.903253
v 0.072429 4.254200 1.158837
v 0.073086 4.250000 1.154689
v 0.077234 4.254200 1.155346
v 0.072621 4.251230 1.157622
v 0.075102 4.251775 1.157464
v 0.076019 4.251230 1.155154
v 0.075555 4.254200 1.158087
v 0.113102 4.585800 0.902039
v 0.112445 4.590000 0.906187
v 0.116593 4.585800 0.906844
v 0.112910 4.588770 0.903253
v 0.115219 4.588225 0.904171
v 0.115378 4.588770 0.906651
v 0.115843 4.585800 0.903718
v 0.072429 4.585800 1.158837
v 0.077234 4.585800 1.155346
v 0.073086 4.590000 1.154689
v 0.075555 4.585800 1.158087
v 0.075102 4.588225 1.157464
v 0.076019 4.588770 1.155154
v 0.072621 4.588770 1.157622
v 0.107379 4.251230 0.902377
v 0.104898 4.251775 0.902536
v 0.104898 4.251775 0.902536
v 0.104445 4.254200 0.901913
v 0.103981 4.251230 0.904846
v 0.067090 4.251230 1.156746
v 0.064781 4.251775 1.155829
v 0.064781 4.251775 1.155829
v 0.064622 4.251230 1.153349
v 0.064157 4.254200 1.156282
v 0.104445 4.585800 0.901913
v 0.104898 4.588225 0.902536
v 0.104898 4.588225 0.902536
v 0.107379 4.588770 0.902377
v 0.103981 4.588770 0.904846
v 0.067090 4.588770 1.156746
v 0.064781 4.588225 1.155829
v 0.064781 4.588225 1.155829
v 0.064157 4.585800 1.156282
v 0.064622 4.588770 1.153349
v 0.115843 4.254200 0.903718
v 0.115219 4.251775 0.904171
v 0.115219 4.251775 0.904171
v 0.112910 4.251230 0.903253
v 0.115378 4.251230 0.906651
v 0.072621 4.251230 1.157622
v 0.075102 4.251775 1.157464
v 0.075102 4.251775 1.157464
v 0.075555 4.254200 1.158087
v 0.076019 4.251230 1.155154
v 0.112910 4.588770 0.903253
v 0.115219 4.588225 0.904171
v 0.115219 4.588225 0.904171
v 0.115843 4.585800 0.903718
v 0.115378 4.588770 0.906651
v 0.075555 4.585800 1.158087
v 0.075102 4.588225 1.157464
v 0.075102 4.588225 1.157464
v 0.072621 4.588770 1.157622
v 0.076019 4.588770 1.155154
s 0
f 5043 5049 5020 5014
f 5057 5063 5050 5042
f 5062 5034 5021 5048
f 5015 5022 5036 5028
f 5029 5035 5064 5056
f 5013 5069 5070 5072
f 5014 5073 5071 5016
f 5015 5019 5017 5018
f 5020 5074 5075 5077
f 5021 5078 5076 5023
f 5022 5026 5024 5025
f 5027 5079 5080 5082
f 5028 5083 5081 5030
f 5029 5033 5031 5032
f 5034 5084 5085 5087
f 5035 5088 5086 5037
f 5036 5040 5038 5039
f 5041 5089 5090 5092
f 5042 5093 5091 5044
f 5043 5047 5045 5046
f 5048 5094 5095 5097
f 5049 5098 5096 5051
f 5050 5054 5052 5053
f 5055 5099 5100 5102
f 5056 5103 5101 5058
f 5057 5061 5059 5060
f 5062 5104 5105 5107
f 5063 5108 5106 5065
f 5064 5068 5066 5067
f 5027 5013 5072 5079
f 5030 5019 5015 5028
f 5014 5020 5077 5073
f 5018 5026 5022 5015
f 5021 5034 5087 5078
f 5025 5040 5036 5022
f 5035 5029 5032 5088
f 5039 5083 5028 5036
f 5055 5027 5082 5099
f 5058 5033 5029 5056
f 5034 5062 5107 5084
f 5037 5068 5064 5035
f 5063 5057 5060 5108
f 5067 5103 5056 5064
f 5041 5055 5102 5089
f 5044 5061 5057 5042
f 5062 5048 5097 5104
f 5065 5054 5050 5063
f 5049 5043 5046 5098
f 5053 5093 5042 5050
f 5013 5041 5092 5069
f 5016 5047 5043 5014
f 5048 5021 5023 5094
f 5051 5074 5020 5049
f 5027 5055 5041 5013
o console_top
v 9.464000 2.604000 0.785000
v 9.464000 2.600000 0.789000
v 9.460000 2.604000 0.789000
v 9.464000 2.601172 0.786172
v 9.461690 2.601691 0.786691
v 9.461171 2.601172 0.789000
v 9.461171 2.604000 0.786172
v 9.464000 2.600000 0.811000
v 9.464000 2.604000 0.815000
v 9.460000 2.604000 0.811000
v 9.464000 2.601172 0.813828
v 9.461690 2.601691 0.813309
v 9.461171 2.604000 0.813828
v 9.461171 2.601172 0.811000
v 9.464000 3.196000 0.785000
v 9.460000 3.196000 0.789000
v 9.464000 3.200000 0.789000
v 9.461171 3.196000 0.786172
v 9.461690 3.198309 0.786691
v 9.461171 3.198828 0.789000
v 9.464000 3.198828 0.786172
v 9.464000 3.196000 0.815000
v 9.464000 3.200000 0.811000
v 9.460000 3.196000 0.811000
v 9.464000 3.198828 0.813828
v 9.461690 3.198309 0.813309
v 9.461171 3.198828 0.811000
v 9.461171 3.196000 0.813828
v 9.756000 2.604000 0.785000
v 9.759999 2.604000 0.789000
v 9.756000 2.600000 0.789000
v 9.758828 2.604000 0.786172
v 9.758309 2.601691 0.786691
v 9.758828 2.601172 0.789000
v 9.756000 2.601172 0.786172
v 9.756000 2.604000 0.815000
v 9.756000 2.600000 0.811000
v 9.759999 2.604000 0.811000
v 9.756000 2.601172 0.813828
v 9.758309 2.601691 0.813309
v 9.758828 2.601172 0.811000
v 9.758828 2.604000 0.813828
v 9.756000 3.196000 0.785000
v 9.756000 3.200000 0.789000
v 9.759999 3.196000 0.789000
v 9.756000 3.198828 0.786172
v 9.758309 3.198309 0.786691
v 9.758828 3.198828 0.789000
v 9.758828 3.196000 0.786172
v 9.756000 3.196000 0.815000
v 9.759999 3.196000 0.811000
v 9.756000 3.200000 0.811000
v 9.758828 3.196000 0.813828
v 9.758309 3.198309 0.813309
v 9.758828 3.198828 0.811000
v 9.756000 3.198828 0.813828
v 9.464000 2.601172 0.786172
v 9.461690 2.601691 0.786691
v 9.461690 2.601691 0.786691
v 9.461171 2.604000 0.786172
v 9.461171 2.601172 0.789000
v 9.464000 2.601172 0.813828
v 9.461690 2.601691 0.813309
v 9.461690 2.601691 0.813309
v 9.461171 2.601172 0.811000
v 9.461171 2.604000 0.813828
v 9.461171 3.196000 0.786172
v 9.461690 3.198309 0.786691
v 9.461690 3.198309 0.786691
v 9.464000 3.198828 0.786172
v 9.461171 3.198828 0.789000
v 9.464000 3.198828 0.813828
v 9.461690 3.198309 0.813309
v 9.461690 3.198309 0.813309
v 9.461171 3.196000 0.813828
v 9.461171 3.198828 0.811000
v 9.758828 2.604000 0.786172
v 9.758309 2.601691 0.786691
v 9.758309 2.601691 0.786691
v 9.756000 2.601172 0.786172
v 9.758828 2.601172 0.789000
v 9.756000 2.601172 0.813828
v 9.758309 2.601691 0.813309
v 9.758309 2.601691 0.813309
v 9.758828 2.604000 0.813828
v 9.758828 2.601172 0.811000
v 9.756000 3.198828 0.786172
v 9.758309 3.198309 0.786691
v 9.758309 3.198309 0.786691
v 9.758828 3.196000 0.786172
v 9.758828 3.198828 0.789000
v 9.758828 3.196000 0.813828
v 9.758309 3.198309 0.813309
v 9.758309 3.198309 0.813309
v 9.756000 3.198828 0.813828
v 9.758828 3.198828 0.811000
s 0
f 5139 5145 5116 5110
f 5153 5159 5146 5138
f 5158 5130 5117 5144
f 5111 5118 5132 5124
f 5125 5131 5160 5152
f 5109 5165 5166 5168
f 5110 5169 5167 5112
f 5111 5115 5113 5114
f 5116 5170 5171 5173
f 5117 5174 5172 5119
f 5118 5122 5120 5121
f 5123 5175 5176 5178
f 5124 5179 5177 5126
f 5125 5129 5127 5128
f 5130 5180 5181 5183
f 5131 5184 5182 5133
f 5132 5136 5134 5135
f 5137 5185 5186 5188
f 5138 5189 5187 5140
f 5139 5143 5141 5142
f 5144 5190 5191 5193
f 5145 5194 5192 5147
f 5146 5150 5148 5149
f 5151 5195 5196 5198
f 5152 5199 5197 5154
f 5153 5157 5155 5156
f 5158 5200 5201 5203
f 5159 5204 5202 5161
f 5160 5164 5162 5163
f 5123 5109 5168 5175
f 5126 5115 5111 5124
f 5110 5116 5173 5169
f 5114 5122 5118 5111
f 5117 5130 5183 5174
f 5121 5136 5132 5118
f 5131 5125 5128 5184
f 5135 5179 5124 5132
f 5151 5123 5178 5195
f 5154 5129 5125 5152
f 5130 5158 5203 5180
f 5133 5164 5160 5131
f 5159 5153 5156 5204
f 5163 5199 5152 5160
f 5137 5151 5198 5185
f 5140 5157 5153 5138
f 5158 5144 5193 5200
f 5161 5150 5146 5159
f 5145 5139 5142 5194
f 5149 5189 5138 5146
f 5109 5137 5188 5165
f 5112 5143 5139 5110
f 5144 5117 5119 5190
f 5147 5170 5116 5145
f 5123 5151 5137 5109
o console_leg_2.66
v 9.481999 2.647000 0.000000
v 9.481999 2.645000 0.002000
v 9.480000 2.647000 0.002000
v 9.481999 2.645586 0.000586
v 9.480844 2.645845 0.000845
v 9.480585 2.645586 0.002000
v 9.480585 2.647000 0.000586
v 9.481999 2.645000 0.768000
v 9.481999 2.647000 0.770000
v 9.480000 2.647000 0.768000
v 9.481999 2.645586 0.769414
v 9.480844 2.645845 0.769155
v 9.480585 2.647000 0.769414
v 9.480585 2.645586 0.768000
v 9.481999 2.673000 0.000000
v 9.480000 2.673000 0.002000
v 9.481999 2.675000 0.002000
v 9.480585 2.673000 0.000586
v 9.480844 2.674155 0.000845
v 9.480585 2.674414 0.002000
v 9.481999 2.674414 0.000586
v 9.481999 2.673000 0.770000
v 9.481999 2.675000 0.768000
v 9.480000 2.673000 0.768000
v 9.481999 2.674414 0.769414
v 9.480844 2.674155 0.769155
v 9.480585 2.674414 0.768000
v 9.480585 2.673000 0.769414
v 9.738000 2.647000 0.000000
v 9.740000 2.647000 0.002000
v 9.738000 2.645000 0.002000
v 9.739414 2.647000 0.000586
v 9.739155 2.645845 0.000845
v 9.739414 2.645586 0.002000
v 9.738000 2.645586 0.000586
v 9.738000 2.647000 0.770000
v 9.738000 2.645000 0.768000
v 9.740000 2.647000 0.768000
v 9.738000 2.645586 0.769414
v 9.739155 2.645845 0.769155
v 9.739414 2.645586 0.768000
v 9.739414 2.647000 0.769414
v 9.738000 2.673000 0.000000
v 9.738000 2.675000 0.002000
v 9.740000 2.673000 0.002000
v 9.738000 2.674414 0.000586
v 9.739155 2.674155 0.000845
v 9.739414 2.674414 0.002000
v 9.739414 2.673000 0.000586
v 9.738000 2.673000 0.770000
v 9.740000 2.673000 0.768000
v 9.738000 2.675000 0.768000
v 9.739414 2.673000 0.769414
v 9.739155 2.674155 0.769155
v 9.739414 2.674414 0.768000
v 9.738000 2.674414 0.769414
v 9.481999 2.645586 0.000586
v 9.480844 2.645845 0.000845
v 9.480844 2.645845 0.000845
v 9.480585 2.647000 0.000586
v 9.480585 2.645586 0.002000
v 9.481999 2.645586 0.769414
v 9.480844 2.645845 0.769155
v 9.480844 2.645845 0.769155
v 9.480585 2.645586 0.768000
v 9.480585 2.647000 0.769414
v 9.480585 2.673000 0.000586
v 9.480844 2.674155 0.000845
v 9.480844 2.674155 0.000845
v 9.481999 2.674414 0.000586
v 9.480585 2.674414 0.002000
v 9.481999 2.674414 0.769414
v 9.480844 2.674155 0.769155
v 9.480844 2.674155 0.769155
v 9.480585 2.673000 0.769414
v 9.480585 2.674414 0.768000
v 9.739414 2.647000 0.000586
v 9.739155 2.645845 0.000845
v 9.739155 2.645845 0.000845
v 9.738000 2.645586 0.000586
v 9.739414 2.645586 0.002000
v 9.738000 2.645586 0.769414
v 9.739155 2.645845 0.769155
v 9.739155 2.645845 0.769155
v 9.739414 2.647000 0.769414
v 9.739414 2.645586 0.768000
v 9.738000 2.674414 0.000586
v 9.739155 2.674155 0.000845
v 9.739155 2.674155 0.000845
v 9.739414 2.673000 0.000586
v 9.739414 2.674414 0.002000
v 9.739414 2.673000 0.769414
v 9.739155 2.674155 0.769155
v 9.739155 2.674155 0.769155
v 9.738000 2.674414 0.769414
v 9.739414 2.674414 0.768000
s 0
f 5235 5241 5212 5206
f 5249 5255 5242 5234
f 5254 5226 5213 5240
f 5207 5214 5228 5220
f 5221 5227 5256 5248
f 5205 5261 5262 5264
f 5206 5265 5263 5208
f 5207 5211 5209 5210
f 5212 5266 5267 5269
f 5213 5270 5268 5215
f 5214 5218 5216 5217
f 5219 5271 5272 5274
f 5220 5275 5273 5222
f 5221 5225 5223 5224
f 5226 5276 5277 5279
f 5227 5280 5278 5229
f 5228 5232 5230 5231
f 5233 5281 5282 5284
f 5234 5285 5283 5236
f 5235 5239 5237 5238
f 5240 5286 5287 5289
f 5241 5290 5288 5243
f 5242 5246 5244 5245
f 5247 5291 5292 5294
f 5248 5295 5293 5250
f 5249 5253 5251 5252
f 5254 5296 5297 5299
f 5255 5300 5298 5257
f 5256 5260 5258 5259
f 5219 5205 5264 5271
f 5222 5211 5207 5220
f 5206 5212 5269 5265
f 5210 5218 5214 5207
f 5213 5226 5279 5270
f 5217 5232 5228 5214
f 5227 5221 5224 5280
f 5231 5275 5220 5228
f 5247 5219 5274 5291
f 5250 5225 5221 5248
f 5226 5254 5299 5276
f 5229 5260 5256 5227
f 5255 5249 5252 5300
f 5259 5295 5248 5256
f 5233 5247 5294 5281
f 5236 5253 5249 5234
f 5254 5240 5289 5296
f 5257 5246 5242 5255
f 5241 5235 5238 5290
f 5245 5285 5234 5242
f 5205 5233 5284 5261
f 5208 5239 5235 5206
f 5240 5213 5215 5286
f 5243 5266 5212 5241
f 5219 5247 5233 5205
o console_leg_3.1399999999999997
v 9.481999 3.127000 0.000000
v 9.481999 3.125000 0.002000
v 9.480000 3.127000 0.002000
v 9.481999 3.125586 0.000586
v 9.480844 3.125845 0.000845
v 9.480585 3.125586 0.002000
v 9.480585 3.127000 0.000586
v 9.481999 3.125000 0.768000
v 9.481999 3.127000 0.770000
v 9.480000 3.127000 0.768000
v 9.481999 3.125586 0.769414
v 9.480844 3.125845 0.769155
v 9.480585 3.127000 0.769414
v 9.480585 3.125586 0.768000
v 9.481999 3.153000 0.000000
v 9.480000 3.153000 0.002000
v 9.481999 3.155000 0.002000
v 9.480585 3.153000 0.000586
v 9.480844 3.154155 0.000845
v 9.480585 3.154414 0.002000
v 9.481999 3.154414 0.000586
v 9.481999 3.153000 0.770000
v 9.481999 3.155000 0.768000
v 9.480000 3.153000 0.768000
v 9.481999 3.154414 0.769414
v 9.480844 3.154155 0.769155
v 9.480585 3.154414 0.768000
v 9.480585 3.153000 0.769414
v 9.738000 3.127000 0.000000
v 9.740000 3.127000 0.002000
v 9.738000 3.125000 0.002000
v 9.739414 3.127000 0.000586
v 9.739155 3.125845 0.000845
v 9.739414 3.125586 0.002000
v 9.738000 3.125586 0.000586
v 9.738000 3.127000 0.770000
v 9.738000 3.125000 0.768000
v 9.740000 3.127000 0.768000
v 9.738000 3.125586 0.769414
v 9.739155 3.125845 0.769155
v 9.739414 3.125586 0.768000
v 9.739414 3.127000 0.769414
v 9.738000 3.153000 0.000000
v 9.738000 3.155000 0.002000
v 9.740000 3.153000 0.002000
v 9.738000 3.154414 0.000586
v 9.739155 3.154155 0.000845
v 9.739414 3.154414 0.002000
v 9.739414 3.153000 0.000586
v 9.738000 3.153000 0.770000
v 9.740000 3.153000 0.768000
v 9.738000 3.155000 0.768000
v 9.739414 3.153000 0.769414
v 9.739155 3.154155 0.769155
v 9.739414 3.154414 0.768000
v 9.738000 3.154414 0.769414
v 9.481999 3.125586 0.000586
v 9.480844 3.125845 0.000845
v 9.480844 3.125845 0.000845
v 9.480585 3.127000 0.000586
v 9.480585 3.125586 0.002000
v 9.481999 3.125586 0.769414
v 9.480844 3.125845 0.769155
v 9.480844 3.125845 0.769155
v 9.480585 3.125586 0.768000
v 9.480585 3.127000 0.769414
v 9.480585 3.153000 0.000586
v 9.480844 3.154155 0.000845
v 9.480844 3.154155 0.000845
v 9.481999 3.154414 0.000586
v 9.480585 3.154414 0.002000
v 9.481999 3.154414 0.769414
v 9.480844 3.154155 0.769155
v 9.480844 3.154155 0.769155
v 9.480585 3.153000 0.769414
v 9.480585 3.154414 0.768000
v 9.739414 3.127000 0.000586
v 9.739155 3.125845 0.000845
v 9.739155 3.125845 0.000845
v 9.738000 3.125586 0.000586
v 9.739414 3.125586 0.002000
v 9.738000 3.125586 0.769414
v 9.739155 3.125845 0.769155
v 9.739155 3.125845 0.769155
v 9.739414 3.127000 0.769414
v 9.739414 3.125586 0.768000
v 9.738000 3.154414 0.000586
v 9.739155 3.154155 0.000845
v 9.739155 3.154155 0.000845
v 9.739414 3.153000 0.000586
v 9.739414 3.154414 0.002000
v 9.739414 3.153000 0.769414
v 9.739155 3.154155 0.769155
v 9.739155 3.154155 0.769155
v 9.738000 3.154414 0.769414
v 9.739414 3.154414 0.768000
s 0
f 5331 5337 5308 5302
f 5345 5351 5338 5330
f 5350 5322 5309 5336
f 5303 5310 5324 5316
f 5317 5323 5352 5344
f 5301 5357 5358 5360
f 5302 5361 5359 5304
f 5303 5307 5305 5306
f 5308 5362 5363 5365
f 5309 5366 5364 5311
f 5310 5314 5312 5313
f 5315 5367 5368 5370
f 5316 5371 5369 5318
f 5317 5321 5319 5320
f 5322 5372 5373 5375
f 5323 5376 5374 5325
f 5324 5328 5326 5327
f 5329 5377 5378 5380
f 5330 5381 5379 5332
f 5331 5335 5333 5334
f 5336 5382 5383 5385
f 5337 5386 5384 5339
f 5338 5342 5340 5341
f 5343 5387 5388 5390
f 5344 5391 5389 5346
f 5345 5349 5347 5348
f 5350 5392 5393 5395
f 5351 5396 5394 5353
f 5352 5356 5354 5355
f 5315 5301 5360 5367
f 5318 5307 5303 5316
f 5302 5308 5365 5361
f 5306 5314 5310 5303
f 5309 5322 5375 5366
f 5313 5328 5324 5310
f 5323 5317 5320 5376
f 5327 5371 5316 5324
f 5343 5315 5370 5387
f 5346 5321 5317 5344
f 5322 5350 5395 5372
f 5325 5356 5352 5323
f 5351 5345 5348 5396
f 5355 5391 5344 5352
f 5329 5343 5390 5377
f 5332 5349 5345 5330
f 5350 5336 5385 5392
f 5353 5342 5338 5351
f 5337 5331 5334 5386
f 5341 5381 5330 5338
f 5301 5329 5380 5357
f 5304 5335 5331 5302
f 5336 5309 5311 5382
f 5339 5362 5308 5337
f 5315 5343 5329 5301
o art_frame_0
v 3.279000 0.004000 1.200000
v 3.279000 0.000000 1.204000
v 3.275000 0.004000 1.204000
v 3.279000 0.001172 1.201172
v 3.276690 0.001691 1.201691
v 3.276171 0.001172 1.204000
v 3.276171 0.004000 1.201172
v 3.279000 0.000000 1.896000
v 3.279000 0.004000 1.900000
v 3.275000 0.004000 1.896000
v 3.279000 0.001172 1.898828
v 3.276690 0.001691 1.898309
v 3.276171 0.004000 1.898828
v 3.276171 0.001172 1.896000
v 3.279000 0.031000 1.200000
v 3.275000 0.031000 1.204000
v 3.279000 0.035000 1.204000
v 3.276171 0.031000 1.201172
v 3.276690 0.033309 1.201691
v 3.276171 0.033828 1.204000
v 3.279000 0.033828 1.201172
v 3.279000 0.031000 1.900000
v 3.279000 0.035000 1.896000
v 3.275000 0.031000 1.896000
v 3.279000 0.033828 1.898828
v 3.276690 0.033309 1.898309
v 3.276171 0.033828 1.896000
v 3.276171 0.031000 1.898828
v 3.821000 0.004000 1.200000
v 3.825000 0.004000 1.204000
v 3.821000 0.000000 1.204000
v 3.823828 0.004000 1.201172
v 3.823309 0.001691 1.201691
v 3.823828 0.001172 1.204000
v 3.821000 0.001172 1.201172
v 3.821000 0.004000 1.900000
v 3.821000 0.000000 1.896000
v 3.825000 0.004000 1.896000
v 3.821000 0.001172 1.898828
v 3.823309 0.001691 1.898309
v 3.823828 0.001172 1.896000
v 3.823828 0.004000 1.898828
v 3.821000 0.031000 1.200000
v 3.821000 0.035000 1.204000
v 3.825000 0.031000 1.204000
v 3.821000 0.033828 1.201172
v 3.823309 0.033309 1.201691
v 3.823828 0.033828 1.204000
v 3.823828 0.031000 1.201172
v 3.821000 0.031000 1.900000
v 3.825000 0.031000 1.896000
v 3.821000 0.035000 1.896000
v 3.823828 0.031000 1.898828
v 3.823309 0.033309 1.898309
v 3.823828 0.033828 1.896000
v 3.821000 0.033828 1.898828
v 3.279000 0.001172 1.201172
v 3.276690 0.001691 1.201691
v 3.276690 0.001691 1.201691
v 3.276171 0.004000 1.201172
v 3.276171 0.001172 1.204000
v 3.279000 0.001172 1.898828
v 3.276690 0.001691 1.898309
v 3.276690 0.001691 1.898309
v 3.276171 0.001172 1.896000
v 3.276171 0.004000 1.898828
v 3.276171 0.031000 1.201172
v 3.276690 0.033309 1.201691
v 3.276690 0.033309 1.201691
v 3.279000 0.033828 1.201172
v 3.276171 0.033828 1.204000
v 3.279000 0.033828 1.898828
v 3.276690 0.033309 1.898309
v 3.276690 0.033309 1.898309
v 3.276171 0.031000 1.898828
v 3.276171 0.033828 1.896000
v 3.823828 0.004000 1.201172
v 3.823309 0.001691 1.201691
v 3.823309 0.001691 1.201691
v 3.821000 0.001172 1.201172
v 3.823828 0.001172 1.204000
v 3.821000 0.001172 1.898828
v 3.823309 0.001691 1.898309
v 3.823309 0.001691 1.898309
v 3.823828 0.004000 1.898828
v 3.823828 0.001172 1.896000
v 3.821000 0.033828 1.201172
v 3.823309 0.033309 1.201691
v 3.823309 0.033309 1.201691
v 3.823828 0.031000 1.201172
v 3.823828 0.033828 1.204000
v 3.823828 0.031000 1.898828
v 3.823309 0.033309 1.898309
v 3.823309 0.033309 1.898309
v 3.821000 0.033828 1.898828
v 3.823828 0.033828 1.896000
s 0
f 5427 5433 5404 5398
f 5441 5447 5434 5426
f 5446 5418 5405 5432
f 5399 5406 5420 5412
f 5413 5419 5448 5440
f 5397 5453 5454 5456
f 5398 5457 5455 5400
f 5399 5403 5401 5402
f 5404 5458 5459 5461
f 5405 5462 5460 5407
f 5406 5410 5408 5409
f 5411 5463 5464 5466
f 5412 5467 5465 5414
f 5413 5417 5415 5416
f 5418 5468 5469 5471
f 5419 5472 5470 5421
f 5420 5424 5422 5423
f 5425 5473 5474 5476
f 5426 5477 5475 5428
f 5427 5431 5429 5430
f 5432 5478 5479 5481
f 5433 5482 5480 5435
f 5434 5438 5436 5437
f 5439 5483 5484 5486
f 5440 5487 5485 5442
f 5441 5445 5443 5444
f 5446 5488 5489 5491
f 5447 5492 5490 5449
f 5448 5452 5450 5451
f 5411 5397 5456 5463
f 5414 5403 5399 5412
f 5398 5404 5461 5457
f 5402 5410 5406 5399
f 5405 5418 5471 5462
f 5409 5424 5420 5406
f 5419 5413 5416 5472
f 5423 5467 5412 5420
f 5439 5411 5466 5483
f 5442 5417 5413 5440
f 5418 5446 5491 5468
f 5421 5452 5448 5419
f 5447 5441 5444 5492
f 5451 5487 5440 5448
f 5425 5439 5486 5473
f 5428 5445 5441 5426
f 5446 5432 5481 5488
f 5449 5438 5434 5447
f 5433 5427 5430 5482
f 5437 5477 5426 5434
f 5397 5425 5476 5453
f 5400 5431 5427 5398
f 5432 5405 5407 5478
f 5435 5458 5404 5433
f 5411 5439 5425 5397
o art_frame_1
v 4.244000 0.004000 1.275000
v 4.244000 0.000000 1.279000
v 4.240000 0.004000 1.279000
v 4.244000 0.001172 1.276171
v 4.241691 0.001691 1.276690
v 4.241171 0.001172 1.279000
v 4.241171 0.004000 1.276171
v 4.244000 0.000000 1.821000
v 4.244000 0.004000 1.825000
v 4.240000 0.004000 1.821000
v 4.244000 0.001172 1.823828
v 4.241691 0.001691 1.823309
v 4.241171 0.004000 1.823828
v 4.241171 0.001172 1.821000
v 4.244000 0.031000 1.275000
v 4.240000 0.031000 1.279000
v 4.244000 0.035000 1.279000
v 4.241171 0.031000 1.276171
v 4.241691 0.033309 1.276690
v 4.241171 0.033828 1.279000
v 4.244000 0.033828 1.276171
v 4.244000 0.031000 1.825000
v 4.244000 0.035000 1.821000
v 4.240000 0.031000 1.821000
v 4.244000 0.033828 1.823828
v 4.241691 0.033309 1.823309
v 4.241171 0.033828 1.821000
v 4.241171 0.031000 1.823828
v 4.656000 0.004000 1.275000
v 4.660000 0.004000 1.279000
v 4.656000 0.000000 1.279000
v 4.658828 0.004000 1.276171
v 4.658309 0.001691 1.276690
v 4.658828 0.001172 1.279000
v 4.656000 0.001172 1.276171
v 4.656000 0.004000 1.825000
v 4.656000 0.000000 1.821000
v 4.660000 0.004000 1.821000
v 4.656000 0.001172 1.823828
v 4.658309 0.001691 1.823309
v 4.658828 0.001172 1.821000
v 4.658828 0.004000 1.823828
v 4.656000 0.031000 1.275000
v 4.656000 0.035000 1.279000
v 4.660000 0.031000 1.279000
v 4.656000 0.033828 1.276171
v 4.658309 0.033309 1.276690
v 4.658828 0.033828 1.279000
v 4.658828 0.031000 1.276171
v 4.656000 0.031000 1.825000
v 4.660000 0.031000 1.821000
v 4.656000 0.035000 1.821000
v 4.658828 0.031000 1.823828
v 4.658309 0.033309 1.823309
v 4.658828 0.033828 1.821000
v 4.656000 0.033828 1.823828
v 4.244000 0.001172 1.276171
v 4.241691 0.001691 1.276690
v 4.241691 0.001691 1.276690
v 4.241171 0.004000 1.276171
v 4.241171 0.001172 1.279000
v 4.244000 0.001172 1.823828
v 4.241691 0.001691 1.823309
v 4.241691 0.001691 1.823309
v 4.241171 0.001172 1.821000
v 4.241171 0.004000 1.823828
v 4.241171 0.031000 1.276171
v 4.241691 0.033309 1.276690
v 4.241691 0.033309 1.276690
v 4.244000 0.033828 1.276171
v 4.241171 0.033828 1.279000
v 4.244000 0.033828 1.823828
v 4.241691 0.033309 1.823309
v 4.241691 0.033309 1.823309
v 4.241171 0.031000 1.823828
v 4.241171 0.033828 1.821000
v 4.658828 0.004000 1.276171
v 4.658309 0.001691 1.276690
v 4.658309 0.001691 1.276690
v 4.656000 0.001172 1.276171
v 4.658828 0.001172 1.279000
v 4.656000 0.001172 1.823828
v 4.658309 0.001691 1.823309
v 4.658309 0.001691 1.823309
v 4.658828 0.004000 1.823828
v 4.658828 0.001172 1.821000
v 4.656000 0.033828 1.276171
v 4.658309 0.033309 1.276690
v 4.658309 0.033309 1.276690
v 4.658828 0.031000 1.276171
v 4.658828 0.033828 1.279000
v 4.658828 0.031000 1.823828
v 4.658309 0.033309 1.823309
v 4.658309 0.033309 1.823309
v 4.656000 0.033828 1.823828
v 4.658828 0.033828 1.821000
s 0
f 5523 5529 5500 5494
f 5537 5543 5530 5522
f 5542 5514 5501 5528
f 5495 5502 5516 5508
f 5509 5515 5544 5536
f 5493 5549 5550 5552
f 5494 5553 5551 5496
f 5495 5499 5497 5498
f 5500 5554 5555 5557
f 5501 5558 5556 5503
f 5502 5506 5504 5505
f 5507 5559 5560 5562
f 5508 5563 5561 5510
f 5509 5513 5511 5512
f 5514 5564 5565 5567
f 5515 5568 5566 5517
f 5516 5520 5518 5519
f 5521 5569 5570 5572
f 5522 5573 5571 5524
f 5523 5527 5525 5526
f 5528 5574 5575 5577
f 5529 5578 5576 5531
f 5530 5534 5532 5533
f 5535 5579 5580 5582
f 5536 5583 5581 5538
f 5537 5541 5539 5540
f 5542 5584 5585 5587
f 5543 5588 5586 5545
f 5544 5548 5546 5547
f 5507 5493 5552 5559
f 5510 5499 5495 5508
f 5494 5500 5557 5553
f 5498 5506 5502 5495
f 5501 5514 5567 5558
f 5505 5520 5516 5502
f 5515 5509 5512 5568
f 5519 5563 5508 5516
f 5535 5507 5562 5579
f 5538 5513 5509 5536
f 5514 5542 5587 5564
f 5517 5548 5544 5515
f 5543 5537 5540 5588
f 5547 5583 5536 5544
f 5521 5535 5582 5569
f 5524 5541 5537 5522
f 5542 5528 5577 5584
f 5545 5534 5530 5543
f 5529 5523 5526 5578
f 5533 5573 5522 5530
f 5493 5521 5572 5549
f 5496 5527 5523 5494
f 5528 5501 5503 5574
f 5531 5554 5500 5529
f 5507 5535 5521 5493
