# Blender 4.1.1
# www.blender.org
o olive_crown_0
v 4.412836 7.151014 1.892889
v 4.412836 7.215232 1.865429
v 4.412836 7.230830 1.850225
v 4.412836 7.230830 1.738736
v 4.412836 7.151014 1.696071
v 4.419169 7.150180 1.892889
v 4.425259 7.172907 1.887180
v 4.430871 7.193852 1.877908
v 4.435790 7.212210 1.865429
v 4.439827 7.227276 1.850225
v 4.442827 7.238472 1.832878
v 4.444674 7.245366 1.814055
v 4.445298 7.247694 1.794480
v 4.444674 7.245366 1.774905
v 4.442827 7.238472 1.756083
v 4.439827 7.227276 1.738736
v 4.435790 7.212210 1.723531
v 4.430871 7.193852 1.711053
v 4.425259 7.172907 1.701780
v 4.419169 7.150180 1.696071
v 4.425070 7.147736 1.892889
v 4.436834 7.168112 1.887180
v 4.447676 7.186891 1.877908
v 4.457180 7.203350 1.865429
v 4.464978 7.216858 1.850225
v 4.470773 7.226896 1.832878
v 4.474342 7.233077 1.814055
v 4.475547 7.235164 1.794480
v 4.474342 7.233077 1.774905
v 4.470773 7.226896 1.756083
v 4.464978 7.216858 1.738736
v 4.457180 7.203350 1.723531
v 4.447676 7.186891 1.711053
v 4.436834 7.168112 1.701780
v 4.425070 7.147736 1.696071
v 4.430138 7.143847 1.892889
v 4.446775 7.160484 1.887180
v 4.462108 7.175817 1.877908
v 4.475547 7.189256 1.865429
v 4.486576 7.200285 1.850225
v 4.494772 7.208481 1.832878
v 4.499819 7.213528 1.814055
v 4.501523 7.215232 1.794480
v 4.499819 7.213528 1.774905
v 4.494772 7.208481 1.756083
v 4.486576 7.200285 1.738736
v 4.475547 7.189256 1.723531
v 4.462108 7.175817 1.711053
v 4.446775 7.160484 1.701780
v 4.430138 7.143847 1.696071
v 4.434027 7.138780 1.892889
v 4.454402 7.150544 1.887180
v 4.473181 7.161386 1.877908
v 4.489641 7.170889 1.865429
v 4.503149 7.178688 1.850225
v 4.513186 7.184483 1.832878
v 4.519367 7.188051 1.814055
v 4.521454 7.189256 1.794480
v 4.519367 7.188051 1.774905
v 4.513186 7.184483 1.756083
v 4.503149 7.178688 1.738736
v 4.489641 7.170889 1.723531
v 4.473181 7.161386 1.711053
v 4.454402 7.150544 1.701780
v 4.434027 7.138780 1.696071
v 4.436471 7.132878 1.892889
v 4.459198 7.138968 1.887180
v 4.480143 7.144580 1.877908
v 4.498501 7.149499 1.865429
v 4.513567 7.153536 1.850225
v 4.524762 7.156536 1.832878
v 4.531656 7.158383 1.814055
v 4.533984 7.159007 1.794480
v 4.531656 7.158383 1.774905
v 4.524762 7.156536 1.756083
v 4.513567 7.153536 1.738736
v 4.498501 7.149499 1.723531
v 4.480143 7.144580 1.711053
v 4.459198 7.138968 1.701780
v 4.436471 7.132878 1.696071
v 4.437304 7.126545 1.892889
v 4.460833 7.126545 1.887180
v 4.482517 7.126545 1.877908
v 4.501523 7.126545 1.865429
v 4.517120 7.126545 1.850225
v 4.528711 7.126545 1.832878
v 4.535848 7.126545 1.814055
v 4.538258 7.126545 1.794480
v 4.535848 7.126545 1.774905
v 4.528711 7.126545 1.756083
v 4.517120 7.126545 1.738736
v 4.501523 7.126545 1.723531
v 4.482517 7.126545 1.711053
v 4.460833 7.126545 1.701780
v 4.437304 7.126545 1.696071
v 4.436471 7.120213 1.892889
v 4.459198 7.114123 1.887180
v 4.480143 7.108511 1.877908
v 4.498501 7.103591 1.865429
v 4.513567 7.099555 1.850225
v 4.524762 7.096555 1.832878
v 4.531656 7.094707 1.814055
v 4.533984 7.094084 1.794480
v 4.531656 7.094707 1.774905
v 4.524762 7.096555 1.756083
v 4.513567 7.099555 1.738736
v 4.498501 7.103591 1.723531
v 4.480143 7.108511 1.711053
v 4.459198 7.114123 1.701780
v 4.436471 7.120213 1.696071
v 4.434027 7.114311 1.892889
v 4.454402 7.102547 1.887180
v 4.473181 7.091705 1.877908
v 4.489641 7.082202 1.865429
v 4.503149 7.074403 1.850225
v 4.513186 7.068608 1.832878
v 4.519367 7.065040 1.814055
v 4.521454 7.063835 1.794480
v 4.519367 7.065040 1.774905
v 4.513186 7.068608 1.756083
v 4.503149 7.074403 1.738736
v 4.489641 7.082202 1.723531
v 4.473181 7.091705 1.711053
v 4.454402 7.102547 1.701780
v 4.434027 7.114311 1.696071
v 4.430138 7.109243 1.892889
v 4.446775 7.092607 1.887180
v 4.462108 7.077274 1.877908
v 4.475547 7.063835 1.865429
v 4.486576 7.052805 1.850225
v 4.494772 7.044610 1.832878
v 4.499819 7.039563 1.814055
v 4.501523 7.037859 1.794480
v 4.499819 7.039563 1.774905
v 4.494772 7.044610 1.756083
v 4.486576 7.052805 1.738736
v 4.475547 7.063835 1.723531
v 4.462108 7.077274 1.711053
v 4.446775 7.092607 1.701780
v 4.430138 7.109243 1.696071
v 4.425070 7.105355 1.892889
v 4.436834 7.084979 1.887180
v 4.447676 7.066200 1.877908
v 4.457180 7.049741 1.865429
v 4.464978 7.036232 1.850225
v 4.470773 7.026195 1.832878
v 4.474342 7.020014 1.814055
v 4.475547 7.017927 1.794480
v 4.474342 7.020014 1.774905
v 4.470773 7.026195 1.756083
v 4.464978 7.036232 1.738736
v 4.457180 7.049741 1.723531
v 4.447676 7.066200 1.711053
v 4.436834 7.084979 1.701780
v 4.425070 7.105355 1.696071
v 4.419169 7.102911 1.892889
v 4.425259 7.080184 1.887180
v 4.430871 7.059239 1.877908
v 4.435790 7.040881 1.865429
v 4.439827 7.025815 1.850225
v 4.442827 7.014619 1.832878
v 4.444674 7.007725 1.814055
v 4.445298 7.005397 1.794480
v 4.444674 7.007725 1.774905
v 4.442827 7.014619 1.756083
v 4.439827 7.025815 1.738736
v 4.435790 7.040881 1.723531
v 4.430871 7.059239 1.711053
v 4.425259 7.080184 1.701780
v 4.419169 7.102911 1.696071
v 4.412836 7.102077 1.892889
v 4.412836 7.078548 1.887180
v 4.412836 7.056865 1.877908
v 4.412836 7.037859 1.865429
v 4.412836 7.022261 1.850225
v 4.412836 7.010671 1.832878
v 4.412836 7.003533 1.814055
v 4.412836 7.001123 1.794480
v 4.412836 7.003533 1.774905
v 4.412836 7.010671 1.756083
v 4.412836 7.022261 1.738736
v 4.412836 7.037859 1.723531
v 4.412836 7.056865 1.711053
v 4.412836 7.078548 1.701780
v 4.412836 7.102077 1.696071
v 4.406503 7.102911 1.892889
v 4.400414 7.080184 1.887180
v 4.394802 7.059239 1.877908
v 4.389882 7.040881 1.865429
v 4.385845 7.025815 1.850225
v 4.382845 7.014619 1.832878
v 4.380998 7.007725 1.814055
v 4.380374 7.005397 1.794480
v 4.380998 7.007725 1.774905
v 4.382845 7.014619 1.756083
v 4.385845 7.025815 1.738736
v 4.389882 7.040881 1.723531
v 4.394802 7.059239 1.711053
v 4.400414 7.080184 1.701780
v 4.406503 7.102911 1.696071
v 4.412836 7.126545 1.894817
v 4.400602 7.105355 1.892889
v 4.388838 7.084979 1.887180
v 4.377996 7.066200 1.877908
v 4.368493 7.049741 1.865429
v 4.360694 7.036232 1.850225
v 4.354899 7.026195 1.832878
v 4.351330 7.020014 1.814055
v 4.350125 7.017927 1.794480
v 4.351330 7.020014 1.774905
v 4.354899 7.026195 1.756083
v 4.360694 7.036232 1.738736
v 4.368493 7.049741 1.723531
v 4.377996 7.066200 1.711053
v 4.388838 7.084979 1.701780
v 4.400602 7.105355 1.696071
v 4.395534 7.109243 1.892889
v 4.378897 7.092607 1.887180
v 4.363564 7.077274 1.877908
v 4.350125 7.063835 1.865429
v 4.339096 7.052805 1.850225
v 4.330900 7.044610 1.832878
v 4.325853 7.039563 1.814055
v 4.324150 7.037859 1.794480
v 4.325853 7.039563 1.774905
v 4.330900 7.044610 1.756083
v 4.339096 7.052805 1.738736
v 4.350125 7.063835 1.723531
v 4.363564 7.077274 1.711053
v 4.378897 7.092607 1.701780
v 4.395534 7.109243 1.696071
v 4.391645 7.114311 1.892889
v 4.371270 7.102547 1.887180
v 4.352491 7.091705 1.877908
v 4.336031 7.082202 1.865429
v 4.322523 7.074403 1.850225
v 4.312486 7.068608 1.832878
v 4.306305 7.065040 1.814055
v 4.304218 7.063835 1.794480
v 4.306305 7.065040 1.774905
v 4.312486 7.068608 1.756083
v 4.322523 7.074403 1.738736
v 4.336031 7.082202 1.723531
v 4.352491 7.091705 1.711053
v 4.371270 7.102547 1.701780
v 4.391645 7.114311 1.696071
v 4.389201 7.120213 1.892889
v 4.366475 7.114123 1.887180
v 4.345530 7.108511 1.877908
v 4.327171 7.103591 1.865429
v 4.312105 7.099555 1.850225
v 4.300910 7.096555 1.832878
v 4.294016 7.094707 1.814055
v 4.291688 7.094084 1.794480
v 4.294016 7.094707 1.774905
v 4.300910 7.096555 1.756083
v 4.312105 7.099555 1.738736
v 4.327171 7.103591 1.723531
v 4.345530 7.108511 1.711053
v 4.366475 7.114123 1.701780
v 4.389201 7.120213 1.696071
v 4.412836 7.126545 1.694143
v 4.388368 7.126545 1.892889
v 4.364839 7.126545 1.887180
v 4.343155 7.126545 1.877908
v 4.324150 7.126545 1.865429
v 4.308552 7.126545 1.850225
v 4.296961 7.126545 1.832878
v 4.289824 7.126545 1.814055
v 4.287415 7.126545 1.794480
v 4.289824 7.126545 1.774905
v 4.296961 7.126545 1.756083
v 4.308552 7.126545 1.738736
v 4.324150 7.126545 1.723531
v 4.343155 7.126545 1.711053
v 4.364839 7.126545 1.701780
v 4.388368 7.126545 1.696071
v 4.389201 7.132878 1.892889
v 4.366475 7.138968 1.887180
v 4.345530 7.144580 1.877908
v 4.327171 7.149499 1.865429
v 4.312105 7.153536 1.850225
v 4.300910 7.156536 1.832878
v 4.294016 7.158383 1.814055
v 4.291688 7.159007 1.794480
v 4.294016 7.158383 1.774905
v 4.300910 7.156536 1.756083
v 4.312105 7.153536 1.738736
v 4.327171 7.149499 1.723531
v 4.345530 7.144580 1.711053
v 4.366475 7.138968 1.701780
v 4.389201 7.132878 1.696071
v 4.391645 7.138780 1.892889
v 4.371270 7.150544 1.887180
v 4.352491 7.161386 1.877908
v 4.336031 7.170889 1.865429
v 4.322523 7.178688 1.850225
v 4.312486 7.184483 1.832878
v 4.306305 7.188051 1.814055
v 4.304218 7.189256 1.794480
v 4.306305 7.188051 1.774905
v 4.312486 7.184483 1.756083
v 4.322523 7.178688 1.738736
v 4.336031 7.170889 1.723531
v 4.352491 7.161386 1.711053
v 4.371270 7.150544 1.701780
v 4.391645 7.138780 1.696071
v 4.395534 7.143847 1.892889
v 4.378897 7.160484 1.887180
v 4.363564 7.175817 1.877908
v 4.350125 7.189256 1.865429
v 4.339096 7.200285 1.850225
v 4.330900 7.208481 1.832878
v 4.325853 7.213528 1.814055
v 4.324150 7.215232 1.794480
v 4.325853 7.213528 1.774905
v 4.330900 7.208481 1.756083
v 4.339096 7.200285 1.738736
v 4.350125 7.189256 1.723531
v 4.363564 7.175817 1.711053
v 4.378897 7.160484 1.701780
v 4.395534 7.143847 1.696071
v 4.400602 7.147736 1.892889
v 4.388838 7.168112 1.887180
v 4.377996 7.186891 1.877908
v 4.368493 7.203350 1.865429
v 4.360694 7.216858 1.850225
v 4.354899 7.226896 1.832878
v 4.351330 7.233077 1.814055
v 4.350125 7.235164 1.794480
v 4.351330 7.233077 1.774905
v 4.354899 7.226896 1.756083
v 4.360694 7.216858 1.738736
v 4.368493 7.203350 1.723531
v 4.377996 7.186891 1.711053
v 4.388838 7.168112 1.701780
v 4.400602 7.147736 1.696071
v 4.406503 7.150180 1.892889
v 4.400414 7.172907 1.887180
v 4.394802 7.193852 1.877908
v 4.389882 7.212210 1.865429
v 4.385845 7.227276 1.850225
v 4.382845 7.238472 1.832878
v 4.380998 7.245366 1.814055
v 4.380374 7.247694 1.794480
v 4.380998 7.245366 1.774905
v 4.382845 7.238472 1.756083
v 4.385845 7.227276 1.738736
v 4.389882 7.212210 1.723531
v 4.394802 7.193852 1.711053
v 4.400414 7.172907 1.701780
v 4.406503 7.150180 1.696071
v 4.412836 7.174542 1.887180
v 4.412836 7.196226 1.877908
v 4.412836 7.242420 1.832878
v 4.412836 7.249557 1.814055
v 4.412836 7.251967 1.794480
v 4.412836 7.249557 1.774905
v 4.412836 7.242420 1.756083
v 4.412836 7.215232 1.723531
v 4.412836 7.196226 1.711053
v 4.412836 7.174542 1.701780
s 1
f 2 354 8 9
f 360 4 16 17
f 3 2 9 10
f 361 360 17 18
f 355 3 10 11
f 362 361 18 19
f 356 355 11 12
f 5 362 19 20
f 357 356 12 13
f 1 201 6
f 262 5 20
f 358 357 13 14
f 353 1 6 7
f 359 358 14 15
f 354 353 7 8
f 4 359 15 16
f 8 7 22 23
f 16 15 30 31
f 9 8 23 24
f 17 16 31 32
f 10 9 24 25
f 18 17 32 33
f 11 10 25 26
f 19 18 33 34
f 12 11 26 27
f 20 19 34 35
f 13 12 27 28
f 6 201 21
f 262 20 35
f 14 13 28 29
f 7 6 21 22
f 15 14 29 30
f 27 26 41 42
f 35 34 49 50
f 28 27 42 43
f 21 201 36
f 262 35 50
f 29 28 43 44
f 22 21 36 37
f 30 29 44 45
f 23 22 37 38
f 31 30 45 46
f 24 23 38 39
f 32 31 46 47
f 25 24 39 40
f 33 32 47 48
f 26 25 40 41
f 34 33 48 49
f 46 45 60 61
f 39 38 53 54
f 47 46 61 62
f 40 39 54 55
f 48 47 62 63
f 41 40 55 56
f 49 48 63 64
f 42 41 56 57
f 50 49 64 65
f 43 42 57 58
f 36 201 51
f 262 50 65
f 44 43 58 59
f 37 36 51 52
f 45 44 59 60
f 38 37 52 53
f 65 64 79 80
f 58 57 72 73
f 51 201 66
f 262 65 80
f 59 58 73 74
f 52 51 66 67
f 60 59 74 75
f 53 52 67 68
f 61 60 75 76
f 54 53 68 69
f 62 61 76 77
f 55 54 69 70
f 63 62 77 78
f 56 55 70 71
f 64 63 78 79
f 57 56 71 72
f 69 68 83 84
f 77 76 91 92
f 70 69 84 85
f 78 77 92 93
f 71 70 85 86
f 79 78 93 94
f 72 71 86 87
f 80 79 94 95
f 73 72 87 88
f 66 201 81
f 262 80 95
f 74 73 88 89
f 67 66 81 82
f 75 74 89 90
f 68 67 82 83
f 76 75 90 91
f 88 87 102 103
f 81 201 96
f 262 95 110
f 89 88 103 104
f 82 81 96 97
f 90 89 104 105
f 83 82 97 98
f 91 90 105 106
f 84 83 98 99
f 92 91 106 107
f 85 84 99 100
f 93 92 107 108
f 86 85 100 101
f 94 93 108 109
f 87 86 101 102
f 95 94 109 110
f 107 106 121 122
f 100 99 114 115
f 108 107 122 123
f 101 100 115 116
f 109 108 123 124
f 102 101 116 117
f 110 109 124 125
f 103 102 117 118
f 96 201 111
f 262 110 125
f 104 103 118 119
f 97 96 111 112
f 105 104 119 120
f 98 97 112 113
f 106 105 120 121
f 99 98 113 114
f 262 125 140
f 119 118 133 134
f 112 111 126 127
f 120 119 134 135
f 113 112 127 128
f 121 120 135 136
f 114 113 128 129
f 122 121 136 137
f 115 114 129 130
f 123 122 137 138
f 116 115 130 131
f 124 123 138 139
f 117 116 131 132
f 125 124 139 140
f 118 117 132 133
f 111 201 126
f 138 137 152 153
f 131 130 145 146
f 139 138 153 154
f 132 131 146 147
f 140 139 154 155
f 133 132 147 148
f 126 201 141
f 262 140 155
f 134 133 148 149
f 127 126 141 142
f 135 134 149 150
f 128 127 142 143
f 136 135 150 151
f 129 128 143 144
f 137 136 151 152
f 130 129 144 145
f 142 141 156 157
f 150 149 164 165
f 143 142 157 158
f 151 150 165 166
f 144 143 158 159
f 152 151 166 167
f 145 144 159 160
f 153 152 167 168
f 146 145 160 161
f 154 153 168 169
f 147 146 161 162
f 155 154 169 170
f 148 147 162 163
f 141 201 156
f 262 155 170
f 149 148 163 164
f 161 160 175 176
f 169 168 183 184
f 162 161 176 177
f 170 169 184 185
f 163 162 177 178
f 156 201 171
f 262 170 185
f 164 163 178 179
f 157 156 171 172
f 165 164 179 180
f 158 157 172 173
f 166 165 180 181
f 159 158 173 174
f 167 166 181 182
f 160 159 174 175
f 168 167 182 183
f 180 179 194 195
f 173 172 187 188
f 181 180 195 196
f 174 173 188 189
f 182 181 196 197
f 175 174 189 190
f 183 182 197 198
f 176 175 190 191
f 184 183 198 199
f 177 176 191 192
f 185 184 199 200
f 178 177 192 193
f 171 201 186
f 262 185 200
f 179 178 193 194
f 172 171 186 187
f 199 198 214 215
f 192 191 207 208
f 200 199 215 216
f 193 192 208 209
f 186 201 202
f 262 200 216
f 194 193 209 210
f 187 186 202 203
f 195 194 210 211
f 188 187 203 204
f 196 195 211 212
f 189 188 204 205
f 197 196 212 213
f 190 189 205 206
f 198 197 213 214
f 191 190 206 207
f 204 203 218 219
f 212 211 226 227
f 205 204 219 220
f 213 212 227 228
f 206 205 220 221
f 214 213 228 229
f 207 206 221 222
f 215 214 229 230
f 208 207 222 223
f 216 215 230 231
f 209 208 223 224
f 202 201 217
f 262 216 231
f 210 209 224 225
f 203 202 217 218
f 211 210 225 226
f 223 222 237 238
f 231 230 245 246
f 224 223 238 239
f 217 201 232
f 262 231 246
f 225 224 239 240
f 218 217 232 233
f 226 225 240 241
f 219 218 233 234
f 227 226 241 242
f 220 219 234 235
f 228 227 242 243
f 221 220 235 236
f 229 228 243 244
f 222 221 236 237
f 230 229 244 245
f 242 241 256 257
f 235 234 249 250
f 243 242 257 258
f 236 235 250 251
f 244 243 258 259
f 237 236 251 252
f 245 244 259 260
f 238 237 252 253
f 246 245 260 261
f 239 238 253 254
f 232 201 247
f 262 246 261
f 240 239 254 255
f 233 232 247 248
f 241 240 255 256
f 234 233 248 249
f 261 260 276 277
f 254 253 269 270
f 247 201 263
f 262 261 277
f 255 254 270 271
f 248 247 263 264
f 256 255 271 272
f 249 248 264 265
f 257 256 272 273
f 250 249 265 266
f 258 257 273 274
f 251 250 266 267
f 259 258 274 275
f 252 251 267 268
f 260 259 275 276
f 253 252 268 269
f 274 273 288 289
f 267 266 281 282
f 275 274 289 290
f 268 267 282 283
f 276 275 290 291
f 269 268 283 284
f 277 276 291 292
f 270 269 284 285
f 263 201 278
f 262 277 292
f 271 270 285 286
f 264 263 278 279
f 272 271 286 287
f 265 264 279 280
f 273 272 287 288
f 266 265 280 281
f 278 201 293
f 262 292 307
f 286 285 300 301
f 279 278 293 294
f 287 286 301 302
f 280 279 294 295
f 288 287 302 303
f 281 280 295 296
f 289 288 303 304
f 282 281 296 297
f 290 289 304 305
f 283 282 297 298
f 291 290 305 306
f 284 283 298 299
f 292 291 306 307
f 285 284 299 300
f 297 296 311 312
f 305 304 319 320
f 298 297 312 313
f 306 305 320 321
f 299 298 313 314
f 307 306 321 322
f 300 299 314 315
f 293 201 308
f 262 307 322
f 301 300 315 316
f 294 293 308 309
f 302 301 316 317
f 295 294 309 310
f 303 302 317 318
f 296 295 310 311
f 304 303 318 319
f 316 315 330 331
f 309 308 323 324
f 317 316 331 332
f 310 309 324 325
f 318 317 332 333
f 311 310 325 326
f 319 318 333 334
f 312 311 326 327
f 320 319 334 335
f 313 312 327 328
f 321 320 335 336
f 314 313 328 329
f 322 321 336 337
f 315 314 329 330
f 308 201 323
f 262 322 337
f 335 334 349 350
f 328 327 342 343
f 336 335 350 351
f 329 328 343 344
f 337 336 351 352
f 330 329 344 345
f 323 201 338
f 262 337 352
f 331 330 345 346
f 324 323 338 339
f 332 331 346 347
f 325 324 339 340
f 333 332 347 348
f 326 325 340 341
f 334 333 348 349
f 327 326 341 342
f 339 338 1 353
f 347 346 358 359
f 340 339 353 354
f 348 347 359 4
f 341 340 354 2
f 349 348 4 360
f 342 341 2 3
f 350 349 360 361
f 343 342 3 355
f 351 350 361 362
f 344 343 355 356
f 352 351 362 5
f 345 344 356 357
f 338 201 1
f 262 352 5
f 346 345 357 358
o olive_crown_1
v 4.409180 7.057136 1.729588
v 4.409180 7.094778 1.699475
v 4.409180 7.107385 1.680605
v 4.409180 7.107385 1.597068
v 4.409180 7.094778 1.578199
v 4.416069 7.007048 1.745885
v 4.422693 7.031769 1.739674
v 4.428798 7.054553 1.729588
v 4.434149 7.074523 1.716015
v 4.438540 7.090912 1.699475
v 4.441803 7.103090 1.680605
v 4.443813 7.110590 1.660130
v 4.444491 7.113122 1.638837
v 4.443813 7.110590 1.617543
v 4.441803 7.103090 1.597068
v 4.438540 7.090912 1.578199
v 4.434149 7.074523 1.561659
v 4.428798 7.054553 1.548085
v 4.422693 7.031769 1.537999
v 4.416069 7.007048 1.531788
v 4.409180 6.981338 1.747983
v 4.422489 7.004389 1.745885
v 4.435286 7.026554 1.739674
v 4.447079 7.046981 1.729588
v 4.457416 7.064886 1.716015
v 4.465900 7.079579 1.699475
v 4.472204 7.090498 1.680605
v 4.476086 7.097221 1.660130
v 4.477396 7.099492 1.638837
v 4.476086 7.097221 1.617543
v 4.472204 7.090498 1.597068
v 4.465900 7.079579 1.578199
v 4.457416 7.064886 1.561659
v 4.447079 7.046981 1.548085
v 4.435286 7.026554 1.537999
v 4.422489 7.004389 1.531788
v 4.428001 7.000159 1.745885
v 4.446098 7.018256 1.739674
v 4.462777 7.034935 1.729588
v 4.477396 7.049554 1.716015
v 4.489394 7.061552 1.699475
v 4.498309 7.070467 1.680605
v 4.503798 7.075956 1.660130
v 4.505652 7.077810 1.638837
v 4.503798 7.075956 1.617543
v 4.498309 7.070467 1.597068
v 4.489394 7.061552 1.578199
v 4.477396 7.049554 1.561659
v 4.462777 7.034935 1.548085
v 4.446098 7.018256 1.537999
v 4.428001 7.000159 1.531788
v 4.432231 6.994647 1.745885
v 4.454396 7.007443 1.739674
v 4.474823 7.019237 1.729588
v 4.492728 7.029574 1.716015
v 4.507421 7.038058 1.699475
v 4.518340 7.044362 1.680605
v 4.525064 7.048244 1.660130
v 4.527334 7.049554 1.638837
v 4.525064 7.048244 1.617543
v 4.518340 7.044362 1.597068
v 4.507421 7.038058 1.578199
v 4.492728 7.029574 1.561659
v 4.474823 7.019237 1.548085
v 4.454396 7.007443 1.537999
v 4.432231 6.994647 1.531788
v 4.409180 6.981338 1.529691
v 4.434890 6.988227 1.745885
v 4.459611 6.994851 1.739674
v 4.482395 7.000956 1.729588
v 4.502365 7.006307 1.716015
v 4.518754 7.010698 1.699475
v 4.530932 7.013961 1.680605
v 4.538432 7.015971 1.660130
v 4.540964 7.016649 1.638837
v 4.538432 7.015971 1.617543
v 4.530932 7.013961 1.597068
v 4.518754 7.010698 1.578199
v 4.502365 7.006307 1.561659
v 4.482395 7.000956 1.548085
v 4.459611 6.994851 1.537999
v 4.434890 6.988227 1.531788
v 4.435797 6.981338 1.745885
v 4.461390 6.981338 1.739674
v 4.484978 6.981338 1.729588
v 4.505652 6.981338 1.716015
v 4.522620 6.981338 1.699475
v 4.535227 6.981338 1.680605
v 4.542991 6.981338 1.660130
v 4.545612 6.981338 1.638837
v 4.542991 6.981338 1.617543
v 4.535227 6.981338 1.597068
v 4.522620 6.981338 1.578199
v 4.505652 6.981338 1.561659
v 4.484978 6.981338 1.548085
v 4.461390 6.981338 1.537999
v 4.435797 6.981338 1.531788
v 4.434890 6.974449 1.745885
v 4.459611 6.967825 1.739674
v 4.482395 6.961720 1.729588
v 4.502365 6.956369 1.716015
v 4.518754 6.951978 1.699475
v 4.530932 6.948715 1.680605
v 4.538432 6.946705 1.660130
v 4.540964 6.946027 1.638837
v 4.538432 6.946705 1.617543
v 4.530932 6.948715 1.597068
v 4.518754 6.951978 1.578199
v 4.502365 6.956369 1.561659
v 4.482395 6.961720 1.548085
v 4.459611 6.967825 1.537999
v 4.434890 6.974449 1.531788
v 4.432231 6.968029 1.745885
v 4.454396 6.955233 1.739674
v 4.474823 6.943439 1.729588
v 4.492728 6.933102 1.716015
v 4.507421 6.924618 1.699475
v 4.518340 6.918314 1.680605
v 4.525064 6.914433 1.660130
v 4.527334 6.913122 1.638837
v 4.525064 6.914433 1.617543
v 4.518340 6.918314 1.597068
v 4.507421 6.924618 1.578199
v 4.492728 6.933102 1.561659
v 4.474823 6.943439 1.548085
v 4.454396 6.955233 1.537999
v 4.432231 6.968029 1.531788
v 4.428001 6.962517 1.745885
v 4.446098 6.944420 1.739674
v 4.462777 6.927741 1.729588
v 4.477396 6.913122 1.716015
v 4.489394 6.901124 1.699475
v 4.498309 6.892210 1.680605
v 4.503798 6.886720 1.660130
v 4.505652 6.884866 1.638837
v 4.503798 6.886720 1.617543
v 4.498309 6.892210 1.597068
v 4.489394 6.901124 1.578199
v 4.477396 6.913122 1.561659
v 4.462777 6.927741 1.548085
v 4.446098 6.944420 1.537999
v 4.428001 6.962517 1.531788
v 4.422489 6.958287 1.745885
v 4.435286 6.936122 1.739674
v 4.447079 6.915695 1.729588
v 4.457416 6.897790 1.716015
v 4.465900 6.883097 1.699475
v 4.472204 6.872178 1.680605
v 4.476086 6.865455 1.660130
v 4.477396 6.863184 1.638837
v 4.476086 6.865455 1.617543
v 4.472204 6.872178 1.597068
v 4.465900 6.883097 1.578199
v 4.457416 6.897790 1.561659
v 4.447079 6.915695 1.548085
v 4.435286 6.936122 1.537999
v 4.422489 6.958287 1.531788
v 4.416069 6.955628 1.745885
v 4.422693 6.930907 1.739674
v 4.428798 6.908123 1.729588
v 4.434149 6.888153 1.716015
v 4.438540 6.871764 1.699475
v 4.441803 6.859586 1.680605
v 4.443813 6.852087 1.660130
v 4.444491 6.849555 1.638837
v 4.443813 6.852087 1.617543
v 4.441803 6.859586 1.597068
v 4.438540 6.871764 1.578199
v 4.434149 6.888153 1.561659
v 4.428798 6.908123 1.548085
v 4.422693 6.930907 1.537999
v 4.416069 6.955628 1.531788
v 4.409180 6.954721 1.745885
v 4.409180 6.929128 1.739674
v 4.409180 6.905540 1.729588
v 4.409180 6.884866 1.716015
v 4.409180 6.867899 1.699475
v 4.409180 6.855291 1.680605
v 4.409180 6.847527 1.660130
v 4.409180 6.844906 1.638837
v 4.409180 6.847527 1.617543
v 4.409180 6.855291 1.597068
v 4.409180 6.867899 1.578199
v 4.409180 6.884866 1.561659
v 4.409180 6.905540 1.548085
v 4.409180 6.929128 1.537999
v 4.409180 6.954721 1.531788
v 4.402291 6.955628 1.745885
v 4.395667 6.930907 1.739674
v 4.389562 6.908123 1.729588
v 4.384212 6.888153 1.716015
v 4.379820 6.871764 1.699475
v 4.376557 6.859586 1.680605
v 4.374547 6.852087 1.660130
v 4.373869 6.849555 1.638837
v 4.374547 6.852087 1.617543
v 4.376557 6.859586 1.597068
v 4.379820 6.871764 1.578199
v 4.384212 6.888153 1.561659
v 4.389562 6.908123 1.548085
v 4.395667 6.930907 1.537999
v 4.402291 6.955628 1.531788
v 4.395872 6.958287 1.745885
v 4.383075 6.936122 1.739674
v 4.371281 6.915695 1.729588
v 4.360944 6.897790 1.716015
v 4.352460 6.883097 1.699475
v 4.346157 6.872178 1.680605
v 4.342275 6.865455 1.660130
v 4.340964 6.863184 1.638837
v 4.342275 6.865455 1.617543
v 4.346157 6.872178 1.597068
v 4.352460 6.883097 1.578199
v 4.360944 6.897790 1.561659
v 4.371281 6.915695 1.548085
v 4.383075 6.936122 1.537999
v 4.395872 6.958287 1.531788
v 4.390359 6.962517 1.745885
v 4.372262 6.944420 1.739674
v 4.355583 6.927741 1.729588
v 4.340964 6.913122 1.716015
v 4.328967 6.901124 1.699475
v 4.320052 6.892210 1.680605
v 4.314562 6.886720 1.660130
v 4.312708 6.884866 1.638837
v 4.314562 6.886720 1.617543
v 4.320052 6.892210 1.597068
v 4.328967 6.901124 1.578199
v 4.340964 6.913122 1.561659
v 4.355583 6.927741 1.548085
v 4.372262 6.944420 1.537999
v 4.390359 6.962517 1.531788
v 4.386129 6.968029 1.745885
v 4.363965 6.955233 1.739674
v 4.343537 6.943439 1.729588
v 4.325633 6.933102 1.716015
v 4.310939 6.924618 1.699475
v 4.300020 6.918314 1.680605
v 4.293297 6.914433 1.660130
v 4.291026 6.913122 1.638837
v 4.293297 6.914433 1.617543
v 4.300020 6.918314 1.597068
v 4.310939 6.924618 1.578199
v 4.325633 6.933102 1.561659
v 4.343537 6.943439 1.548085
v 4.363965 6.955233 1.537999
v 4.386129 6.968029 1.531788
v 4.383471 6.974449 1.745885
v 4.358749 6.967825 1.739674
v 4.335965 6.961720 1.729588
v 4.315995 6.956369 1.716015
v 4.299606 6.951978 1.699475
v 4.287428 6.948715 1.680605
v 4.279929 6.946705 1.660130
v 4.277397 6.946027 1.638837
v 4.279929 6.946705 1.617543
v 4.287428 6.948715 1.597068
v 4.299606 6.951978 1.578199
v 4.315995 6.956369 1.561659
v 4.335965 6.961720 1.548085
v 4.358749 6.967825 1.537999
v 4.383471 6.974449 1.531788
v 4.382564 6.981338 1.745885
v 4.356970 6.981338 1.739674
v 4.333383 6.981338 1.729588
v 4.312708 6.981338 1.716015
v 4.295741 6.981338 1.699475
v 4.283133 6.981338 1.680605
v 4.275369 6.981338 1.660130
v 4.272748 6.981338 1.638837
v 4.275369 6.981338 1.617543
v 4.283133 6.981338 1.597068
v 4.295741 6.981338 1.578199
v 4.312708 6.981338 1.561659
v 4.333383 6.981338 1.548085
v 4.356970 6.981338 1.537999
v 4.382564 6.981338 1.531788
v 4.383471 6.988227 1.745885
v 4.358749 6.994851 1.739674
v 4.335965 7.000956 1.729588
v 4.315995 7.006307 1.716015
v 4.299606 7.010698 1.699475
v 4.287428 7.013961 1.680605
v 4.279929 7.015971 1.660130
v 4.277397 7.016649 1.638837
v 4.279929 7.015971 1.617543
v 4.287428 7.013961 1.597068
v 4.299606 7.010698 1.578199
v 4.315995 7.006307 1.561659
v 4.335965 7.000956 1.548085
v 4.358749 6.994851 1.537999
v 4.383471 6.988227 1.531788
v 4.386129 6.994647 1.745885
v 4.363965 7.007443 1.739674
v 4.343537 7.019237 1.729588
v 4.325633 7.029574 1.716015
v 4.310939 7.038058 1.699475
v 4.300020 7.044362 1.680605
v 4.293297 7.048244 1.660130
v 4.291026 7.049554 1.638837
v 4.293297 7.048244 1.617543
v 4.300020 7.044362 1.597068
v 4.310939 7.038058 1.578199
v 4.325633 7.029574 1.561659
v 4.343537 7.019237 1.548085
v 4.363965 7.007443 1.537999
v 4.386129 6.994647 1.531788
v 4.390359 7.000159 1.745885
v 4.372262 7.018256 1.739674
v 4.355583 7.034935 1.729588
v 4.340964 7.049554 1.716015
v 4.328967 7.061552 1.699475
v 4.320052 7.070467 1.680605
v 4.314562 7.075956 1.660130
v 4.312708 7.077810 1.638837
v 4.314562 7.075956 1.617543
v 4.320052 7.070467 1.597068
v 4.328967 7.061552 1.578199
v 4.340964 7.049554 1.561659
v 4.355583 7.034935 1.548085
v 4.372262 7.018256 1.537999
v 4.390359 7.000159 1.531788
v 4.395872 7.004389 1.745885
v 4.383075 7.026554 1.739674
v 4.371281 7.046981 1.729588
v 4.360944 7.064886 1.716015
v 4.352460 7.079579 1.699475
v 4.346157 7.090498 1.680605
v 4.342275 7.097221 1.660130
v 4.340964 7.099492 1.638837
v 4.342275 7.097221 1.617543
v 4.346157 7.090498 1.597068
v 4.352460 7.079579 1.578199
v 4.360944 7.064886 1.561659
v 4.371281 7.046981 1.548085
v 4.383075 7.026554 1.537999
v 4.395872 7.004389 1.531788
v 4.402291 7.007048 1.745885
v 4.395667 7.031769 1.739674
v 4.389562 7.054553 1.729588
v 4.384212 7.074523 1.716015
v 4.379820 7.090912 1.699475
v 4.376557 7.103090 1.680605
v 4.374547 7.110590 1.660130
v 4.373869 7.113122 1.638837
v 4.374547 7.110590 1.617543
v 4.376557 7.103090 1.597068
v 4.379820 7.090912 1.578199
v 4.384212 7.074523 1.561659
v 4.389562 7.054553 1.548085
v 4.395667 7.031769 1.537999
v 4.402291 7.007048 1.531788
v 4.409180 7.007955 1.745885
v 4.409180 7.033548 1.739674
v 4.409180 7.077810 1.716015
v 4.409180 7.115149 1.660130
v 4.409180 7.117770 1.638837
v 4.409180 7.115149 1.617543
v 4.409180 7.077810 1.561659
v 4.409180 7.057136 1.548085
v 4.409180 7.033548 1.537999
v 4.409180 7.007955 1.531788
s 1
f 723 722 380 381
f 718 365 373 374
f 724 723 381 382
f 719 718 374 375
f 715 383 368
f 429 724 382
f 720 719 375 376
f 716 715 368 369
f 366 720 376 377
f 363 716 369 370
f 367 366 377 378
f 717 363 370 371
f 721 367 378 379
f 364 717 371 372
f 722 721 379 380
f 365 364 372 373
f 380 379 395 396
f 373 372 388 389
f 381 380 396 397
f 374 373 389 390
f 382 381 397 398
f 375 374 390 391
f 368 383 384
f 429 382 398
f 376 375 391 392
f 369 368 384 385
f 377 376 392 393
f 370 369 385 386
f 378 377 393 394
f 371 370 386 387
f 379 378 394 395
f 372 371 387 388
f 385 384 399 400
f 393 392 407 408
f 386 385 400 401
f 394 393 408 409
f 387 386 401 402
f 395 394 409 410
f 388 387 402 403
f 396 395 410 411
f 389 388 403 404
f 397 396 411 412
f 390 389 404 405
f 398 397 412 413
f 391 390 405 406
f 384 383 399
f 429 398 413
f 392 391 406 407
f 404 403 418 419
f 412 411 426 427
f 405 404 419 420
f 413 412 427 428
f 406 405 420 421
f 399 383 414
f 429 413 428
f 407 406 421 422
f 400 399 414 415
f 408 407 422 423
f 401 400 415 416
f 409 408 423 424
f 402 401 416 417
f 410 409 424 425
f 403 402 417 418
f 411 410 425 426
f 423 422 438 439
f 416 415 431 432
f 424 423 439 440
f 417 416 432 433
f 425 424 440 441
f 418 417 433 434
f 426 425 441 442
f 419 418 434 435
f 427 426 442 443
f 420 419 435 436
f 428 427 443 444
f 421 420 436 437
f 414 383 430
f 429 428 444
f 422 421 437 438
f 415 414 430 431
f 443 442 457 458
f 436 435 450 451
f 444 443 458 459
f 437 436 451 452
f 430 383 445
f 429 444 459
f 438 437 452 453
f 431 430 445 446
f 439 438 453 454
f 432 431 446 447
f 440 439 454 455
f 433 432 447 448
f 441 440 455 456
f 434 433 448 449
f 442 441 456 457
f 435 434 449 450
f 455 454 469 470
f 448 447 462 463
f 456 455 470 471
f 449 448 463 464
f 457 456 471 472
f 450 449 464 465
f 458 457 472 473
f 451 450 465 466
f 459 458 473 474
f 452 451 466 467
f 445 383 460
f 429 459 474
f 453 452 467 468
f 446 445 460 461
f 454 453 468 469
f 447 446 461 462
f 474 473 488 489
f 467 466 481 482
f 460 383 475
f 429 474 489
f 468 467 482 483
f 461 460 475 476
f 469 468 483 484
f 462 461 476 477
f 470 469 484 485
f 463 462 477 478
f 471 470 485 486
f 464 463 478 479
f 472 471 486 487
f 465 464 479 480
f 473 472 487 488
f 466 465 480 481
f 478 477 492 493
f 486 485 500 501
f 479 478 493 494
f 487 486 501 502
f 480 479 494 495
f 488 487 502 503
f 481 480 495 496
f 489 488 503 504
f 482 481 496 497
f 475 383 490
f 429 489 504
f 483 482 497 498
f 476 475 490 491
f 484 483 498 499
f 477 476 491 492
f 485 484 499 500
f 497 496 511 512
f 490 383 505
f 429 504 519
f 498 497 512 513
f 491 490 505 506
f 499 498 513 514
f 492 491 506 507
f 500 499 514 515
f 493 492 507 508
f 501 500 515 516
f 494 493 508 509
f 502 501 516 517
f 495 494 509 510
f 503 502 517 518
f 496 495 510 511
f 504 503 518 519
f 516 515 530 531
f 509 508 523 524
f 517 516 531 532
f 510 509 524 525
f 518 517 532 533
f 511 510 525 526
f 519 518 533 534
f 512 511 526 527
f 505 383 520
f 429 519 534
f 513 512 527 528
f 506 505 520 521
f 514 513 528 529
f 507 506 521 522
f 515 514 529 530
f 508 507 522 523
f 520 383 535
f 429 534 549
f 528 527 542 543
f 521 520 535 536
f 529 528 543 544
f 522 521 536 537
f 530 529 544 545
f 523 522 537 538
f 531 530 545 546
f 524 523 538 539
f 532 531 546 547
f 525 524 539 540
f 533 532 547 548
f 526 525 540 541
f 534 533 548 549
f 527 526 541 542
f 539 538 553 554
f 547 546 561 562
f 540 539 554 555
f 548 547 562 563
f 541 540 555 556
f 549 548 563 564
f 542 541 556 557
f 535 383 550
f 429 549 564
f 543 542 557 558
f 536 535 550 551
f 544 543 558 559
f 537 536 551 552
f 545 544 559 560
f 538 537 552 553
f 546 545 560 561
f 558 557 572 573
f 551 550 565 566
f 559 558 573 574
f 552 551 566 567
f 560 559 574 575
f 553 552 567 568
f 561 560 575 576
f 554 553 568 569
f 562 561 576 577
f 555 554 569 570
f 563 562 577 578
f 556 555 570 571
f 564 563 578 579
f 557 556 571 572
f 550 383 565
f 429 564 579
f 577 576 591 592
f 570 569 584 585
f 578 577 592 593
f 571 570 585 586
f 579 578 593 594
f 572 571 586 587
f 565 383 580
f 429 579 594
f 573 572 587 588
f 566 565 580 581
f 574 573 588 589
f 567 566 581 582
f 575 574 589 590
f 568 567 582 583
f 576 575 590 591
f 569 568 583 584
f 589 588 603 604
f 582 581 596 597
f 590 589 604 605
f 583 582 597 598
f 591 590 605 606
f 584 583 598 599
f 592 591 606 607
f 585 584 599 600
f 593 592 607 608
f 586 585 600 601
f 594 593 608 609
f 587 586 601 602
f 580 383 595
f 429 594 609
f 588 587 602 603
f 581 580 595 596
f 608 607 622 623
f 601 600 615 616
f 609 608 623 624
f 602 601 616 617
f 595 383 610
f 429 609 624
f 603 602 617 618
f 596 595 610 611
f 604 603 618 619
f 597 596 611 612
f 605 604 619 620
f 598 597 612 613
f 606 605 620 621
f 599 598 613 614
f 607 606 621 622
f 600 599 614 615
f 612 611 626 627
f 620 619 634 635
f 613 612 627 628
f 621 620 635 636
f 614 613 628 629
f 622 621 636 637
f 615 614 629 630
f 623 622 637 638
f 616 615 630 631
f 624 623 638 639
f 617 616 631 632
f 610 383 625
f 429 624 639
f 618 617 632 633
f 611 610 625 626
f 619 618 633 634
f 631 630 645 646
f 639 638 653 654
f 632 631 646 647
f 625 383 640
f 429 639 654
f 633 632 647 648
f 626 625 640 641
f 634 633 648 649
f 627 626 641 642
f 635 634 649 650
f 628 627 642 643
f 636 635 650 651
f 629 628 643 644
f 637 636 651 652
f 630 629 644 645
f 638 637 652 653
f 650 649 664 665
f 643 642 657 658
f 651 650 665 666
f 644 643 658 659
f 652 651 666 667
f 645 644 659 660
f 653 652 667 668
f 646 645 660 661
f 654 653 668 669
f 647 646 661 662
f 640 383 655
f 429 654 669
f 648 647 662 663
f 641 640 655 656
f 649 648 663 664
f 642 641 656 657
f 669 668 683 684
f 662 661 676 677
f 655 383 670
f 429 669 684
f 663 662 677 678
f 656 655 670 671
f 664 663 678 679
f 657 656 671 672
f 665 664 679 680
f 658 657 672 673
f 666 665 680 681
f 659 658 673 674
f 667 666 681 682
f 660 659 674 675
f 668 667 682 683
f 661 660 675 676
f 673 672 687 688
f 681 680 695 696
f 674 673 688 689
f 682 681 696 697
f 675 674 689 690
f 683 682 697 698
f 676 675 690 691
f 684 683 698 699
f 677 676 691 692
f 670 383 685
f 429 684 699
f 678 677 692 693
f 671 670 685 686
f 679 678 693 694
f 672 671 686 687
f 680 679 694 695
f 692 691 706 707
f 685 383 700
f 429 699 714
f 693 692 707 708
f 686 685 700 701
f 694 693 708 709
f 687 686 701 702
f 695 694 709 710
f 688 687 702 703
f 696 695 710 711
f 689 688 703 704
f 697 696 711 712
f 690 689 704 705
f 698 697 712 713
f 691 690 705 706
f 699 698 713 714
f 711 710 367 721
f 704 703 717 364
f 712 711 721 722
f 705 704 364 365
f 713 712 722 723
f 706 705 365 718
f 714 713 723 724
f 707 706 718 719
f 700 383 715
f 429 714 724
f 708 707 719 720
f 701 700 715 716
f 709 708 720 366
f 702 701 716 363
f 710 709 366 367
f 703 702 363 717
o olive_crown_2
v 4.495173 7.147040 1.827707
v 4.495173 7.164503 1.810685
v 4.495173 7.177478 1.791264
v 4.495173 7.185468 1.770192
v 4.495173 7.188166 1.748278
v 4.495173 7.185468 1.726363
v 4.495173 7.164503 1.685871
v 4.502262 7.074214 1.858449
v 4.509080 7.099657 1.852057
v 4.515363 7.123105 1.841676
v 4.520870 7.143658 1.827707
v 4.525389 7.160524 1.810685
v 4.528748 7.173058 1.791264
v 4.530816 7.180776 1.770192
v 4.531514 7.183382 1.748278
v 4.530816 7.180776 1.726363
v 4.528748 7.173058 1.705291
v 4.525389 7.160524 1.685871
v 4.520870 7.143658 1.668849
v 4.515363 7.123105 1.654879
v 4.509080 7.099657 1.644499
v 4.502262 7.074214 1.638106
v 4.508869 7.071477 1.858449
v 4.522039 7.094289 1.852057
v 4.534177 7.115312 1.841676
v 4.544816 7.133739 1.827707
v 4.553546 7.148861 1.810685
v 4.560034 7.160099 1.791264
v 4.564030 7.167018 1.770192
v 4.565379 7.169354 1.748278
v 4.564030 7.167018 1.726363
v 4.560034 7.160099 1.705291
v 4.553546 7.148861 1.685871
v 4.544816 7.133739 1.668849
v 4.534177 7.115312 1.654879
v 4.522039 7.094289 1.644499
v 4.508869 7.071477 1.638106
v 4.495173 7.047754 1.860607
v 4.514542 7.067124 1.858449
v 4.533168 7.085750 1.852057
v 4.550333 7.102915 1.841676
v 4.565379 7.117960 1.827707
v 4.577726 7.130308 1.810685
v 4.586901 7.139483 1.791264
v 4.592551 7.145133 1.770192
v 4.594459 7.147040 1.748278
v 4.592551 7.145133 1.726363
v 4.586901 7.139483 1.705291
v 4.577726 7.130308 1.685871
v 4.565379 7.117960 1.668849
v 4.550333 7.102915 1.654879
v 4.533168 7.085750 1.644499
v 4.514542 7.067124 1.638106
v 4.518896 7.061451 1.858449
v 4.541707 7.074621 1.852057
v 4.562730 7.086759 1.841676
v 4.581157 7.097397 1.827707
v 4.596280 7.106128 1.810685
v 4.607517 7.112616 1.791264
v 4.614436 7.116611 1.770192
v 4.616773 7.117960 1.748278
v 4.614436 7.116611 1.726363
v 4.607517 7.112616 1.705291
v 4.596280 7.106128 1.685871
v 4.581157 7.097397 1.668849
v 4.562730 7.086759 1.654879
v 4.541707 7.074621 1.644499
v 4.518896 7.061451 1.638106
v 4.521632 7.054844 1.858449
v 4.547075 7.061662 1.852057
v 4.570523 7.067945 1.841676
v 4.591076 7.073452 1.827707
v 4.607943 7.077971 1.810685
v 4.620476 7.081329 1.791264
v 4.628194 7.083397 1.770192
v 4.630800 7.084095 1.748278
v 4.628194 7.083397 1.726363
v 4.620476 7.081329 1.705291
v 4.607943 7.077971 1.685871
v 4.591076 7.073452 1.668849
v 4.570523 7.067945 1.654879
v 4.547075 7.061662 1.644499
v 4.521632 7.054844 1.638106
v 4.522565 7.047754 1.858449
v 4.548906 7.047754 1.852057
v 4.573181 7.047754 1.841676
v 4.594459 7.047754 1.827707
v 4.611921 7.047754 1.810685
v 4.624896 7.047754 1.791264
v 4.632886 7.047754 1.770192
v 4.635584 7.047754 1.748278
v 4.632886 7.047754 1.726363
v 4.624896 7.047754 1.705291
v 4.611921 7.047754 1.685871
v 4.594459 7.047754 1.668849
v 4.573181 7.047754 1.654879
v 4.548906 7.047754 1.644499
v 4.522565 7.047754 1.638106
v 4.521632 7.040665 1.858449
v 4.547075 7.033847 1.852057
v 4.570523 7.027564 1.841676
v 4.591076 7.022057 1.827707
v 4.607943 7.017538 1.810685
v 4.620476 7.014179 1.791264
v 4.628194 7.012111 1.770192
v 4.630800 7.011413 1.748278
v 4.628194 7.012111 1.726363
v 4.620476 7.014179 1.705291
v 4.607943 7.017538 1.685871
v 4.591076 7.022057 1.668849
v 4.570523 7.027564 1.654879
v 4.547075 7.033847 1.644499
v 4.521632 7.040665 1.638106
v 4.518896 7.034058 1.858449
v 4.541707 7.020888 1.852057
v 4.562730 7.008750 1.841676
v 4.581157 6.998111 1.827707
v 4.596280 6.989380 1.810685
v 4.607517 6.982893 1.791264
v 4.614436 6.978897 1.770192
v 4.616773 6.977548 1.748278
v 4.614436 6.978897 1.726363
v 4.607517 6.982893 1.705291
v 4.596280 6.989380 1.685871
v 4.581157 6.998111 1.668849
v 4.562730 7.008750 1.654879
v 4.541707 7.020888 1.644499
v 4.518896 7.034058 1.638106
v 4.514542 7.028385 1.858449
v 4.533168 7.009759 1.852057
v 4.550333 6.992594 1.841676
v 4.565379 6.977548 1.827707
v 4.577726 6.965201 1.810685
v 4.586901 6.956026 1.791264
v 4.592551 6.950376 1.770192
v 4.594459 6.948468 1.748278
v 4.592551 6.950376 1.726363
v 4.586901 6.956026 1.705291
v 4.577726 6.965201 1.685871
v 4.565379 6.977548 1.668849
v 4.550333 6.992594 1.654879
v 4.533168 7.009759 1.644499
v 4.514542 7.028385 1.638106
v 4.508869 7.024031 1.858449
v 4.522039 7.001220 1.852057
v 4.534177 6.980197 1.841676
v 4.544816 6.961770 1.827707
v 4.553546 6.946647 1.810685
v 4.560034 6.935410 1.791264
v 4.564030 6.928491 1.770192
v 4.565379 6.926154 1.748278
v 4.564030 6.928491 1.726363
v 4.560034 6.935410 1.705291
v 4.553546 6.946647 1.685871
v 4.544816 6.961770 1.668849
v 4.534177 6.980197 1.654879
v 4.522039 7.001220 1.644499
v 4.508869 7.024031 1.638106
v 4.502262 7.021295 1.858449
v 4.509080 6.995852 1.852057
v 4.515363 6.972404 1.841676
v 4.520870 6.951851 1.827707
v 4.525389 6.934984 1.810685
v 4.528748 6.922451 1.791264
v 4.530816 6.914733 1.770192
v 4.531514 6.912127 1.748278
v 4.530816 6.914733 1.726363
v 4.528748 6.922451 1.705291
v 4.525389 6.934984 1.685871
v 4.520870 6.951851 1.668849
v 4.515363 6.972404 1.654879
v 4.509080 6.995852 1.644499
v 4.502262 7.021295 1.638106
v 4.495173 7.020361 1.858449
v 4.495173 6.994021 1.852057
v 4.495173 6.969746 1.841676
v 4.495173 6.948468 1.827707
v 4.495173 6.931006 1.810685
v 4.495173 6.918031 1.791264
v 4.495173 6.910040 1.770192
v 4.495173 6.907342 1.748278
v 4.495173 6.910040 1.726363
v 4.495173 6.918031 1.705291
v 4.495173 6.931006 1.685871
v 4.495173 6.948468 1.668849
v 4.495173 6.969746 1.654879
v 4.495173 6.994021 1.644499
v 4.495173 7.020361 1.638106
v 4.488083 7.021295 1.858449
v 4.481265 6.995852 1.852057
v 4.474982 6.972404 1.841676
v 4.469475 6.951851 1.827707
v 4.464956 6.934984 1.810685
v 4.461597 6.922451 1.791264
v 4.459529 6.914733 1.770192
v 4.458831 6.912127 1.748278
v 4.459529 6.914733 1.726363
v 4.461597 6.922451 1.705291
v 4.464956 6.934984 1.685871
v 4.469475 6.951851 1.668849
v 4.474982 6.972404 1.654879
v 4.481265 6.995852 1.644499
v 4.488083 7.021295 1.638106
v 4.481476 7.024031 1.858449
v 4.468306 7.001220 1.852057
v 4.456168 6.980197 1.841676
v 4.445529 6.961770 1.827707
v 4.436799 6.946647 1.810685
v 4.430311 6.935410 1.791264
v 4.426315 6.928491 1.770192
v 4.424966 6.926154 1.748278
v 4.426315 6.928491 1.726363
v 4.430311 6.935410 1.705291
v 4.436799 6.946647 1.685871
v 4.445529 6.961770 1.668849
v 4.456168 6.980197 1.654879
v 4.468306 7.001220 1.644499
v 4.481476 7.024031 1.638106
v 4.475803 7.028385 1.858449
v 4.457177 7.009759 1.852057
v 4.440012 6.992594 1.841676
v 4.424966 6.977548 1.827707
v 4.412619 6.965201 1.810685
v 4.403444 6.956026 1.791264
v 4.397794 6.950376 1.770192
v 4.395886 6.948468 1.748278
v 4.397794 6.950376 1.726363
v 4.403444 6.956026 1.705291
v 4.412619 6.965201 1.685871
v 4.424966 6.977548 1.668849
v 4.440012 6.992594 1.654879
v 4.457177 7.009759 1.644499
v 4.475803 7.028385 1.638106
v 4.471449 7.034058 1.858449
v 4.448638 7.020888 1.852057
v 4.427615 7.008750 1.841676
v 4.409188 6.998111 1.827707
v 4.394065 6.989380 1.810685
v 4.382828 6.982893 1.791264
v 4.375909 6.978897 1.770192
v 4.373572 6.977548 1.748278
v 4.375909 6.978897 1.726363
v 4.382828 6.982893 1.705291
v 4.394065 6.989380 1.685871
v 4.409188 6.998111 1.668849
v 4.427615 7.008750 1.654879
v 4.448638 7.020888 1.644499
v 4.471449 7.034058 1.638106
v 4.495173 7.047754 1.635948
v 4.468713 7.040665 1.858449
v 4.443270 7.033847 1.852057
v 4.419822 7.027564 1.841676
v 4.399269 7.022057 1.827707
v 4.382402 7.017538 1.810685
v 4.369869 7.014179 1.791264
v 4.362151 7.012111 1.770192
v 4.359545 7.011413 1.748278
v 4.362151 7.012111 1.726363
v 4.369869 7.014179 1.705291
v 4.382402 7.017538 1.685871
v 4.399269 7.022057 1.668849
v 4.419822 7.027564 1.654879
v 4.443270 7.033847 1.644499
v 4.468713 7.040665 1.638106
v 4.467780 7.047754 1.858449
v 4.441439 7.047754 1.852057
v 4.417164 7.047754 1.841676
v 4.395886 7.047754 1.827707
v 4.378424 7.047754 1.810685
v 4.365449 7.047754 1.791264
v 4.357459 7.047754 1.770192
v 4.354761 7.047754 1.748278
v 4.357459 7.047754 1.726363
v 4.365449 7.047754 1.705291
v 4.378424 7.047754 1.685871
v 4.395886 7.047754 1.668849
v 4.417164 7.047754 1.654879
v 4.441439 7.047754 1.644499
v 4.467780 7.047754 1.638106
v 4.468713 7.054844 1.858449
v 4.443270 7.061662 1.852057
v 4.419822 7.067945 1.841676
v 4.399270 7.073452 1.827707
v 4.382402 7.077971 1.810685
v 4.369869 7.081329 1.791264
v 4.362151 7.083397 1.770192
v 4.359545 7.084095 1.748278
v 4.362151 7.083397 1.726363
v 4.369869 7.081329 1.705291
v 4.382402 7.077971 1.685871
v 4.399270 7.073452 1.668849
v 4.419822 7.067945 1.654879
v 4.443270 7.061662 1.644499
v 4.468713 7.054844 1.638106
v 4.471449 7.061451 1.858449
v 4.448638 7.074621 1.852057
v 4.427615 7.086759 1.841676
v 4.409188 7.097397 1.827707
v 4.394065 7.106128 1.810685
v 4.382829 7.112616 1.791264
v 4.375909 7.116611 1.770192
v 4.373572 7.117960 1.748278
v 4.375909 7.116611 1.726363
v 4.382829 7.112616 1.705291
v 4.394065 7.106128 1.685871
v 4.409188 7.097397 1.668849
v 4.427615 7.086759 1.654879
v 4.448638 7.074621 1.644499
v 4.471449 7.061451 1.638106
v 4.475803 7.067124 1.858449
v 4.457177 7.085750 1.852057
v 4.440012 7.102915 1.841676
v 4.424966 7.117960 1.827707
v 4.412619 7.130308 1.810685
v 4.403444 7.139483 1.791264
v 4.397794 7.145133 1.770192
v 4.395886 7.147040 1.748278
v 4.397794 7.145133 1.726363
v 4.403444 7.139483 1.705291
v 4.412619 7.130308 1.685871
v 4.424966 7.117960 1.668849
v 4.440012 7.102915 1.654879
v 4.457177 7.085750 1.644499
v 4.475803 7.067124 1.638106
v 4.481476 7.071477 1.858449
v 4.468306 7.094289 1.852057
v 4.456168 7.115312 1.841676
v 4.445529 7.133739 1.827707
v 4.436799 7.148861 1.810685
v 4.430311 7.160098 1.791264
v 4.426315 7.167018 1.770192
v 4.424966 7.169354 1.748278
v 4.426315 7.167018 1.726363
v 4.430311 7.160098 1.705291
v 4.436799 7.148861 1.685871
v 4.445529 7.133739 1.668849
v 4.456168 7.115312 1.654879
v 4.468306 7.094289 1.644499
v 4.481476 7.071477 1.638106
v 4.488083 7.074214 1.858449
v 4.481265 7.099657 1.852057
v 4.474982 7.123105 1.841676
v 4.469475 7.143657 1.827707
v 4.464956 7.160524 1.810685
v 4.461597 7.173058 1.791264
v 4.459529 7.180776 1.770192
v 4.458831 7.183382 1.748278
v 4.459529 7.180776 1.726363
v 4.461597 7.173058 1.705291
v 4.464956 7.160524 1.685871
v 4.469475 7.143657 1.668849
v 4.474982 7.123105 1.654879
v 4.481265 7.099657 1.644499
v 4.488083 7.074214 1.638106
v 4.495173 7.075147 1.858449
v 4.495173 7.101488 1.852057
v 4.495173 7.125763 1.841676
v 4.495173 7.177478 1.705291
v 4.495173 7.147040 1.668849
v 4.495173 7.125763 1.654879
v 4.495173 7.101488 1.644499
v 4.495173 7.075147 1.638106
s 1
f 1082 730 740 741
f 1081 1080 733 734
f 731 1082 741 742
f 725 1081 734 735
f 1083 731 742 743
f 726 725 735 736
f 1084 1083 743 744
f 727 726 736 737
f 1085 1084 744 745
f 728 727 737 738
f 1086 1085 745 746
f 729 728 738 739
f 1079 762 732
f 973 1086 746
f 730 729 739 740
f 1080 1079 732 733
f 973 746 761
f 740 739 754 755
f 733 732 747 748
f 741 740 755 756
f 734 733 748 749
f 742 741 756 757
f 735 734 749 750
f 743 742 757 758
f 736 735 750 751
f 744 743 758 759
f 737 736 751 752
f 745 744 759 760
f 738 737 752 753
f 746 745 760 761
f 739 738 753 754
f 732 762 747
f 759 758 774 775
f 752 751 767 768
f 760 759 775 776
f 753 752 768 769
f 761 760 776 777
f 754 753 769 770
f 747 762 763
f 973 761 777
f 755 754 770 771
f 748 747 763 764
f 756 755 771 772
f 749 748 764 765
f 757 756 772 773
f 750 749 765 766
f 758 757 773 774
f 751 750 766 767
f 764 763 778 779
f 772 771 786 787
f 765 764 779 780
f 773 772 787 788
f 766 765 780 781
f 774 773 788 789
f 767 766 781 782
f 775 774 789 790
f 768 767 782 783
f 776 775 790 791
f 769 768 783 784
f 777 776 791 792
f 770 769 784 785
f 763 762 778
f 973 777 792
f 771 770 785 786
f 783 782 797 798
f 791 790 805 806
f 784 783 798 799
f 792 791 806 807
f 785 784 799 800
f 778 762 793
f 973 792 807
f 786 785 800 801
f 779 778 793 794
f 787 786 801 802
f 780 779 794 795
f 788 787 802 803
f 781 780 795 796
f 789 788 803 804
f 782 781 796 797
f 790 789 804 805
f 802 801 816 817
f 795 794 809 810
f 803 802 817 818
f 796 795 810 811
f 804 803 818 819
f 797 796 811 812
f 805 804 819 820
f 798 797 812 813
f 806 805 820 821
f 799 798 813 814
f 807 806 821 822
f 800 799 814 815
f 793 762 808
f 973 807 822
f 801 800 815 816
f 794 793 808 809
f 821 820 835 836
f 814 813 828 829
f 822 821 836 837
f 815 814 829 830
f 808 762 823
f 973 822 837
f 816 815 830 831
f 809 808 823 824
f 817 816 831 832
f 810 809 824 825
f 818 817 832 833
f 811 810 825 826
f 819 818 833 834
f 812 811 826 827
f 820 819 834 835
f 813 812 827 828
f 825 824 839 840
f 833 832 847 848
f 826 825 840 841
f 834 833 848 849
f 827 826 841 842
f 835 834 849 850
f 828 827 842 843
f 836 835 850 851
f 829 828 843 844
f 837 836 851 852
f 830 829 844 845
f 823 762 838
f 973 837 852
f 831 830 845 846
f 824 823 838 839
f 832 831 846 847
f 844 843 858 859
f 852 851 866 867
f 845 844 859 860
f 838 762 853
f 973 852 867
f 846 845 860 861
f 839 838 853 854
f 847 846 861 862
f 840 839 854 855
f 848 847 862 863
f 841 840 855 856
f 849 848 863 864
f 842 841 856 857
f 850 849 864 865
f 843 842 857 858
f 851 850 865 866
f 863 862 877 878
f 856 855 870 871
f 864 863 878 879
f 857 856 871 872
f 865 864 879 880
f 858 857 872 873
f 866 865 880 881
f 859 858 873 874
f 867 866 881 882
f 860 859 874 875
f 853 762 868
f 973 867 882
f 861 860 875 876
f 854 853 868 869
f 862 861 876 877
f 855 854 869 870
f 882 881 896 897
f 875 874 889 890
f 868 762 883
f 973 882 897
f 876 875 890 891
f 869 868 883 884
f 877 876 891 892
f 870 869 884 885
f 878 877 892 893
f 871 870 885 886
f 879 878 893 894
f 872 871 886 887
f 880 879 894 895
f 873 872 887 888
f 881 880 895 896
f 874 873 888 889
f 894 893 908 909
f 887 886 901 902
f 895 894 909 910
f 888 887 902 903
f 896 895 910 911
f 889 888 903 904
f 897 896 911 912
f 890 889 904 905
f 883 762 898
f 973 897 912
f 891 890 905 906
f 884 883 898 899
f 892 891 906 907
f 885 884 899 900
f 893 892 907 908
f 886 885 900 901
f 898 762 913
f 973 912 927
f 906 905 920 921
f 899 898 913 914
f 907 906 921 922
f 900 899 914 915
f 908 907 922 923
f 901 900 915 916
f 909 908 923 924
f 902 901 916 917
f 910 909 924 925
f 903 902 917 918
f 911 910 925 926
f 904 903 918 919
f 912 911 926 927
f 905 904 919 920
f 917 916 931 932
f 925 924 939 940
f 918 917 932 933
f 926 925 940 941
f 919 918 933 934
f 927 926 941 942
f 920 919 934 935
f 913 762 928
f 973 927 942
f 921 920 935 936
f 914 913 928 929
f 922 921 936 937
f 915 914 929 930
f 923 922 937 938
f 916 915 930 931
f 924 923 938 939
f 936 935 950 951
f 929 928 943 944
f 937 936 951 952
f 930 929 944 945
f 938 937 952 953
f 931 930 945 946
f 939 938 953 954
f 932 931 946 947
f 940 939 954 955
f 933 932 947 948
f 941 940 955 956
f 934 933 948 949
f 942 941 956 957
f 935 934 949 950
f 928 762 943
f 973 942 957
f 955 954 969 970
f 948 947 962 963
f 956 955 970 971
f 949 948 963 964
f 957 956 971 972
f 950 949 964 965
f 943 762 958
f 973 957 972
f 951 950 965 966
f 944 943 958 959
f 952 951 966 967
f 945 944 959 960
f 953 952 967 968
f 946 945 960 961
f 954 953 968 969
f 947 946 961 962
f 959 958 974 975
f 967 966 982 983
f 960 959 975 976
f 968 967 983 984
f 961 960 976 977
f 969 968 984 985
f 962 961 977 978
f 970 969 985 986
f 963 962 978 979
f 971 970 986 987
f 964 963 979 980
f 972 971 987 988
f 965 964 980 981
f 958 762 974
f 973 972 988
f 966 965 981 982
f 979 978 993 994
f 987 986 1001 1002
f 980 979 994 995
f 988 987 1002 1003
f 981 980 995 996
f 974 762 989
f 973 988 1003
f 982 981 996 997
f 975 974 989 990
f 983 982 997 998
f 976 975 990 991
f 984 983 998 999
f 977 976 991 992
f 985 984 999 1000
f 978 977 992 993
f 986 985 1000 1001
f 998 997 1012 1013
f 991 990 1005 1006
f 999 998 1013 1014
f 992 991 1006 1007
f 1000 999 1014 1015
f 993 992 1007 1008
f 1001 1000 1015 1016
f 994 993 1008 1009
f 1002 1001 1016 1017
f 995 994 1009 1010
f 1003 1002 1017 1018
f 996 995 1010 1011
f 989 762 1004
f 973 1003 1018
f 997 996 1011 1012
f 990 989 1004 1005
f 1017 1016 1031 1032
f 1010 1009 1024 1025
f 1018 1017 1032 1033
f 1011 1010 1025 1026
f 1004 762 1019
f 973 1018 1033
f 1012 1011 1026 1027
f 1005 1004 1019 1020
f 1013 1012 1027 1028
f 1006 1005 1020 1021
f 1014 1013 1028 1029
f 1007 1006 1021 1022
f 1015 1014 1029 1030
f 1008 1007 1022 1023
f 1016 1015 1030 1031
f 1009 1008 1023 1024
f 1029 1028 1043 1044
f 1022 1021 1036 1037
f 1030 1029 1044 1045
f 1023 1022 1037 1038
f 1031 1030 1045 1046
f 1024 1023 1038 1039
f 1032 1031 1046 1047
f 1025 1024 1039 1040
f 1033 1032 1047 1048
f 1026 1025 1040 1041
f 1019 762 1034
f 973 1033 1048
f 1027 1026 1041 1042
f 1020 1019 1034 1035
f 1028 1027 1042 1043
f 1021 1020 1035 1036
f 1048 1047 1062 1063
f 1041 1040 1055 1056
f 1034 762 1049
f 973 1048 1063
f 1042 1041 1056 1057
f 1035 1034 1049 1050
f 1043 1042 1057 1058
f 1036 1035 1050 1051
f 1044 1043 1058 1059
f 1037 1036 1051 1052
f 1045 1044 1059 1060
f 1038 1037 1052 1053
f 1046 1045 1060 1061
f 1039 1038 1053 1054
f 1047 1046 1061 1062
f 1040 1039 1054 1055
f 1052 1051 1066 1067
f 1060 1059 1074 1075
f 1053 1052 1067 1068
f 1061 1060 1075 1076
f 1054 1053 1068 1069
f 1062 1061 1076 1077
f 1055 1054 1069 1070
f 1063 1062 1077 1078
f 1056 1055 1070 1071
f 1049 762 1064
f 973 1063 1078
f 1057 1056 1071 1072
f 1050 1049 1064 1065
f 1058 1057 1072 1073
f 1051 1050 1065 1066
f 1059 1058 1073 1074
f 1071 1070 728 729
f 1064 762 1079
f 973 1078 1086
f 1072 1071 729 730
f 1065 1064 1079 1080
f 1073 1072 730 1082
f 1066 1065 1080 1081
f 1074 1073 1082 731
f 1067 1066 1081 725
f 1075 1074 731 1083
f 1068 1067 725 726
f 1076 1075 1083 1084
f 1069 1068 726 727
f 1077 1076 1084 1085
f 1070 1069 727 728
f 1078 1077 1085 1086
o olive_crown_3
v 4.417563 7.200540 1.785503
v 4.417563 7.237103 1.730781
v 4.417563 7.237103 1.689080
v 4.417563 7.217155 1.650553
v 4.424309 7.131249 1.814753
v 4.430795 7.155457 1.808671
v 4.436773 7.177766 1.798795
v 4.442013 7.197321 1.785503
v 4.446313 7.213369 1.769307
v 4.449508 7.225295 1.750830
v 4.451476 7.232638 1.730781
v 4.452140 7.235117 1.709930
v 4.451476 7.232638 1.689080
v 4.449508 7.225295 1.669030
v 4.446313 7.213369 1.650553
v 4.442013 7.197321 1.634357
v 4.436773 7.177766 1.621066
v 4.430795 7.155457 1.611189
v 4.424309 7.131249 1.605107
v 4.417563 7.106074 1.816806
v 4.430594 7.128645 1.814753
v 4.443125 7.150349 1.808671
v 4.454674 7.170352 1.798795
v 4.464796 7.187884 1.785503
v 4.473103 7.202272 1.769307
v 4.479276 7.212964 1.750830
v 4.483077 7.219548 1.730781
v 4.484361 7.221771 1.709930
v 4.483077 7.219548 1.689080
v 4.479276 7.212964 1.669030
v 4.473103 7.202272 1.650553
v 4.464796 7.187884 1.634357
v 4.454674 7.170352 1.621066
v 4.443125 7.150349 1.611189
v 4.430594 7.128645 1.605107
v 4.435992 7.124503 1.814753
v 4.453713 7.142224 1.808671
v 4.470046 7.158556 1.798795
v 4.484361 7.172872 1.785503
v 4.496109 7.184620 1.769307
v 4.504838 7.193349 1.750830
v 4.510214 7.198725 1.730781
v 4.512029 7.200540 1.709930
v 4.510214 7.198725 1.689080
v 4.504838 7.193349 1.669030
v 4.496109 7.184620 1.650553
v 4.484361 7.172872 1.634357
v 4.470046 7.158556 1.621066
v 4.453713 7.142224 1.611189
v 4.435992 7.124503 1.605107
v 4.440135 7.119105 1.814753
v 4.461838 7.131636 1.808671
v 4.481841 7.143185 1.798795
v 4.499373 7.153307 1.785503
v 4.513762 7.161614 1.769307
v 4.524453 7.167787 1.750830
v 4.531037 7.171588 1.730781
v 4.533260 7.172872 1.709930
v 4.531037 7.171588 1.689080
v 4.524453 7.167787 1.669030
v 4.513762 7.161614 1.650553
v 4.499373 7.153307 1.634357
v 4.481841 7.143185 1.621066
v 4.461838 7.131636 1.611189
v 4.440135 7.119105 1.605107
v 4.417563 7.106074 1.603054
v 4.442738 7.112820 1.814753
v 4.466946 7.119306 1.808671
v 4.489255 7.125284 1.798795
v 4.508811 7.130524 1.785503
v 4.524858 7.134824 1.769307
v 4.536784 7.138019 1.750830
v 4.544127 7.139987 1.730781
v 4.546607 7.140651 1.709930
v 4.544127 7.139987 1.689080
v 4.536784 7.138019 1.669030
v 4.524858 7.134824 1.650553
v 4.508811 7.130524 1.634357
v 4.489255 7.125284 1.621066
v 4.466946 7.119306 1.611189
v 4.442738 7.112820 1.605107
v 4.443626 7.106074 1.814753
v 4.468688 7.106074 1.808671
v 4.491785 7.106074 1.798795
v 4.512029 7.106074 1.785503
v 4.528644 7.106074 1.769307
v 4.540989 7.106074 1.750830
v 4.548592 7.106074 1.730781
v 4.551158 7.106074 1.709930
v 4.548592 7.106074 1.689080
v 4.540989 7.106074 1.669030
v 4.528644 7.106074 1.650553
v 4.512029 7.106074 1.634357
v 4.491785 7.106074 1.621066
v 4.468688 7.106074 1.611189
v 4.443626 7.106074 1.605107
v 4.442738 7.099328 1.814753
v 4.466946 7.092842 1.808671
v 4.489255 7.086864 1.798795
v 4.508811 7.081624 1.785503
v 4.524858 7.077324 1.769307
v 4.536784 7.074129 1.750830
v 4.544127 7.072161 1.730781
v 4.546607 7.071497 1.709930
v 4.544127 7.072161 1.689080
v 4.536784 7.074129 1.669030
v 4.524858 7.077324 1.650553
v 4.508811 7.081624 1.634357
v 4.489255 7.086864 1.621066
v 4.466946 7.092842 1.611189
v 4.442738 7.099328 1.605107
v 4.440135 7.093042 1.814753
v 4.461838 7.080512 1.808671
v 4.481841 7.068963 1.798795
v 4.499373 7.058841 1.785503
v 4.513762 7.050534 1.769307
v 4.524453 7.044361 1.750830
v 4.531037 7.040560 1.730781
v 4.533260 7.039276 1.709930
v 4.531037 7.040560 1.689080
v 4.524453 7.044361 1.669030
v 4.513762 7.050534 1.650553
v 4.499373 7.058841 1.634357
v 4.481841 7.068963 1.621066
v 4.461838 7.080512 1.611189
v 4.440135 7.093042 1.605107
v 4.435992 7.087645 1.814753
v 4.453713 7.069923 1.808671
v 4.470046 7.053591 1.798795
v 4.484361 7.039276 1.785503
v 4.496109 7.027528 1.769307
v 4.504838 7.018798 1.750830
v 4.510214 7.013422 1.730781
v 4.512029 7.011608 1.709930
v 4.510214 7.013422 1.689080
v 4.504838 7.018798 1.669030
v 4.496109 7.027528 1.650553
v 4.484361 7.039276 1.634357
v 4.470046 7.053591 1.621066
v 4.453713 7.069923 1.611189
v 4.435992 7.087645 1.605107
v 4.430594 7.083502 1.814753
v 4.443125 7.061799 1.808671
v 4.454674 7.041796 1.798795
v 4.464796 7.024264 1.785503
v 4.473103 7.009875 1.769307
v 4.479276 6.999184 1.750830
v 4.483077 6.992600 1.730781
v 4.484361 6.990377 1.709930
v 4.483077 6.992600 1.689080
v 4.479276 6.999184 1.669030
v 4.473103 7.009875 1.650553
v 4.464796 7.024264 1.634357
v 4.454674 7.041796 1.621066
v 4.443125 7.061799 1.611189
v 4.430594 7.083502 1.605107
v 4.424309 7.080899 1.814753
v 4.430795 7.056691 1.808671
v 4.436773 7.034381 1.798795
v 4.442013 7.014826 1.785503
v 4.446313 6.998778 1.769307
v 4.449508 6.986853 1.750830
v 4.451476 6.979510 1.730781
v 4.452140 6.977030 1.709930
v 4.451476 6.979510 1.689080
v 4.449508 6.986853 1.669030
v 4.446313 6.998778 1.650553
v 4.442013 7.014826 1.634357
v 4.436773 7.034381 1.621066
v 4.430795 7.056691 1.611189
v 4.424309 7.080899 1.605107
v 4.417563 7.080011 1.814753
v 4.417563 7.054949 1.808671
v 4.417563 7.031852 1.798795
v 4.417563 7.011608 1.785503
v 4.417563 6.994993 1.769307
v 4.417563 6.982648 1.750830
v 4.417563 6.975045 1.730781
v 4.417563 6.972478 1.709930
v 4.417563 6.975045 1.689080
v 4.417563 6.982648 1.669030
v 4.417563 6.994993 1.650553
v 4.417563 7.011608 1.634357
v 4.417563 7.031852 1.621066
v 4.417563 7.054949 1.611189
v 4.417563 7.080011 1.605107
v 4.410817 7.080899 1.814753
v 4.404331 7.056691 1.808671
v 4.398353 7.034381 1.798795
v 4.393113 7.014826 1.785503
v 4.388813 6.998778 1.769307
v 4.385618 6.986853 1.750830
v 4.383650 6.979510 1.730781
v 4.382986 6.977030 1.709930
v 4.383650 6.979510 1.689080
v 4.385618 6.986853 1.669030
v 4.388813 6.998778 1.650553
v 4.393113 7.014826 1.634357
v 4.398353 7.034381 1.621066
v 4.404331 7.056691 1.611189
v 4.410817 7.080899 1.605107
v 4.404531 7.083502 1.814753
v 4.392001 7.061799 1.808671
v 4.380452 7.041796 1.798795
v 4.370330 7.024264 1.785503
v 4.362023 7.009875 1.769307
v 4.355850 6.999184 1.750830
v 4.352049 6.992600 1.730781
v 4.350765 6.990377 1.709930
v 4.352049 6.992600 1.689080
v 4.355850 6.999184 1.669030
v 4.362023 7.009875 1.650553
v 4.370330 7.024264 1.634357
v 4.380452 7.041796 1.621066
v 4.392001 7.061799 1.611189
v 4.404531 7.083502 1.605107
v 4.399134 7.087645 1.814753
v 4.381413 7.069923 1.808671
v 4.365080 7.053591 1.798795
v 4.350765 7.039276 1.785503
v 4.339017 7.027528 1.769307
v 4.330287 7.018798 1.750830
v 4.324912 7.013423 1.730781
v 4.323097 7.011608 1.709930
v 4.324912 7.013423 1.689080
v 4.330287 7.018798 1.669030
v 4.339017 7.027528 1.650553
v 4.350765 7.039276 1.634357
v 4.365080 7.053591 1.621066
v 4.381413 7.069923 1.611189
v 4.399134 7.087645 1.605107
v 4.394991 7.093042 1.814753
v 4.373288 7.080512 1.808671
v 4.353285 7.068963 1.798795
v 4.335753 7.058841 1.785503
v 4.321364 7.050534 1.769307
v 4.310673 7.044361 1.750830
v 4.304089 7.040560 1.730781
v 4.301866 7.039276 1.709930
v 4.304089 7.040560 1.689080
v 4.310673 7.044361 1.669030
v 4.321364 7.050534 1.650553
v 4.335753 7.058841 1.634357
v 4.353285 7.068963 1.621066
v 4.373288 7.080512 1.611189
v 4.394991 7.093042 1.605107
v 4.392388 7.099328 1.814753
v 4.368180 7.092842 1.808671
v 4.345870 7.086864 1.798795
v 4.326315 7.081624 1.785503
v 4.310267 7.077324 1.769307
v 4.298342 7.074129 1.750830
v 4.290999 7.072161 1.730781
v 4.288519 7.071497 1.709930
v 4.290999 7.072161 1.689080
v 4.298342 7.074129 1.669030
v 4.310267 7.077324 1.650553
v 4.326315 7.081624 1.634357
v 4.345870 7.086864 1.621066
v 4.368180 7.092842 1.611189
v 4.392388 7.099328 1.605107
v 4.391500 7.106074 1.814753
v 4.366438 7.106074 1.808671
v 4.343341 7.106074 1.798795
v 4.323097 7.106074 1.785503
v 4.306482 7.106074 1.769307
v 4.294137 7.106074 1.750830
v 4.286534 7.106074 1.730781
v 4.283967 7.106074 1.709930
v 4.286534 7.106074 1.689080
v 4.294137 7.106074 1.669030
v 4.306482 7.106074 1.650553
v 4.323097 7.106074 1.634357
v 4.343341 7.106074 1.621066
v 4.366438 7.106074 1.611189
v 4.391500 7.106074 1.605107
v 4.392388 7.112820 1.814753
v 4.368180 7.119306 1.808671
v 4.345870 7.125284 1.798795
v 4.326315 7.130524 1.785503
v 4.310267 7.134824 1.769307
v 4.298342 7.138019 1.750830
v 4.290999 7.139987 1.730781
v 4.288519 7.140651 1.709930
v 4.290999 7.139987 1.689080
v 4.298342 7.138019 1.669030
v 4.310267 7.134824 1.650553
v 4.326315 7.130524 1.634357
v 4.345870 7.125284 1.621066
v 4.368180 7.119306 1.611189
v 4.392388 7.112820 1.605107
v 4.394991 7.119105 1.814753
v 4.373288 7.131636 1.808671
v 4.353285 7.143185 1.798795
v 4.335753 7.153307 1.785503
v 4.321364 7.161614 1.769307
v 4.310673 7.167787 1.750830
v 4.304089 7.171588 1.730781
v 4.301866 7.172872 1.709930
v 4.304089 7.171588 1.689080
v 4.310673 7.167787 1.669030
v 4.321364 7.161614 1.650553
v 4.335753 7.153307 1.634357
v 4.353285 7.143185 1.621066
v 4.373288 7.131636 1.611189
v 4.394991 7.119105 1.605107
v 4.399134 7.124503 1.814753
v 4.381413 7.142224 1.808671
v 4.365080 7.158556 1.798795
v 4.350765 7.172872 1.785503
v 4.339017 7.184620 1.769307
v 4.330287 7.193349 1.750830
v 4.324912 7.198725 1.730781
v 4.323097 7.200540 1.709930
v 4.324912 7.198725 1.689080
v 4.330287 7.193349 1.669030
v 4.339017 7.184620 1.650553
v 4.350765 7.172872 1.634357
v 4.365080 7.158556 1.621066
v 4.381413 7.142224 1.611189
v 4.399134 7.124503 1.605107
v 4.404531 7.128645 1.814753
v 4.392001 7.150349 1.808671
v 4.380452 7.170352 1.798795
v 4.370330 7.187884 1.785503
v 4.362023 7.202272 1.769307
v 4.355850 7.212964 1.750830
v 4.352049 7.219548 1.730781
v 4.350765 7.221771 1.709930
v 4.352049 7.219548 1.689080
v 4.355850 7.212964 1.669030
v 4.362023 7.202272 1.650553
v 4.370330 7.187884 1.634357
v 4.380452 7.170352 1.621066
v 4.392001 7.150349 1.611189
v 4.404531 7.128645 1.605107
v 4.410817 7.131249 1.814753
v 4.404331 7.155457 1.808671
v 4.398353 7.177766 1.798795
v 4.393113 7.197321 1.785503
v 4.388813 7.213369 1.769307
v 4.385618 7.225295 1.750830
v 4.383650 7.232638 1.730781
v 4.382986 7.235117 1.709930
v 4.383650 7.232638 1.689080
v 4.385618 7.225295 1.669030
v 4.388813 7.213369 1.650553
v 4.393113 7.197321 1.634357
v 4.398353 7.177766 1.621066
v 4.404331 7.155457 1.611189
v 4.410817 7.131249 1.605107
v 4.417563 7.132137 1.814753
v 4.417563 7.157198 1.808671
v 4.417563 7.180295 1.798795
v 4.417563 7.217155 1.769307
v 4.417563 7.229500 1.750830
v 4.417563 7.239669 1.709930
v 4.417563 7.229500 1.669030
v 4.417563 7.200540 1.634357
v 4.417563 7.180295 1.621066
v 4.417563 7.157198 1.611189
v 4.417563 7.132137 1.605107
s 1
f 1446 1445 1102 1103
f 1442 1441 1095 1096
f 1447 1446 1103 1104
f 1088 1442 1096 1097
f 1448 1447 1104 1105
f 1443 1088 1097 1098
f 1438 1106 1091
f 1152 1448 1105
f 1089 1443 1098 1099
f 1439 1438 1091 1092
f 1444 1089 1099 1100
f 1440 1439 1092 1093
f 1090 1444 1100 1101
f 1087 1440 1093 1094
f 1445 1090 1101 1102
f 1441 1087 1094 1095
f 1102 1101 1117 1118
f 1095 1094 1110 1111
f 1103 1102 1118 1119
f 1096 1095 1111 1112
f 1104 1103 1119 1120
f 1097 1096 1112 1113
f 1105 1104 1120 1121
f 1098 1097 1113 1114
f 1091 1106 1107
f 1152 1105 1121
f 1099 1098 1114 1115
f 1092 1091 1107 1108
f 1100 1099 1115 1116
f 1093 1092 1108 1109
f 1101 1100 1116 1117
f 1094 1093 1109 1110
f 1107 1106 1122
f 1152 1121 1136
f 1115 1114 1129 1130
f 1108 1107 1122 1123
f 1116 1115 1130 1131
f 1109 1108 1123 1124
f 1117 1116 1131 1132
f 1110 1109 1124 1125
f 1118 1117 1132 1133
f 1111 1110 1125 1126
f 1119 1118 1133 1134
f 1112 1111 1126 1127
f 1120 1119 1134 1135
f 1113 1112 1127 1128
f 1121 1120 1135 1136
f 1114 1113 1128 1129
f 1126 1125 1140 1141
f 1134 1133 1148 1149
f 1127 1126 1141 1142
f 1135 1134 1149 1150
f 1128 1127 1142 1143
f 1136 1135 1150 1151
f 1129 1128 1143 1144
f 1122 1106 1137
f 1152 1136 1151
f 1130 1129 1144 1145
f 1123 1122 1137 1138
f 1131 1130 1145 1146
f 1124 1123 1138 1139
f 1132 1131 1146 1147
f 1125 1124 1139 1140
f 1133 1132 1147 1148
f 1145 1144 1160 1161
f 1138 1137 1153 1154
f 1146 1145 1161 1162
f 1139 1138 1154 1155
f 1147 1146 1162 1163
f 1140 1139 1155 1156
f 1148 1147 1163 1164
f 1141 1140 1156 1157
f 1149 1148 1164 1165
f 1142 1141 1157 1158
f 1150 1149 1165 1166
f 1143 1142 1158 1159
f 1151 1150 1166 1167
f 1144 1143 1159 1160
f 1137 1106 1153
f 1152 1151 1167
f 1165 1164 1179 1180
f 1158 1157 1172 1173
f 1166 1165 1180 1181
f 1159 1158 1173 1174
f 1167 1166 1181 1182
f 1160 1159 1174 1175
f 1153 1106 1168
f 1152 1167 1182
f 1161 1160 1175 1176
f 1154 1153 1168 1169
f 1162 1161 1176 1177
f 1155 1154 1169 1170
f 1163 1162 1177 1178
f 1156 1155 1170 1171
f 1164 1163 1178 1179
f 1157 1156 1171 1172
f 1169 1168 1183 1184
f 1177 1176 1191 1192
f 1170 1169 1184 1185
f 1178 1177 1192 1193
f 1171 1170 1185 1186
f 1179 1178 1193 1194
f 1172 1171 1186 1187
f 1180 1179 1194 1195
f 1173 1172 1187 1188
f 1181 1180 1195 1196
f 1174 1173 1188 1189
f 1182 1181 1196 1197
f 1175 1174 1189 1190
f 1168 1106 1183
f 1152 1182 1197
f 1176 1175 1190 1191
f 1188 1187 1202 1203
f 1196 1195 1210 1211
f 1189 1188 1203 1204
f 1197 1196 1211 1212
f 1190 1189 1204 1205
f 1183 1106 1198
f 1152 1197 1212
f 1191 1190 1205 1206
f 1184 1183 1198 1199
f 1192 1191 1206 1207
f 1185 1184 1199 1200
f 1193 1192 1207 1208
f 1186 1185 1200 1201
f 1194 1193 1208 1209
f 1187 1186 1201 1202
f 1195 1194 1209 1210
f 1207 1206 1221 1222
f 1200 1199 1214 1215
f 1208 1207 1222 1223
f 1201 1200 1215 1216
f 1209 1208 1223 1224
f 1202 1201 1216 1217
f 1210 1209 1224 1225
f 1203 1202 1217 1218
f 1211 1210 1225 1226
f 1204 1203 1218 1219
f 1212 1211 1226 1227
f 1205 1204 1219 1220
f 1198 1106 1213
f 1152 1212 1227
f 1206 1205 1220 1221
f 1199 1198 1213 1214
f 1226 1225 1240 1241
f 1219 1218 1233 1234
f 1227 1226 1241 1242
f 1220 1219 1234 1235
f 1213 1106 1228
f 1152 1227 1242
f 1221 1220 1235 1236
f 1214 1213 1228 1229
f 1222 1221 1236 1237
f 1215 1214 1229 1230
f 1223 1222 1237 1238
f 1216 1215 1230 1231
f 1224 1223 1238 1239
f 1217 1216 1231 1232
f 1225 1224 1239 1240
f 1218 1217 1232 1233
f 1238 1237 1252 1253
f 1231 1230 1245 1246
f 1239 1238 1253 1254
f 1232 1231 1246 1247
f 1240 1239 1254 1255
f 1233 1232 1247 1248
f 1241 1240 1255 1256
f 1234 1233 1248 1249
f 1242 1241 1256 1257
f 1235 1234 1249 1250
f 1228 1106 1243
f 1152 1242 1257
f 1236 1235 1250 1251
f 1229 1228 1243 1244
f 1237 1236 1251 1252
f 1230 1229 1244 1245
f 1257 1256 1271 1272
f 1250 1249 1264 1265
f 1243 1106 1258
f 1152 1257 1272
f 1251 1250 1265 1266
f 1244 1243 1258 1259
f 1252 1251 1266 1267
f 1245 1244 1259 1260
f 1253 1252 1267 1268
f 1246 1245 1260 1261
f 1254 1253 1268 1269
f 1247 1246 1261 1262
f 1255 1254 1269 1270
f 1248 1247 1262 1263
f 1256 1255 1270 1271
f 1249 1248 1263 1264
f 1261 1260 1275 1276
f 1269 1268 1283 1284
f 1262 1261 1276 1277
f 1270 1269 1284 1285
f 1263 1262 1277 1278
f 1271 1270 1285 1286
f 1264 1263 1278 1279
f 1272 1271 1286 1287
f 1265 1264 1279 1280
f 1258 1106 1273
f 1152 1272 1287
f 1266 1265 1280 1281
f 1259 1258 1273 1274
f 1267 1266 1281 1282
f 1260 1259 1274 1275
f 1268 1267 1282 1283
f 1280 1279 1294 1295
f 1273 1106 1288
f 1152 1287 1302
f 1281 1280 1295 1296
f 1274 1273 1288 1289
f 1282 1281 1296 1297
f 1275 1274 1289 1290
f 1283 1282 1297 1298
f 1276 1275 1290 1291
f 1284 1283 1298 1299
f 1277 1276 1291 1292
f 1285 1284 1299 1300
f 1278 1277 1292 1293
f 1286 1285 1300 1301
f 1279 1278 1293 1294
f 1287 1286 1301 1302
f 1299 1298 1313 1314
f 1292 1291 1306 1307
f 1300 1299 1314 1315
f 1293 1292 1307 1308
f 1301 1300 1315 1316
f 1294 1293 1308 1309
f 1302 1301 1316 1317
f 1295 1294 1309 1310
f 1288 1106 1303
f 1152 1302 1317
f 1296 1295 1310 1311
f 1289 1288 1303 1304
f 1297 1296 1311 1312
f 1290 1289 1304 1305
f 1298 1297 1312 1313
f 1291 1290 1305 1306
f 1303 1106 1318
f 1152 1317 1332
f 1311 1310 1325 1326
f 1304 1303 1318 1319
f 1312 1311 1326 1327
f 1305 1304 1319 1320
f 1313 1312 1327 1328
f 1306 1305 1320 1321
f 1314 1313 1328 1329
f 1307 1306 1321 1322
f 1315 1314 1329 1330
f 1308 1307 1322 1323
f 1316 1315 1330 1331
f 1309 1308 1323 1324
f 1317 1316 1331 1332
f 1310 1309 1324 1325
f 1322 1321 1336 1337
f 1330 1329 1344 1345
f 1323 1322 1337 1338
f 1331 1330 1345 1346
f 1324 1323 1338 1339
f 1332 1331 1346 1347
f 1325 1324 1339 1340
f 1318 1106 1333
f 1152 1332 1347
f 1326 1325 1340 1341
f 1319 1318 1333 1334
f 1327 1326 1341 1342
f 1320 1319 1334 1335
f 1328 1327 1342 1343
f 1321 1320 1335 1336
f 1329 1328 1343 1344
f 1341 1340 1355 1356
f 1334 1333 1348 1349
f 1342 1341 1356 1357
f 1335 1334 1349 1350
f 1343 1342 1357 1358
f 1336 1335 1350 1351
f 1344 1343 1358 1359
f 1337 1336 1351 1352
f 1345 1344 1359 1360
f 1338 1337 1352 1353
f 1346 1345 1360 1361
f 1339 1338 1353 1354
f 1347 1346 1361 1362
f 1340 1339 1354 1355
f 1333 1106 1348
f 1152 1347 1362
f 1360 1359 1374 1375
f 1353 1352 1367 1368
f 1361 1360 1375 1376
f 1354 1353 1368 1369
f 1362 1361 1376 1377
f 1355 1354 1369 1370
f 1348 1106 1363
f 1152 1362 1377
f 1356 1355 1370 1371
f 1349 1348 1363 1364
f 1357 1356 1371 1372
f 1350 1349 1364 1365
f 1358 1357 1372 1373
f 1351 1350 1365 1366
f 1359 1358 1373 1374
f 1352 1351 1366 1367
f 1372 1371 1386 1387
f 1365 1364 1379 1380
f 1373 1372 1387 1388
f 1366 1365 1380 1381
f 1374 1373 1388 1389
f 1367 1366 1381 1382
f 1375 1374 1389 1390
f 1368 1367 1382 1383
f 1376 1375 1390 1391
f 1369 1368 1383 1384
f 1377 1376 1391 1392
f 1370 1369 1384 1385
f 1363 1106 1378
f 1152 1377 1392
f 1371 1370 1385 1386
f 1364 1363 1378 1379
f 1391 1390 1405 1406
f 1384 1383 1398 1399
f 1392 1391 1406 1407
f 1385 1384 1399 1400
f 1378 1106 1393
f 1152 1392 1407
f 1386 1385 1400 1401
f 1379 1378 1393 1394
f 1387 1386 1401 1402
f 1380 1379 1394 1395
f 1388 1387 1402 1403
f 1381 1380 1395 1396
f 1389 1388 1403 1404
f 1382 1381 1396 1397
f 1390 1389 1404 1405
f 1383 1382 1397 1398
f 1395 1394 1409 1410
f 1403 1402 1417 1418
f 1396 1395 1410 1411
f 1404 1403 1418 1419
f 1397 1396 1411 1412
f 1405 1404 1419 1420
f 1398 1397 1412 1413
f 1406 1405 1420 1421
f 1399 1398 1413 1414
f 1407 1406 1421 1422
f 1400 1399 1414 1415
f 1393 1106 1408
f 1152 1407 1422
f 1401 1400 1415 1416
f 1394 1393 1408 1409
f 1402 1401 1416 1417
f 1414 1413 1428 1429
f 1422 1421 1436 1437
f 1415 1414 1429 1430
f 1408 1106 1423
f 1152 1422 1437
f 1416 1415 1430 1431
f 1409 1408 1423 1424
f 1417 1416 1431 1432
f 1410 1409 1424 1425
f 1418 1417 1432 1433
f 1411 1410 1425 1426
f 1419 1418 1433 1434
f 1412 1411 1426 1427
f 1420 1419 1434 1435
f 1413 1412 1427 1428
f 1421 1420 1435 1436
f 1433 1432 1444 1090
f 1426 1425 1440 1087
f 1434 1433 1090 1445
f 1427 1426 1087 1441
f 1435 1434 1445 1446
f 1428 1427 1441 1442
f 1436 1435 1446 1447
f 1429 1428 1442 1088
f 1437 1436 1447 1448
f 1430 1429 1088 1443
f 1423 1106 1438
f 1152 1437 1448
f 1431 1430 1443 1089
f 1424 1423 1438 1439
f 1432 1431 1089 1444
f 1425 1424 1439 1440
o olive_crown_4
v 4.475573 6.989403 1.886432
v 4.475573 7.011416 1.877019
v 4.475573 7.030710 1.864352
v 4.475573 7.058310 1.831307
v 4.475573 6.965518 1.692426
v 4.482002 6.964672 1.892228
v 4.488184 6.987743 1.886432
v 4.493881 7.009006 1.877019
v 4.498875 7.027642 1.864352
v 4.502973 7.042937 1.848917
v 4.506018 7.054302 1.831307
v 4.507894 7.061300 1.812199
v 4.508527 7.063663 1.792327
v 4.507894 7.061300 1.772456
v 4.506018 7.054302 1.753348
v 4.502973 7.042937 1.735738
v 4.498875 7.027642 1.720302
v 4.493881 7.009006 1.707635
v 4.488184 6.987743 1.698222
v 4.482002 6.964672 1.692426
v 4.487993 6.962191 1.892228
v 4.499935 6.982876 1.886432
v 4.510942 7.001939 1.877019
v 4.520588 7.018648 1.864352
v 4.528506 7.032361 1.848917
v 4.534389 7.042551 1.831307
v 4.538011 7.048825 1.812199
v 4.539235 7.050944 1.792327
v 4.538011 7.048825 1.772456
v 4.534389 7.042551 1.753348
v 4.528506 7.032361 1.735738
v 4.520588 7.018648 1.720302
v 4.510942 7.001939 1.707635
v 4.499935 6.982876 1.698222
v 4.487993 6.962191 1.692426
v 4.493137 6.958243 1.892228
v 4.510026 6.975132 1.886432
v 4.525591 6.990697 1.877019
v 4.539235 7.004341 1.864352
v 4.550431 7.015537 1.848917
v 4.558751 7.023857 1.831307
v 4.563874 7.028980 1.812199
v 4.565604 7.030710 1.792327
v 4.563874 7.028980 1.772456
v 4.558751 7.023857 1.753348
v 4.550431 7.015537 1.735738
v 4.539235 7.004341 1.720302
v 4.525591 6.990697 1.707635
v 4.510026 6.975132 1.698222
v 4.493137 6.958243 1.692426
v 4.475573 6.940679 1.894186
v 4.497085 6.953099 1.892228
v 4.517770 6.965041 1.886432
v 4.536833 6.976048 1.877019
v 4.553542 6.985694 1.864352
v 4.567255 6.993612 1.848917
v 4.577445 6.999495 1.831307
v 4.583719 7.003117 1.812199
v 4.585838 7.004341 1.792327
v 4.583719 7.003117 1.772456
v 4.577445 6.999495 1.753348
v 4.567255 6.993612 1.735738
v 4.553542 6.985694 1.720302
v 4.536833 6.976048 1.707635
v 4.517770 6.965041 1.698222
v 4.497085 6.953099 1.692426
v 4.499566 6.947108 1.892228
v 4.522637 6.953290 1.886432
v 4.543900 6.958987 1.877019
v 4.562536 6.963981 1.864352
v 4.577831 6.968079 1.848917
v 4.589196 6.971124 1.831307
v 4.596194 6.973000 1.812199
v 4.598557 6.973633 1.792327
v 4.596194 6.973000 1.772456
v 4.589196 6.971124 1.753348
v 4.577831 6.968079 1.735738
v 4.562536 6.963981 1.720302
v 4.543900 6.958987 1.707635
v 4.522637 6.953290 1.698222
v 4.499566 6.947108 1.692426
v 4.500412 6.940679 1.892228
v 4.524297 6.940679 1.886432
v 4.546310 6.940679 1.877019
v 4.565604 6.940679 1.864352
v 4.581438 6.940679 1.848917
v 4.593204 6.940679 1.831307
v 4.600450 6.940679 1.812199
v 4.602896 6.940679 1.792327
v 4.600450 6.940679 1.772456
v 4.593204 6.940679 1.753348
v 4.581438 6.940679 1.735738
v 4.565604 6.940679 1.720302
v 4.546310 6.940679 1.707635
v 4.524297 6.940679 1.698222
v 4.500412 6.940679 1.692426
v 4.499566 6.934250 1.892228
v 4.522637 6.928068 1.886432
v 4.543900 6.922371 1.877019
v 4.562536 6.917377 1.864352
v 4.577831 6.913279 1.848917
v 4.589196 6.910234 1.831307
v 4.596194 6.908359 1.812199
v 4.598557 6.907725 1.792327
v 4.596194 6.908359 1.772456
v 4.589196 6.910234 1.753348
v 4.577831 6.913279 1.735738
v 4.562536 6.917377 1.720302
v 4.543900 6.922371 1.707635
v 4.522637 6.928068 1.698222
v 4.499566 6.934250 1.692426
v 4.497085 6.928259 1.892228
v 4.517770 6.916317 1.886432
v 4.536833 6.905311 1.877019
v 4.553542 6.895664 1.864352
v 4.567255 6.887746 1.848917
v 4.577445 6.881864 1.831307
v 4.583719 6.878241 1.812199
v 4.585838 6.877017 1.792327
v 4.583719 6.878241 1.772456
v 4.577445 6.881864 1.753348
v 4.567255 6.887746 1.735738
v 4.553542 6.895664 1.720302
v 4.536833 6.905311 1.707635
v 4.517770 6.916317 1.698222
v 4.497085 6.928259 1.692426
v 4.493137 6.923115 1.892228
v 4.510026 6.906226 1.886432
v 4.525591 6.890661 1.877019
v 4.539235 6.877017 1.864352
v 4.550431 6.865821 1.848917
v 4.558751 6.857502 1.831307
v 4.563874 6.852378 1.812199
v 4.565604 6.850648 1.792327
v 4.563874 6.852378 1.772456
v 4.558751 6.857502 1.753348
v 4.550431 6.865821 1.735738
v 4.539235 6.877017 1.720302
v 4.525591 6.890661 1.707635
v 4.510026 6.906226 1.698222
v 4.493137 6.923115 1.692426
v 4.487993 6.919168 1.892228
v 4.499935 6.898482 1.886432
v 4.510942 6.879419 1.877019
v 4.520588 6.862710 1.864352
v 4.528506 6.848997 1.848917
v 4.534389 6.838808 1.831307
v 4.538011 6.832533 1.812199
v 4.539235 6.830414 1.792327
v 4.538011 6.832533 1.772456
v 4.534389 6.838808 1.753348
v 4.528506 6.848997 1.735738
v 4.520588 6.862710 1.720302
v 4.510942 6.879419 1.707635
v 4.499935 6.898482 1.698222
v 4.487993 6.919168 1.692426
v 4.482002 6.916686 1.892228
v 4.488184 6.893615 1.886432
v 4.493881 6.872353 1.877019
v 4.498875 6.853716 1.864352
v 4.502973 6.838421 1.848917
v 4.506018 6.827056 1.831307
v 4.507894 6.820058 1.812199
v 4.508527 6.817695 1.792327
v 4.507894 6.820058 1.772456
v 4.506018 6.827056 1.753348
v 4.502973 6.838421 1.735738
v 4.498875 6.853716 1.720302
v 4.493881 6.872353 1.707635
v 4.488184 6.893615 1.698222
v 4.482002 6.916686 1.692426
v 4.475573 6.915840 1.892228
v 4.475573 6.891955 1.886432
v 4.475573 6.869942 1.877019
v 4.475573 6.850648 1.864352
v 4.475573 6.834814 1.848917
v 4.475573 6.823048 1.831307
v 4.475573 6.815803 1.812199
v 4.475573 6.813356 1.792327
v 4.475573 6.815803 1.772456
v 4.475573 6.823048 1.753348
v 4.475573 6.834814 1.735738
v 4.475573 6.850648 1.720302
v 4.475573 6.869942 1.707635
v 4.475573 6.891955 1.698222
v 4.475573 6.915840 1.692426
v 4.469144 6.916686 1.892228
v 4.462962 6.893615 1.886432
v 4.457265 6.872353 1.877019
v 4.452271 6.853716 1.864352
v 4.448173 6.838421 1.848917
v 4.445128 6.827056 1.831307
v 4.443253 6.820058 1.812199
v 4.442619 6.817695 1.792327
v 4.443253 6.820058 1.772456
v 4.445128 6.827056 1.753348
v 4.448173 6.838421 1.735738
v 4.452271 6.853716 1.720302
v 4.457265 6.872353 1.707635
v 4.462962 6.893615 1.698222
v 4.469144 6.916686 1.692426
v 4.475573 6.940679 1.690469
v 4.463153 6.919168 1.892228
v 4.451211 6.898482 1.886432
v 4.440205 6.879419 1.877019
v 4.430558 6.862710 1.864352
v 4.422640 6.848997 1.848917
v 4.416758 6.838808 1.831307
v 4.413135 6.832533 1.812199
v 4.411911 6.830414 1.792327
v 4.413135 6.832533 1.772456
v 4.416758 6.838808 1.753348
v 4.422640 6.848997 1.735738
v 4.430558 6.862710 1.720302
v 4.440205 6.879419 1.707635
v 4.451211 6.898482 1.698222
v 4.463153 6.919168 1.692426
v 4.458009 6.923115 1.892228
v 4.441120 6.906226 1.886432
v 4.425555 6.890661 1.877019
v 4.411911 6.877017 1.864352
v 4.400715 6.865821 1.848917
v 4.392395 6.857502 1.831307
v 4.387272 6.852378 1.812199
v 4.385542 6.850648 1.792327
v 4.387272 6.852378 1.772456
v 4.392395 6.857502 1.753348
v 4.400715 6.865821 1.735738
v 4.411911 6.877017 1.720302
v 4.425555 6.890661 1.707635
v 4.441120 6.906226 1.698222
v 4.458009 6.923115 1.692426
v 4.454062 6.928259 1.892228
v 4.433376 6.916317 1.886432
v 4.414313 6.905311 1.877019
v 4.397604 6.895664 1.864352
v 4.383891 6.887746 1.848917
v 4.373702 6.881864 1.831307
v 4.367427 6.878241 1.812199
v 4.365308 6.877017 1.792327
v 4.367427 6.878241 1.772456
v 4.373702 6.881864 1.753348
v 4.383891 6.887746 1.735738
v 4.397604 6.895664 1.720302
v 4.414313 6.905311 1.707635
v 4.433376 6.916317 1.698222
v 4.454062 6.928259 1.692426
v 4.451580 6.934250 1.892228
v 4.428509 6.928068 1.886432
v 4.407247 6.922371 1.877019
v 4.388610 6.917377 1.864352
v 4.373315 6.913279 1.848917
v 4.361950 6.910234 1.831307
v 4.354952 6.908359 1.812199
v 4.352589 6.907725 1.792327
v 4.354952 6.908359 1.772456
v 4.361950 6.910234 1.753348
v 4.373315 6.913279 1.735738
v 4.388610 6.917377 1.720302
v 4.407247 6.922371 1.707635
v 4.428509 6.928068 1.698222
v 4.451580 6.934250 1.692426
v 4.450734 6.940679 1.892228
v 4.426849 6.940679 1.886432
v 4.404836 6.940679 1.877019
v 4.385542 6.940679 1.864352
v 4.369708 6.940679 1.848917
v 4.357942 6.940679 1.831307
v 4.350697 6.940679 1.812199
v 4.348250 6.940679 1.792327
v 4.350697 6.940679 1.772456
v 4.357942 6.940679 1.753348
v 4.369708 6.940679 1.735738
v 4.385542 6.940679 1.720302
v 4.404836 6.940679 1.707635
v 4.426849 6.940679 1.698222
v 4.450734 6.940679 1.692426
v 4.451580 6.947108 1.892228
v 4.428509 6.953290 1.886432
v 4.407247 6.958987 1.877019
v 4.388610 6.963981 1.864352
v 4.373315 6.968079 1.848917
v 4.361950 6.971124 1.831307
v 4.354952 6.973000 1.812199
v 4.352589 6.973633 1.792327
v 4.354952 6.973000 1.772456
v 4.361950 6.971124 1.753348
v 4.373315 6.968079 1.735738
v 4.388610 6.963981 1.720302
v 4.407247 6.958987 1.707635
v 4.428509 6.953290 1.698222
v 4.451580 6.947108 1.692426
v 4.454062 6.953099 1.892228
v 4.433376 6.965041 1.886432
v 4.414313 6.976048 1.877019
v 4.397604 6.985694 1.864352
v 4.383891 6.993612 1.848917
v 4.373702 6.999495 1.831307
v 4.367427 7.003117 1.812199
v 4.365308 7.004341 1.792327
v 4.367427 7.003117 1.772456
v 4.373702 6.999495 1.753348
v 4.383891 6.993612 1.735738
v 4.397604 6.985694 1.720302
v 4.414313 6.976048 1.707635
v 4.433376 6.965041 1.698222
v 4.454062 6.953099 1.692426
v 4.458009 6.958243 1.892228
v 4.441120 6.975132 1.886432
v 4.425555 6.990697 1.877019
v 4.411911 7.004341 1.864352
v 4.400715 7.015537 1.848917
v 4.392395 7.023857 1.831307
v 4.387272 7.028980 1.812199
v 4.385542 7.030710 1.792327
v 4.387272 7.028980 1.772456
v 4.392395 7.023857 1.753348
v 4.400715 7.015537 1.735738
v 4.411911 7.004341 1.720302
v 4.425555 6.990697 1.707635
v 4.441120 6.975132 1.698222
v 4.458009 6.958243 1.692426
v 4.463153 6.962191 1.892228
v 4.451211 6.982876 1.886432
v 4.440205 7.001939 1.877019
v 4.430558 7.018648 1.864352
v 4.422640 7.032361 1.848917
v 4.416758 7.042551 1.831307
v 4.413135 7.048825 1.812199
v 4.411911 7.050944 1.792327
v 4.413135 7.048825 1.772456
v 4.416758 7.042551 1.753348
v 4.422640 7.032361 1.735738
v 4.430558 7.018648 1.720302
v 4.440205 7.001939 1.707635
v 4.451211 6.982876 1.698222
v 4.463153 6.962191 1.692426
v 4.469144 6.964672 1.892228
v 4.462962 6.987743 1.886432
v 4.457265 7.009006 1.877019
v 4.452271 7.027642 1.864352
v 4.448173 7.042937 1.848917
v 4.445128 7.054302 1.831307
v 4.443253 7.061300 1.812199
v 4.442619 7.063663 1.792327
v 4.443253 7.061300 1.772456
v 4.445128 7.054302 1.753348
v 4.448173 7.042937 1.735738
v 4.452271 7.027642 1.720302
v 4.457265 7.009006 1.707635
v 4.462962 6.987743 1.698222
v 4.469144 6.964672 1.692426
v 4.475573 6.965518 1.892228
v 4.475573 7.046544 1.848917
v 4.475573 7.065556 1.812199
v 4.475573 7.068002 1.792327
v 4.475573 7.065556 1.772456
v 4.475573 7.058310 1.753348
v 4.475573 7.046544 1.735738
v 4.475573 7.030710 1.720302
v 4.475573 7.011416 1.707635
v 4.475573 6.989403 1.698222
s 1
f 1806 1805 1462 1463
f 1450 1449 1455 1456
f 1807 1806 1463 1464
f 1451 1450 1456 1457
f 1808 1807 1464 1465
f 1802 1451 1457 1458
f 1809 1808 1465 1466
f 1452 1802 1458 1459
f 1810 1809 1466 1467
f 1803 1452 1459 1460
f 1453 1810 1467 1468
f 1804 1803 1460 1461
f 1801 1499 1454
f 1650 1453 1468
f 1805 1804 1461 1462
f 1449 1801 1454 1455
f 1462 1461 1476 1477
f 1455 1454 1469 1470
f 1463 1462 1477 1478
f 1456 1455 1470 1471
f 1464 1463 1478 1479
f 1457 1456 1471 1472
f 1465 1464 1479 1480
f 1458 1457 1472 1473
f 1466 1465 1480 1481
f 1459 1458 1473 1474
f 1467 1466 1481 1482
f 1460 1459 1474 1475
f 1468 1467 1482 1483
f 1461 1460 1475 1476
f 1454 1499 1469
f 1650 1468 1483
f 1481 1480 1495 1496
f 1474 1473 1488 1489
f 1482 1481 1496 1497
f 1475 1474 1489 1490
f 1483 1482 1497 1498
f 1476 1475 1490 1491
f 1469 1499 1484
f 1650 1483 1498
f 1477 1476 1491 1492
f 1470 1469 1484 1485
f 1478 1477 1492 1493
f 1471 1470 1485 1486
f 1479 1478 1493 1494
f 1472 1471 1486 1487
f 1480 1479 1494 1495
f 1473 1472 1487 1488
f 1485 1484 1500 1501
f 1493 1492 1508 1509
f 1486 1485 1501 1502
f 1494 1493 1509 1510
f 1487 1486 1502 1503
f 1495 1494 1510 1511
f 1488 1487 1503 1504
f 1496 1495 1511 1512
f 1489 1488 1504 1505
f 1497 1496 1512 1513
f 1490 1489 1505 1506
f 1498 1497 1513 1514
f 1491 1490 1506 1507
f 1484 1499 1500
f 1650 1498 1514
f 1492 1491 1507 1508
f 1505 1504 1519 1520
f 1513 1512 1527 1528
f 1506 1505 1520 1521
f 1514 1513 1528 1529
f 1507 1506 1521 1522
f 1500 1499 1515
f 1650 1514 1529
f 1508 1507 1522 1523
f 1501 1500 1515 1516
f 1509 1508 1523 1524
f 1502 1501 1516 1517
f 1510 1509 1524 1525
f 1503 1502 1517 1518
f 1511 1510 1525 1526
f 1504 1503 1518 1519
f 1512 1511 1526 1527
f 1524 1523 1538 1539
f 1517 1516 1531 1532
f 1525 1524 1539 1540
f 1518 1517 1532 1533
f 1526 1525 1540 1541
f 1519 1518 1533 1534
f 1527 1526 1541 1542
f 1520 1519 1534 1535
f 1528 1527 1542 1543
f 1521 1520 1535 1536
f 1529 1528 1543 1544
f 1522 1521 1536 1537
f 1515 1499 1530
f 1650 1529 1544
f 1523 1522 1537 1538
f 1516 1515 1530 1531
f 1543 1542 1557 1558
f 1536 1535 1550 1551
f 1544 1543 1558 1559
f 1537 1536 1551 1552
f 1530 1499 1545
f 1650 1544 1559
f 1538 1537 1552 1553
f 1531 1530 1545 1546
f 1539 1538 1553 1554
f 1532 1531 1546 1547
f 1540 1539 1554 1555
f 1533 1532 1547 1548
f 1541 1540 1555 1556
f 1534 1533 1548 1549
f 1542 1541 1556 1557
f 1535 1534 1549 1550
f 1555 1554 1569 1570
f 1548 1547 1562 1563
f 1556 1555 1570 1571
f 1549 1548 1563 1564
f 1557 1556 1571 1572
f 1550 1549 1564 1565
f 1558 1557 1572 1573
f 1551 1550 1565 1566
f 1559 1558 1573 1574
f 1552 1551 1566 1567
f 1545 1499 1560
f 1650 1559 1574
f 1553 1552 1567 1568
f 1546 1545 1560 1561
f 1554 1553 1568 1569
f 1547 1546 1561 1562
f 1574 1573 1588 1589
f 1567 1566 1581 1582
f 1560 1499 1575
f 1650 1574 1589
f 1568 1567 1582 1583
f 1561 1560 1575 1576
f 1569 1568 1583 1584
f 1562 1561 1576 1577
f 1570 1569 1584 1585
f 1563 1562 1577 1578
f 1571 1570 1585 1586
f 1564 1563 1578 1579
f 1572 1571 1586 1587
f 1565 1564 1579 1580
f 1573 1572 1587 1588
f 1566 1565 1580 1581
f 1578 1577 1592 1593
f 1586 1585 1600 1601
f 1579 1578 1593 1594
f 1587 1586 1601 1602
f 1580 1579 1594 1595
f 1588 1587 1602 1603
f 1581 1580 1595 1596
f 1589 1588 1603 1604
f 1582 1581 1596 1597
f 1575 1499 1590
f 1650 1589 1604
f 1583 1582 1597 1598
f 1576 1575 1590 1591
f 1584 1583 1598 1599
f 1577 1576 1591 1592
f 1585 1584 1599 1600
f 1597 1596 1611 1612
f 1590 1499 1605
f 1650 1604 1619
f 1598 1597 1612 1613
f 1591 1590 1605 1606
f 1599 1598 1613 1614
f 1592 1591 1606 1607
f 1600 1599 1614 1615
f 1593 1592 1607 1608
f 1601 1600 1615 1616
f 1594 1593 1608 1609
f 1602 1601 1616 1617
f 1595 1594 1609 1610
f 1603 1602 1617 1618
f 1596 1595 1610 1611
f 1604 1603 1618 1619
f 1616 1615 1630 1631
f 1609 1608 1623 1624
f 1617 1616 1631 1632
f 1610 1609 1624 1625
f 1618 1617 1632 1633
f 1611 1610 1625 1626
f 1619 1618 1633 1634
f 1612 1611 1626 1627
f 1605 1499 1620
f 1650 1619 1634
f 1613 1612 1627 1628
f 1606 1605 1620 1621
f 1614 1613 1628 1629
f 1607 1606 1621 1622
f 1615 1614 1629 1630
f 1608 1607 1622 1623
f 1620 1499 1635
f 1650 1634 1649
f 1628 1627 1642 1643
f 1621 1620 1635 1636
f 1629 1628 1643 1644
f 1622 1621 1636 1637
f 1630 1629 1644 1645
f 1623 1622 1637 1638
f 1631 1630 1645 1646
f 1624 1623 1638 1639
f 1632 1631 1646 1647
f 1625 1624 1639 1640
f 1633 1632 1647 1648
f 1626 1625 1640 1641
f 1634 1633 1648 1649
f 1627 1626 1641 1642
f 1639 1638 1654 1655
f 1647 1646 1662 1663
f 1640 1639 1655 1656
f 1648 1647 1663 1664
f 1641 1640 1656 1657
f 1649 1648 1664 1665
f 1642 1641 1657 1658
f 1635 1499 1651
f 1650 1649 1665
f 1643 1642 1658 1659
f 1636 1635 1651 1652
f 1644 1643 1659 1660
f 1637 1636 1652 1653
f 1645 1644 1660 1661
f 1638 1637 1653 1654
f 1646 1645 1661 1662
f 1659 1658 1673 1674
f 1652 1651 1666 1667
f 1660 1659 1674 1675
f 1653 1652 1667 1668
f 1661 1660 1675 1676
f 1654 1653 1668 1669
f 1662 1661 1676 1677
f 1655 1654 1669 1670
f 1663 1662 1677 1678
f 1656 1655 1670 1671
f 1664 1663 1678 1679
f 1657 1656 1671 1672
f 1665 1664 1679 1680
f 1658 1657 1672 1673
f 1651 1499 1666
f 1650 1665 1680
f 1678 1677 1692 1693
f 1671 1670 1685 1686
f 1679 1678 1693 1694
f 1672 1671 1686 1687
f 1680 1679 1694 1695
f 1673 1672 1687 1688
f 1666 1499 1681
f 1650 1680 1695
f 1674 1673 1688 1689
f 1667 1666 1681 1682
f 1675 1674 1689 1690
f 1668 1667 1682 1683
f 1676 1675 1690 1691
f 1669 1668 1683 1684
f 1677 1676 1691 1692
f 1670 1669 1684 1685
f 1690 1689 1704 1705
f 1683 1682 1697 1698
f 1691 1690 1705 1706
f 1684 1683 1698 1699
f 1692 1691 1706 1707
f 1685 1684 1699 1700
f 1693 1692 1707 1708
f 1686 1685 1700 1701
f 1694 1693 1708 1709
f 1687 1686 1701 1702
f 1695 1694 1709 1710
f 1688 1687 1702 1703
f 1681 1499 1696
f 1650 1695 1710
f 1689 1688 1703 1704
f 1682 1681 1696 1697
f 1709 1708 1723 1724
f 1702 1701 1716 1717
f 1710 1709 1724 1725
f 1703 1702 1717 1718
f 1696 1499 1711
f 1650 1710 1725
f 1704 1703 1718 1719
f 1697 1696 1711 1712
f 1705 1704 1719 1720
f 1698 1697 1712 1713
f 1706 1705 1720 1721
f 1699 1698 1713 1714
f 1707 1706 1721 1722
f 1700 1699 1714 1715
f 1708 1707 1722 1723
f 1701 1700 1715 1716
f 1713 1712 1727 1728
f 1721 1720 1735 1736
f 1714 1713 1728 1729
f 1722 1721 1736 1737
f 1715 1714 1729 1730
f 1723 1722 1737 1738
f 1716 1715 1730 1731
f 1724 1723 1738 1739
f 1717 1716 1731 1732
f 1725 1724 1739 1740
f 1718 1717 1732 1733
f 1711 1499 1726
f 1650 1725 1740
f 1719 1718 1733 1734
f 1712 1711 1726 1727
f 1720 1719 1734 1735
f 1732 1731 1746 1747
f 1740 1739 1754 1755
f 1733 1732 1747 1748
f 1726 1499 1741
f 1650 1740 1755
f 1734 1733 1748 1749
f 1727 1726 1741 1742
f 1735 1734 1749 1750
f 1728 1727 1742 1743
f 1736 1735 1750 1751
f 1729 1728 1743 1744
f 1737 1736 1751 1752
f 1730 1729 1744 1745
f 1738 1737 1752 1753
f 1731 1730 1745 1746
f 1739 1738 1753 1754
f 1751 1750 1765 1766
f 1744 1743 1758 1759
f 1752 1751 1766 1767
f 1745 1744 1759 1760
f 1753 1752 1767 1768
f 1746 1745 1760 1761
f 1754 1753 1768 1769
f 1747 1746 1761 1762
f 1755 1754 1769 1770
f 1748 1747 1762 1763
f 1741 1499 1756
f 1650 1755 1770
f 1749 1748 1763 1764
f 1742 1741 1756 1757
f 1750 1749 1764 1765
f 1743 1742 1757 1758
f 1770 1769 1784 1785
f 1763 1762 1777 1778
f 1756 1499 1771
f 1650 1770 1785
f 1764 1763 1778 1779
f 1757 1756 1771 1772
f 1765 1764 1779 1780
f 1758 1757 1772 1773
f 1766 1765 1780 1781
f 1759 1758 1773 1774
f 1767 1766 1781 1782
f 1760 1759 1774 1775
f 1768 1767 1782 1783
f 1761 1760 1775 1776
f 1769 1768 1783 1784
f 1762 1761 1776 1777
f 1774 1773 1788 1789
f 1782 1781 1796 1797
f 1775 1774 1789 1790
f 1783 1782 1797 1798
f 1776 1775 1790 1791
f 1784 1783 1798 1799
f 1777 1776 1791 1792
f 1785 1784 1799 1800
f 1778 1777 1792 1793
f 1771 1499 1786
f 1650 1785 1800
f 1779 1778 1793 1794
f 1772 1771 1786 1787
f 1780 1779 1794 1795
f 1773 1772 1787 1788
f 1781 1780 1795 1796
f 1793 1792 1803 1804
f 1786 1499 1801
f 1650 1800 1453
f 1794 1793 1804 1805
f 1787 1786 1801 1449
f 1795 1794 1805 1806
f 1788 1787 1449 1450
f 1796 1795 1806 1807
f 1789 1788 1450 1451
f 1797 1796 1807 1808
f 1790 1789 1451 1802
f 1798 1797 1808 1809
f 1791 1790 1802 1452
f 1799 1798 1809 1810
f 1792 1791 1452 1803
f 1800 1799 1810 1453
o olive_crown_5
v 4.342598 7.113180 1.786643
v 4.342598 7.154737 1.706381
v 4.342598 7.152010 1.684237
v 4.342598 7.143936 1.662944
v 4.349762 7.039590 1.817707
v 4.356651 7.065300 1.811248
v 4.362999 7.088994 1.800759
v 4.368565 7.109761 1.786643
v 4.373131 7.126805 1.769442
v 4.376525 7.139470 1.749818
v 4.378614 7.147269 1.728525
v 4.379320 7.149902 1.706381
v 4.378614 7.147269 1.684237
v 4.376525 7.139470 1.662944
v 4.373131 7.126805 1.643320
v 4.368565 7.109761 1.626120
v 4.362999 7.088994 1.612004
v 4.356651 7.065300 1.601515
v 4.349762 7.039590 1.595056
v 4.356438 7.036825 1.817707
v 4.369746 7.059875 1.811248
v 4.382011 7.081119 1.800759
v 4.392761 7.099739 1.786643
v 4.401584 7.115020 1.769442
v 4.408140 7.126374 1.749818
v 4.412177 7.133367 1.728525
v 4.413539 7.135728 1.706381
v 4.412177 7.133367 1.684237
v 4.408140 7.126374 1.662944
v 4.401584 7.115020 1.643320
v 4.392761 7.099739 1.626120
v 4.382011 7.081119 1.612004
v 4.369746 7.059875 1.601515
v 4.356438 7.036825 1.595056
v 4.362171 7.032426 1.817707
v 4.380991 7.051247 1.811248
v 4.398336 7.068592 1.800759
v 4.413539 7.083795 1.786643
v 4.426016 7.096272 1.769442
v 4.435288 7.105543 1.749818
v 4.440997 7.111252 1.728525
v 4.442924 7.113180 1.706381
v 4.440997 7.111252 1.684237
v 4.435288 7.105543 1.662944
v 4.426016 7.096272 1.643320
v 4.413539 7.083795 1.626120
v 4.398336 7.068592 1.612004
v 4.380991 7.051247 1.601515
v 4.362171 7.032426 1.595056
v 4.366570 7.026693 1.817707
v 4.389620 7.040001 1.811248
v 4.410863 7.052266 1.800759
v 4.429483 7.063016 1.786643
v 4.444765 7.071839 1.769442
v 4.456119 7.078395 1.749818
v 4.463111 7.082432 1.728525
v 4.465473 7.083795 1.706381
v 4.463111 7.082432 1.684237
v 4.456119 7.078395 1.662944
v 4.444765 7.071839 1.643320
v 4.429483 7.063016 1.626120
v 4.410863 7.052266 1.612004
v 4.389620 7.040001 1.601515
v 4.366570 7.026693 1.595056
v 4.369335 7.020017 1.817707
v 4.395044 7.026906 1.811248
v 4.418738 7.033255 1.800759
v 4.439506 7.038820 1.786643
v 4.456550 7.043386 1.769442
v 4.469214 7.046780 1.749818
v 4.477014 7.048870 1.728525
v 4.479647 7.049575 1.706381
v 4.477014 7.048870 1.684237
v 4.469214 7.046780 1.662944
v 4.456550 7.043386 1.643320
v 4.439506 7.038820 1.626120
v 4.418738 7.033255 1.612004
v 4.395044 7.026906 1.601515
v 4.369335 7.020017 1.595056
v 4.370278 7.012853 1.817707
v 4.396894 7.012853 1.811248
v 4.421424 7.012853 1.800759
v 4.442924 7.012853 1.786643
v 4.460570 7.012853 1.769442
v 4.473681 7.012853 1.749818
v 4.481755 7.012853 1.728525
v 4.484481 7.012853 1.706381
v 4.481755 7.012853 1.684237
v 4.473681 7.012853 1.662944
v 4.460570 7.012853 1.643320
v 4.442924 7.012853 1.626120
v 4.421424 7.012853 1.612004
v 4.396894 7.012853 1.601515
v 4.370278 7.012853 1.595056
v 4.369335 7.005689 1.817707
v 4.395044 6.998800 1.811248
v 4.418738 6.992452 1.800759
v 4.439506 6.986887 1.786643
v 4.456550 6.982320 1.769442
v 4.469214 6.978926 1.749818
v 4.477014 6.976837 1.728525
v 4.479647 6.976131 1.706381
v 4.477014 6.976837 1.684237
v 4.469214 6.978926 1.662944
v 4.456550 6.982320 1.643320
v 4.439506 6.986887 1.626120
v 4.418738 6.992452 1.612004
v 4.395044 6.998800 1.601515
v 4.369335 7.005689 1.595056
v 4.366570 6.999013 1.817707
v 4.389620 6.985705 1.811248
v 4.410863 6.973440 1.800759
v 4.429483 6.962690 1.786643
v 4.444765 6.953867 1.769442
v 4.456119 6.947311 1.749818
v 4.463111 6.943274 1.728525
v 4.465473 6.941912 1.706381
v 4.463111 6.943274 1.684237
v 4.456119 6.947311 1.662944
v 4.444765 6.953867 1.643320
v 4.429483 6.962690 1.626120
v 4.410863 6.973440 1.612004
v 4.389620 6.985705 1.601515
v 4.366570 6.999013 1.595056
v 4.362171 6.993280 1.817707
v 4.380991 6.974460 1.811248
v 4.398336 6.957115 1.800759
v 4.413539 6.941912 1.786643
v 4.426016 6.929435 1.769442
v 4.435287 6.920163 1.749818
v 4.440997 6.914454 1.728525
v 4.442924 6.912527 1.706381
v 4.440997 6.914454 1.684237
v 4.435287 6.920163 1.662944
v 4.426016 6.929435 1.643320
v 4.413539 6.941912 1.626120
v 4.398336 6.957115 1.612004
v 4.380991 6.974460 1.601515
v 4.362171 6.993280 1.595056
v 4.356438 6.988882 1.817707
v 4.369746 6.965831 1.811248
v 4.382011 6.944588 1.800759
v 4.392761 6.925968 1.786643
v 4.401584 6.910686 1.769442
v 4.408140 6.899332 1.749818
v 4.412177 6.892340 1.728525
v 4.413539 6.889978 1.706381
v 4.412177 6.892340 1.684237
v 4.408140 6.899332 1.662944
v 4.401584 6.910686 1.643320
v 4.392761 6.925968 1.626120
v 4.382011 6.944588 1.612004
v 4.369746 6.965831 1.601515
v 4.356438 6.988882 1.595056
v 4.349762 6.986116 1.817707
v 4.356651 6.960407 1.811248
v 4.362999 6.936713 1.800759
v 4.368565 6.915945 1.786643
v 4.373131 6.898901 1.769442
v 4.376525 6.886237 1.749818
v 4.378614 6.878438 1.728525
v 4.379320 6.875804 1.706381
v 4.378614 6.878438 1.684237
v 4.376525 6.886237 1.662944
v 4.373131 6.898901 1.643320
v 4.368565 6.915945 1.626120
v 4.362999 6.936713 1.612004
v 4.356651 6.960407 1.601515
v 4.349762 6.986116 1.595056
v 4.342598 6.985173 1.817707
v 4.342598 6.958557 1.811248
v 4.342598 6.934027 1.800759
v 4.342598 6.912527 1.786643
v 4.342598 6.894881 1.769442
v 4.342598 6.881770 1.749818
v 4.342598 6.873696 1.728525
v 4.342598 6.870970 1.706381
v 4.342598 6.873696 1.684237
v 4.342598 6.881770 1.662944
v 4.342598 6.894881 1.643320
v 4.342598 6.912527 1.626120
v 4.342598 6.934027 1.612004
v 4.342598 6.958557 1.601515
v 4.342598 6.985173 1.595056
v 4.342598 7.012853 1.819888
v 4.335434 6.986116 1.817707
v 4.328545 6.960407 1.811248
v 4.322196 6.936713 1.800759
v 4.316631 6.915945 1.786643
v 4.312065 6.898901 1.769442
v 4.308671 6.886237 1.749818
v 4.306581 6.878438 1.728525
v 4.305876 6.875804 1.706381
v 4.306581 6.878438 1.684237
v 4.308671 6.886237 1.662944
v 4.312065 6.898901 1.643320
v 4.316631 6.915945 1.626120
v 4.322196 6.936713 1.612004
v 4.328545 6.960407 1.601515
v 4.335434 6.986116 1.595056
v 4.342598 7.012853 1.592875
v 4.328758 6.988882 1.817707
v 4.315450 6.965831 1.811248
v 4.303185 6.944588 1.800759
v 4.292435 6.925968 1.786643
v 4.283612 6.910686 1.769442
v 4.277056 6.899332 1.749818
v 4.273019 6.892340 1.728525
v 4.271657 6.889978 1.706381
v 4.273019 6.892340 1.684237
v 4.277056 6.899332 1.662944
v 4.283612 6.910686 1.643320
v 4.292435 6.925968 1.626120
v 4.303185 6.944588 1.612004
v 4.315450 6.965831 1.601515
v 4.328758 6.988882 1.595056
v 4.323025 6.993280 1.817707
v 4.304204 6.974460 1.811248
v 4.286860 6.957115 1.800759
v 4.271657 6.941912 1.786643
v 4.259180 6.929435 1.769442
v 4.249908 6.920164 1.749818
v 4.244199 6.914454 1.728525
v 4.242271 6.912527 1.706381
v 4.244199 6.914454 1.684237
v 4.249908 6.920164 1.662944
v 4.259180 6.929435 1.643320
v 4.271657 6.941912 1.626120
v 4.286860 6.957115 1.612004
v 4.304204 6.974460 1.601515
v 4.323025 6.993280 1.595056
v 4.318626 6.999013 1.817707
v 4.295576 6.985705 1.811248
v 4.274333 6.973440 1.800759
v 4.255713 6.962690 1.786643
v 4.240431 6.953867 1.769442
v 4.229077 6.947311 1.749818
v 4.222085 6.943274 1.728525
v 4.219723 6.941912 1.706381
v 4.222085 6.943274 1.684237
v 4.229077 6.947311 1.662944
v 4.240431 6.953867 1.643320
v 4.255713 6.962690 1.626120
v 4.274333 6.973440 1.612004
v 4.295576 6.985705 1.601515
v 4.318626 6.999013 1.595056
v 4.315861 7.005689 1.817707
v 4.290152 6.998800 1.811248
v 4.266458 6.992452 1.800759
v 4.245690 6.986887 1.786643
v 4.228646 6.982320 1.769442
v 4.215981 6.978926 1.749818
v 4.208183 6.976837 1.728525
v 4.205549 6.976131 1.706381
v 4.208183 6.976837 1.684237
v 4.215981 6.978926 1.662944
v 4.228646 6.982320 1.643320
v 4.245690 6.986887 1.626120
v 4.266458 6.992452 1.612004
v 4.290152 6.998800 1.601515
v 4.315861 7.005689 1.595056
v 4.314918 7.012853 1.817707
v 4.288301 7.012853 1.811248
v 4.263772 7.012853 1.800759
v 4.242271 7.012853 1.786643
v 4.224626 7.012853 1.769442
v 4.211515 7.012853 1.749818
v 4.203441 7.012853 1.728525
v 4.200715 7.012853 1.706381
v 4.203441 7.012853 1.684237
v 4.211515 7.012853 1.662944
v 4.224626 7.012853 1.643320
v 4.242271 7.012853 1.626120
v 4.263772 7.012853 1.612004
v 4.288301 7.012853 1.601515
v 4.314918 7.012853 1.595056
v 4.315861 7.020017 1.817707
v 4.290152 7.026906 1.811248
v 4.266458 7.033255 1.800759
v 4.245690 7.038820 1.786643
v 4.228646 7.043386 1.769442
v 4.215981 7.046780 1.749818
v 4.208183 7.048870 1.728525
v 4.205549 7.049575 1.706381
v 4.208183 7.048870 1.684237
v 4.215981 7.046780 1.662944
v 4.228646 7.043386 1.643320
v 4.245690 7.038820 1.626120
v 4.266458 7.033255 1.612004
v 4.290152 7.026906 1.601515
v 4.315861 7.020017 1.595056
v 4.318626 7.026693 1.817707
v 4.295576 7.040001 1.811248
v 4.274333 7.052266 1.800759
v 4.255713 7.063016 1.786643
v 4.240431 7.071839 1.769442
v 4.229077 7.078395 1.749818
v 4.222085 7.082432 1.728525
v 4.219724 7.083795 1.706381
v 4.222085 7.082432 1.684237
v 4.229077 7.078395 1.662944
v 4.240431 7.071839 1.643320
v 4.255713 7.063016 1.626120
v 4.274333 7.052266 1.612004
v 4.295576 7.040001 1.601515
v 4.318626 7.026693 1.595056
v 4.323025 7.032426 1.817707
v 4.304204 7.051247 1.811248
v 4.286860 7.068592 1.800759
v 4.271657 7.083795 1.786643
v 4.259180 7.096272 1.769442
v 4.249908 7.105543 1.749818
v 4.244199 7.111252 1.728525
v 4.242271 7.113180 1.706381
v 4.244199 7.111252 1.684237
v 4.249908 7.105543 1.662944
v 4.259180 7.096272 1.643320
v 4.271657 7.083795 1.626120
v 4.286860 7.068592 1.612004
v 4.304204 7.051247 1.601515
v 4.323025 7.032426 1.595056
v 4.328758 7.036825 1.817707
v 4.315450 7.059875 1.811248
v 4.303185 7.081119 1.800759
v 4.292435 7.099739 1.786643
v 4.283612 7.115020 1.769442
v 4.277056 7.126374 1.749818
v 4.273019 7.133367 1.728525
v 4.271657 7.135728 1.706381
v 4.273019 7.133367 1.684237
v 4.277056 7.126374 1.662944
v 4.283612 7.115020 1.643320
v 4.292435 7.099739 1.626120
v 4.303185 7.081119 1.612004
v 4.315450 7.059875 1.601515
v 4.328758 7.036825 1.595056
v 4.335434 7.039590 1.817707
v 4.328545 7.065300 1.811248
v 4.322196 7.088994 1.800759
v 4.316631 7.109761 1.786643
v 4.312065 7.126805 1.769442
v 4.308671 7.139470 1.749818
v 4.306581 7.147268 1.728525
v 4.305876 7.149902 1.706381
v 4.306581 7.147268 1.684237
v 4.308671 7.139470 1.662944
v 4.312065 7.126805 1.643320
v 4.316631 7.109761 1.626120
v 4.322196 7.088994 1.612004
v 4.328545 7.065300 1.601515
v 4.335434 7.039590 1.595056
v 4.342598 7.040533 1.817707
v 4.342598 7.067150 1.811248
v 4.342598 7.091679 1.800759
v 4.342598 7.130825 1.769442
v 4.342598 7.143936 1.749818
v 4.342598 7.152010 1.728525
v 4.342598 7.130825 1.643320
v 4.342598 7.113180 1.626120
v 4.342598 7.091679 1.612004
v 4.342598 7.067150 1.601515
v 4.342598 7.040533 1.595056
s 1
f 1811 2164 1817 1818
f 2169 2168 1825 1826
f 2165 1811 1818 1819
f 2170 2169 1826 1827
f 2166 2165 1819 1820
f 2171 2170 1827 1828
f 2167 2166 1820 1821
f 2172 2171 1828 1829
f 1812 2167 1821 1822
f 2162 1995 1815
f 2011 2172 1829
f 1813 1812 1822 1823
f 2163 2162 1815 1816
f 1814 1813 1823 1824
f 2164 2163 1816 1817
f 2168 1814 1824 1825
f 1824 1823 1838 1839
f 1817 1816 1831 1832
f 1825 1824 1839 1840
f 1818 1817 1832 1833
f 1826 1825 1840 1841
f 1819 1818 1833 1834
f 1827 1826 1841 1842
f 1820 1819 1834 1835
f 1828 1827 1842 1843
f 1821 1820 1835 1836
f 1829 1828 1843 1844
f 1822 1821 1836 1837
f 1815 1995 1830
f 2011 1829 1844
f 1823 1822 1837 1838
f 1816 1815 1830 1831
f 1843 1842 1857 1858
f 1836 1835 1850 1851
f 1844 1843 1858 1859
f 1837 1836 1851 1852
f 1830 1995 1845
f 2011 1844 1859
f 1838 1837 1852 1853
f 1831 1830 1845 1846
f 1839 1838 1853 1854
f 1832 1831 1846 1847
f 1840 1839 1854 1855
f 1833 1832 1847 1848
f 1841 1840 1855 1856
f 1834 1833 1848 1849
f 1842 1841 1856 1857
f 1835 1834 1849 1850
f 1855 1854 1869 1870
f 1848 1847 1862 1863
f 1856 1855 1870 1871
f 1849 1848 1863 1864
f 1857 1856 1871 1872
f 1850 1849 1864 1865
f 1858 1857 1872 1873
f 1851 1850 1865 1866
f 1859 1858 1873 1874
f 1852 1851 1866 1867
f 1845 1995 1860
f 2011 1859 1874
f 1853 1852 1867 1868
f 1846 1845 1860 1861
f 1854 1853 1868 1869
f 1847 1846 1861 1862
f 1874 1873 1888 1889
f 1867 1866 1881 1882
f 1860 1995 1875
f 2011 1874 1889
f 1868 1867 1882 1883
f 1861 1860 1875 1876
f 1869 1868 1883 1884
f 1862 1861 1876 1877
f 1870 1869 1884 1885
f 1863 1862 1877 1878
f 1871 1870 1885 1886
f 1864 1863 1878 1879
f 1872 1871 1886 1887
f 1865 1864 1879 1880
f 1873 1872 1887 1888
f 1866 1865 1880 1881
f 1878 1877 1892 1893
f 1886 1885 1900 1901
f 1879 1878 1893 1894
f 1887 1886 1901 1902
f 1880 1879 1894 1895
f 1888 1887 1902 1903
f 1881 1880 1895 1896
f 1889 1888 1903 1904
f 1882 1881 1896 1897
f 1875 1995 1890
f 2011 1889 1904
f 1883 1882 1897 1898
f 1876 1875 1890 1891
f 1884 1883 1898 1899
f 1877 1876 1891 1892
f 1885 1884 1899 1900
f 1897 1896 1911 1912
f 1890 1995 1905
f 2011 1904 1919
f 1898 1897 1912 1913
f 1891 1890 1905 1906
f 1899 1898 1913 1914
f 1892 1891 1906 1907
f 1900 1899 1914 1915
f 1893 1892 1907 1908
f 1901 1900 1915 1916
f 1894 1893 1908 1909
f 1902 1901 1916 1917
f 1895 1894 1909 1910
f 1903 1902 1917 1918
f 1896 1895 1910 1911
f 1904 1903 1918 1919
f 1916 1915 1930 1931
f 1909 1908 1923 1924
f 1917 1916 1931 1932
f 1910 1909 1924 1925
f 1918 1917 1932 1933
f 1911 1910 1925 1926
f 1919 1918 1933 1934
f 1912 1911 1926 1927
f 1905 1995 1920
f 2011 1919 1934
f 1913 1912 1927 1928
f 1906 1905 1920 1921
f 1914 1913 1928 1929
f 1907 1906 1921 1922
f 1915 1914 1929 1930
f 1908 1907 1922 1923
f 1920 1995 1935
f 2011 1934 1949
f 1928 1927 1942 1943
f 1921 1920 1935 1936
f 1929 1928 1943 1944
f 1922 1921 1936 1937
f 1930 1929 1944 1945
f 1923 1922 1937 1938
f 1931 1930 1945 1946
f 1924 1923 1938 1939
f 1932 1931 1946 1947
f 1925 1924 1939 1940
f 1933 1932 1947 1948
f 1926 1925 1940 1941
f 1934 1933 1948 1949
f 1927 1926 1941 1942
f 1939 1938 1953 1954
f 1947 1946 1961 1962
f 1940 1939 1954 1955
f 1948 1947 1962 1963
f 1941 1940 1955 1956
f 1949 1948 1963 1964
f 1942 1941 1956 1957
f 1935 1995 1950
f 2011 1949 1964
f 1943 1942 1957 1958
f 1936 1935 1950 1951
f 1944 1943 1958 1959
f 1937 1936 1951 1952
f 1945 1944 1959 1960
f 1938 1937 1952 1953
f 1946 1945 1960 1961
f 1958 1957 1972 1973
f 1951 1950 1965 1966
f 1959 1958 1973 1974
f 1952 1951 1966 1967
f 1960 1959 1974 1975
f 1953 1952 1967 1968
f 1961 1960 1975 1976
f 1954 1953 1968 1969
f 1962 1961 1976 1977
f 1955 1954 1969 1970
f 1963 1962 1977 1978
f 1956 1955 1970 1971
f 1964 1963 1978 1979
f 1957 1956 1971 1972
f 1950 1995 1965
f 2011 1964 1979
f 1977 1976 1991 1992
f 1970 1969 1984 1985
f 1978 1977 1992 1993
f 1971 1970 1985 1986
f 1979 1978 1993 1994
f 1972 1971 1986 1987
f 1965 1995 1980
f 2011 1979 1994
f 1973 1972 1987 1988
f 1966 1965 1980 1981
f 1974 1973 1988 1989
f 1967 1966 1981 1982
f 1975 1974 1989 1990
f 1968 1967 1982 1983
f 1976 1975 1990 1991
f 1969 1968 1983 1984
f 1989 1988 2004 2005
f 1982 1981 1997 1998
f 1990 1989 2005 2006
f 1983 1982 1998 1999
f 1991 1990 2006 2007
f 1984 1983 1999 2000
f 1992 1991 2007 2008
f 1985 1984 2000 2001
f 1993 1992 2008 2009
f 1986 1985 2001 2002
f 1994 1993 2009 2010
f 1987 1986 2002 2003
f 1980 1995 1996
f 2011 1994 2010
f 1988 1987 2003 2004
f 1981 1980 1996 1997
f 2009 2008 2024 2025
f 2002 2001 2017 2018
f 2010 2009 2025 2026
f 2003 2002 2018 2019
f 1996 1995 2012
f 2011 2010 2026
f 2004 2003 2019 2020
f 1997 1996 2012 2013
f 2005 2004 2020 2021
f 1998 1997 2013 2014
f 2006 2005 2021 2022
f 1999 1998 2014 2015
f 2007 2006 2022 2023
f 2000 1999 2015 2016
f 2008 2007 2023 2024
f 2001 2000 2016 2017
f 2014 2013 2028 2029
f 2022 2021 2036 2037
f 2015 2014 2029 2030
f 2023 2022 2037 2038
f 2016 2015 2030 2031
f 2024 2023 2038 2039
f 2017 2016 2031 2032
f 2025 2024 2039 2040
f 2018 2017 2032 2033
f 2026 2025 2040 2041
f 2019 2018 2033 2034
f 2012 1995 2027
f 2011 2026 2041
f 2020 2019 2034 2035
f 2013 2012 2027 2028
f 2021 2020 2035 2036
f 2033 2032 2047 2048
f 2041 2040 2055 2056
f 2034 2033 2048 2049
f 2027 1995 2042
f 2011 2041 2056
f 2035 2034 2049 2050
f 2028 2027 2042 2043
f 2036 2035 2050 2051
f 2029 2028 2043 2044
f 2037 2036 2051 2052
f 2030 2029 2044 2045
f 2038 2037 2052 2053
f 2031 2030 2045 2046
f 2039 2038 2053 2054
f 2032 2031 2046 2047
f 2040 2039 2054 2055
f 2052 2051 2066 2067
f 2045 2044 2059 2060
f 2053 2052 2067 2068
f 2046 2045 2060 2061
f 2054 2053 2068 2069
f 2047 2046 2061 2062
f 2055 2054 2069 2070
f 2048 2047 2062 2063
f 2056 2055 2070 2071
f 2049 2048 2063 2064
f 2042 1995 2057
f 2011 2056 2071
f 2050 2049 2064 2065
f 2043 2042 2057 2058
f 2051 2050 2065 2066
f 2044 2043 2058 2059
f 2071 2070 2085 2086
f 2064 2063 2078 2079
f 2057 1995 2072
f 2011 2071 2086
f 2065 2064 2079 2080
f 2058 2057 2072 2073
f 2066 2065 2080 2081
f 2059 2058 2073 2074
f 2067 2066 2081 2082
f 2060 2059 2074 2075
f 2068 2067 2082 2083
f 2061 2060 2075 2076
f 2069 2068 2083 2084
f 2062 2061 2076 2077
f 2070 2069 2084 2085
f 2063 2062 2077 2078
f 2075 2074 2089 2090
f 2083 2082 2097 2098
f 2076 2075 2090 2091
f 2084 2083 2098 2099
f 2077 2076 2091 2092
f 2085 2084 2099 2100
f 2078 2077 2092 2093
f 2086 2085 2100 2101
f 2079 2078 2093 2094
f 2072 1995 2087
f 2011 2086 2101
f 2080 2079 2094 2095
f 2073 2072 2087 2088
f 2081 2080 2095 2096
f 2074 2073 2088 2089
f 2082 2081 2096 2097
f 2094 2093 2108 2109
f 2087 1995 2102
f 2011 2101 2116
f 2095 2094 2109 2110
f 2088 2087 2102 2103
f 2096 2095 2110 2111
f 2089 2088 2103 2104
f 2097 2096 2111 2112
f 2090 2089 2104 2105
f 2098 2097 2112 2113
f 2091 2090 2105 2106
f 2099 2098 2113 2114
f 2092 2091 2106 2107
f 2100 2099 2114 2115
f 2093 2092 2107 2108
f 2101 2100 2115 2116
f 2113 2112 2127 2128
f 2106 2105 2120 2121
f 2114 2113 2128 2129
f 2107 2106 2121 2122
f 2115 2114 2129 2130
f 2108 2107 2122 2123
f 2116 2115 2130 2131
f 2109 2108 2123 2124
f 2102 1995 2117
f 2011 2116 2131
f 2110 2109 2124 2125
f 2103 2102 2117 2118
f 2111 2110 2125 2126
f 2104 2103 2118 2119
f 2112 2111 2126 2127
f 2105 2104 2119 2120
f 2011 2131 2146
f 2125 2124 2139 2140
f 2118 2117 2132 2133
f 2126 2125 2140 2141
f 2119 2118 2133 2134
f 2127 2126 2141 2142
f 2120 2119 2134 2135
f 2128 2127 2142 2143
f 2121 2120 2135 2136
f 2129 2128 2143 2144
f 2122 2121 2136 2137
f 2130 2129 2144 2145
f 2123 2122 2137 2138
f 2131 2130 2145 2146
f 2124 2123 2138 2139
f 2117 1995 2132
f 2144 2143 2158 2159
f 2137 2136 2151 2152
f 2145 2144 2159 2160
f 2138 2137 2152 2153
f 2146 2145 2160 2161
f 2139 2138 2153 2154
f 2132 1995 2147
f 2011 2146 2161
f 2140 2139 2154 2155
f 2133 2132 2147 2148
f 2141 2140 2155 2156
f 2134 2133 2148 2149
f 2142 2141 2156 2157
f 2135 2134 2149 2150
f 2143 2142 2157 2158
f 2136 2135 2150 2151
f 2148 2147 2162 2163
f 2156 2155 1813 1814
f 2149 2148 2163 2164
f 2157 2156 1814 2168
f 2150 2149 2164 1811
f 2158 2157 2168 2169
f 2151 2150 1811 2165
f 2159 2158 2169 2170
f 2152 2151 2165 2166
f 2160 2159 2170 2171
f 2153 2152 2166 2167
f 2161 2160 2171 2172
f 2154 2153 2167 1812
f 2147 1995 2162
f 2011 2161 2172
f 2155 2154 1812 1813
o olive_crown_6
v 4.490311 7.118675 1.922120
v 4.490311 7.157496 1.847142
v 4.497004 7.049929 1.951140
v 4.503439 7.073946 1.945106
v 4.509370 7.096081 1.935307
v 4.514568 7.115481 1.922120
v 4.518835 7.131403 1.906052
v 4.522005 7.143234 1.887720
v 4.523957 7.150520 1.867829
v 4.524616 7.152980 1.847142
v 4.523957 7.150520 1.826456
v 4.522005 7.143234 1.806564
v 4.518835 7.131403 1.788232
v 4.514568 7.115481 1.772164
v 4.509370 7.096081 1.758977
v 4.503439 7.073946 1.749179
v 4.497004 7.049929 1.743145
v 4.503240 7.047346 1.951140
v 4.515672 7.068879 1.945106
v 4.527130 7.088724 1.935307
v 4.537172 7.106119 1.922120
v 4.545414 7.120394 1.906052
v 4.551538 7.131001 1.887720
v 4.555310 7.137533 1.867829
v 4.556583 7.139739 1.847142
v 4.555310 7.137533 1.826456
v 4.551538 7.131001 1.806564
v 4.545414 7.120394 1.788232
v 4.537172 7.106119 1.772164
v 4.527130 7.088724 1.758977
v 4.515672 7.068879 1.749179
v 4.503240 7.047346 1.743145
v 4.508595 7.043237 1.951140
v 4.526177 7.060819 1.945106
v 4.542381 7.077022 1.935307
v 4.556583 7.091224 1.922120
v 4.568239 7.102880 1.906052
v 4.576900 7.111541 1.887720
v 4.582233 7.116874 1.867829
v 4.584033 7.118675 1.847142
v 4.582233 7.116874 1.826456
v 4.576900 7.111541 1.806564
v 4.568239 7.102880 1.788232
v 4.556583 7.091224 1.772164
v 4.542381 7.077022 1.758977
v 4.526177 7.060819 1.749179
v 4.508595 7.043237 1.743145
v 4.512705 7.037881 1.951140
v 4.534238 7.050313 1.945106
v 4.554083 7.061771 1.935307
v 4.571477 7.071814 1.922120
v 4.585752 7.080055 1.906052
v 4.596360 7.086180 1.887720
v 4.602892 7.089951 1.867829
v 4.605097 7.091224 1.847142
v 4.602892 7.089951 1.826456
v 4.596360 7.086180 1.806564
v 4.585752 7.080055 1.788232
v 4.571477 7.071814 1.772164
v 4.554083 7.061771 1.758977
v 4.534238 7.050313 1.749179
v 4.512705 7.037881 1.743145
v 4.515288 7.031645 1.951140
v 4.539305 7.038080 1.945106
v 4.561440 7.044011 1.935307
v 4.580840 7.049210 1.922120
v 4.596762 7.053476 1.906052
v 4.608593 7.056646 1.887720
v 4.615879 7.058598 1.867829
v 4.618339 7.059257 1.847142
v 4.615879 7.058598 1.826456
v 4.608593 7.056646 1.806564
v 4.596762 7.053476 1.788232
v 4.580840 7.049210 1.772164
v 4.561440 7.044011 1.758977
v 4.539305 7.038080 1.749179
v 4.515288 7.031645 1.743145
v 4.516169 7.024952 1.951140
v 4.541033 7.024952 1.945106
v 4.563949 7.024952 1.935307
v 4.584033 7.024952 1.922120
v 4.600517 7.024952 1.906052
v 4.612765 7.024952 1.887720
v 4.620308 7.024952 1.867829
v 4.622855 7.024952 1.847142
v 4.620308 7.024952 1.826456
v 4.612765 7.024952 1.806564
v 4.600517 7.024952 1.788232
v 4.584033 7.024952 1.772164
v 4.563949 7.024952 1.758977
v 4.541033 7.024952 1.749179
v 4.516169 7.024952 1.743145
v 4.515288 7.018260 1.951140
v 4.539305 7.011825 1.945106
v 4.561440 7.005894 1.935307
v 4.580840 7.000695 1.922120
v 4.596762 6.996429 1.906052
v 4.608593 6.993259 1.887720
v 4.615879 6.991307 1.867829
v 4.618339 6.990648 1.847142
v 4.615879 6.991307 1.826456
v 4.608593 6.993259 1.806564
v 4.596762 6.996429 1.788232
v 4.580840 7.000695 1.772164
v 4.561440 7.005894 1.758977
v 4.539305 7.011825 1.749179
v 4.515288 7.018260 1.743145
v 4.512705 7.012023 1.951140
v 4.534238 6.999591 1.945106
v 4.554083 6.988134 1.935307
v 4.571477 6.978091 1.922120
v 4.585752 6.969850 1.906052
v 4.596360 6.963725 1.887720
v 4.602892 6.959954 1.867829
v 4.605097 6.958681 1.847142
v 4.602892 6.959954 1.826456
v 4.596360 6.963725 1.806564
v 4.585752 6.969850 1.788232
v 4.571477 6.978091 1.772164
v 4.554083 6.988134 1.758977
v 4.534238 6.999591 1.749179
v 4.512705 7.012023 1.743145
v 4.508595 7.006668 1.951140
v 4.526177 6.989086 1.945106
v 4.542381 6.972883 1.935307
v 4.556583 6.958681 1.922120
v 4.568239 6.947025 1.906052
v 4.576900 6.938364 1.887720
v 4.582233 6.933031 1.867829
v 4.584033 6.931230 1.847142
v 4.582233 6.933031 1.826456
v 4.576900 6.938364 1.806564
v 4.568239 6.947025 1.788232
v 4.556583 6.958681 1.772164
v 4.542381 6.972883 1.758977
v 4.526177 6.989086 1.749179
v 4.508595 7.006668 1.743145
v 4.503240 7.002559 1.951140
v 4.515672 6.981026 1.945106
v 4.527130 6.961181 1.935307
v 4.537172 6.943786 1.922120
v 4.545414 6.929511 1.906052
v 4.551538 6.918904 1.887720
v 4.555310 6.912372 1.867829
v 4.556583 6.910166 1.847142
v 4.555310 6.912372 1.826456
v 4.551538 6.918904 1.806564
v 4.545414 6.929511 1.788232
v 4.537172 6.943786 1.772164
v 4.527130 6.961181 1.758977
v 4.515672 6.981026 1.749179
v 4.503240 7.002559 1.743145
v 4.497004 6.999976 1.951140
v 4.503439 6.975958 1.945106
v 4.509370 6.953824 1.935307
v 4.514568 6.934423 1.922120
v 4.518835 6.918501 1.906052
v 4.522005 6.906671 1.887720
v 4.523957 6.899385 1.867829
v 4.524616 6.896925 1.847142
v 4.523957 6.899385 1.826456
v 4.522005 6.906671 1.806564
v 4.518835 6.918501 1.788232
v 4.514568 6.934423 1.772164
v 4.509370 6.953824 1.758977
v 4.503439 6.975958 1.749179
v 4.497004 6.999976 1.743145
v 4.490311 6.999094 1.951140
v 4.490311 6.974230 1.945106
v 4.490311 6.951315 1.935307
v 4.490311 6.931230 1.922120
v 4.490311 6.914746 1.906052
v 4.490311 6.902498 1.887720
v 4.490311 6.894956 1.867829
v 4.490311 6.892409 1.847142
v 4.490311 6.894956 1.826456
v 4.490311 6.902498 1.806564
v 4.490311 6.914746 1.788232
v 4.490311 6.931230 1.772164
v 4.490311 6.951315 1.758977
v 4.490311 6.974230 1.749179
v 4.490311 6.999094 1.743145
v 4.483619 6.999976 1.951140
v 4.477183 6.975958 1.945106
v 4.471252 6.953824 1.935307
v 4.466054 6.934423 1.922120
v 4.461788 6.918501 1.906052
v 4.458618 6.906671 1.887720
v 4.456666 6.899385 1.867829
v 4.456007 6.896925 1.847142
v 4.456666 6.899385 1.826456
v 4.458618 6.906671 1.806564
v 4.461788 6.918501 1.788232
v 4.466054 6.934423 1.772164
v 4.471252 6.953824 1.758977
v 4.477183 6.975958 1.749179
v 4.483619 6.999976 1.743145
v 4.477382 7.002559 1.951140
v 4.464950 6.981026 1.945106
v 4.453493 6.961181 1.935307
v 4.443450 6.943786 1.922120
v 4.435208 6.929511 1.906052
v 4.429084 6.918904 1.887720
v 4.425313 6.912372 1.867829
v 4.424039 6.910166 1.847142
v 4.425313 6.912372 1.826456
v 4.429084 6.918904 1.806564
v 4.435208 6.929511 1.788232
v 4.443450 6.943786 1.772164
v 4.453493 6.961181 1.758977
v 4.464950 6.981026 1.749179
v 4.477382 7.002559 1.743145
v 4.490311 7.024952 1.741107
v 4.472027 7.006668 1.951140
v 4.454445 6.989086 1.945106
v 4.438241 6.972883 1.935307
v 4.424039 6.958681 1.922120
v 4.412384 6.947025 1.906052
v 4.403723 6.938364 1.887720
v 4.398389 6.933031 1.867829
v 4.396589 6.931230 1.847142
v 4.398389 6.933031 1.826456
v 4.403723 6.938364 1.806564
v 4.412384 6.947025 1.788232
v 4.424039 6.958681 1.772164
v 4.438241 6.972883 1.758977
v 4.454445 6.989086 1.749179
v 4.472027 7.006668 1.743145
v 4.490311 7.024952 1.953177
v 4.467917 7.012023 1.951140
v 4.446384 6.999591 1.945106
v 4.426539 6.988134 1.935307
v 4.409145 6.978091 1.922120
v 4.394870 6.969850 1.906052
v 4.384263 6.963725 1.887720
v 4.377730 6.959954 1.867829
v 4.375525 6.958681 1.847142
v 4.377730 6.959954 1.826456
v 4.384263 6.963725 1.806564
v 4.394870 6.969850 1.788232
v 4.409145 6.978091 1.772164
v 4.426539 6.988134 1.758977
v 4.446384 6.999591 1.749179
v 4.467917 7.012023 1.743145
v 4.465334 7.018260 1.951140
v 4.441317 7.011825 1.945106
v 4.419183 7.005894 1.935307
v 4.399782 7.000695 1.922120
v 4.383860 6.996429 1.906052
v 4.372029 6.993259 1.887720
v 4.364744 6.991307 1.867829
v 4.362284 6.990648 1.847142
v 4.364744 6.991307 1.826456
v 4.372029 6.993259 1.806564
v 4.383860 6.996429 1.788232
v 4.399782 7.000695 1.772164
v 4.419183 7.005894 1.758977
v 4.441317 7.011825 1.749179
v 4.465334 7.018260 1.743145
v 4.464453 7.024952 1.951140
v 4.439589 7.024952 1.945106
v 4.416674 7.024952 1.935307
v 4.396589 7.024952 1.922120
v 4.380105 7.024952 1.906052
v 4.367857 7.024952 1.887720
v 4.360314 7.024952 1.867829
v 4.357768 7.024952 1.847142
v 4.360314 7.024952 1.826456
v 4.367857 7.024952 1.806564
v 4.380105 7.024952 1.788232
v 4.396589 7.024952 1.772164
v 4.416674 7.024952 1.758977
v 4.439589 7.024952 1.749179
v 4.464453 7.024952 1.743145
v 4.465334 7.031645 1.951140
v 4.441317 7.038080 1.945106
v 4.419183 7.044011 1.935307
v 4.399782 7.049210 1.922120
v 4.383860 7.053476 1.906052
v 4.372029 7.056646 1.887720
v 4.364744 7.058598 1.867829
v 4.362284 7.059257 1.847142
v 4.364744 7.058598 1.826456
v 4.372029 7.056646 1.806564
v 4.383860 7.053476 1.788232
v 4.399782 7.049210 1.772164
v 4.419183 7.044011 1.758977
v 4.441317 7.038080 1.749179
v 4.465334 7.031645 1.743145
v 4.467917 7.037881 1.951140
v 4.446384 7.050313 1.945106
v 4.426539 7.061771 1.935307
v 4.409145 7.071814 1.922120
v 4.394870 7.080055 1.906052
v 4.384263 7.086180 1.887720
v 4.377730 7.089951 1.867829
v 4.375525 7.091224 1.847142
v 4.377730 7.089951 1.826456
v 4.384263 7.086180 1.806564
v 4.394870 7.080055 1.788232
v 4.409145 7.071814 1.772164
v 4.426539 7.061771 1.758977
v 4.446384 7.050313 1.749179
v 4.467917 7.037881 1.743145
v 4.472027 7.043237 1.951140
v 4.454445 7.060819 1.945106
v 4.438242 7.077022 1.935307
v 4.424039 7.091224 1.922120
v 4.412384 7.102880 1.906052
v 4.403723 7.111541 1.887720
v 4.398389 7.116874 1.867829
v 4.396589 7.118675 1.847142
v 4.398389 7.116874 1.826456
v 4.403723 7.111541 1.806564
v 4.412384 7.102880 1.788232
v 4.424039 7.091224 1.772164
v 4.438242 7.077022 1.758977
v 4.454445 7.060819 1.749179
v 4.472027 7.043237 1.743145
v 4.477382 7.047346 1.951140
v 4.464950 7.068879 1.945106
v 4.453493 7.088724 1.935307
v 4.443450 7.106119 1.922120
v 4.435208 7.120394 1.906052
v 4.429084 7.131001 1.887720
v 4.425313 7.137533 1.867829
v 4.424039 7.139739 1.847142
v 4.425313 7.137533 1.826456
v 4.429084 7.131001 1.806564
v 4.435208 7.120394 1.788232
v 4.443450 7.106119 1.772164
v 4.453493 7.088724 1.758977
v 4.464950 7.068879 1.749179
v 4.477382 7.047346 1.743145
v 4.483619 7.049929 1.951140
v 4.477183 7.073946 1.945106
v 4.471252 7.096081 1.935307
v 4.466054 7.115481 1.922120
v 4.461788 7.131403 1.906052
v 4.458618 7.143234 1.887720
v 4.456666 7.150520 1.867829
v 4.456007 7.152980 1.847142
v 4.456666 7.150520 1.826456
v 4.458618 7.143234 1.806564
v 4.461788 7.131403 1.788232
v 4.466054 7.115481 1.772164
v 4.471252 7.096081 1.758977
v 4.477183 7.073946 1.749179
v 4.483619 7.049929 1.743145
v 4.490311 7.050810 1.951140
v 4.490311 7.075675 1.945106
v 4.490311 7.098590 1.935307
v 4.490311 7.135159 1.906052
v 4.490311 7.147407 1.887720
v 4.490311 7.154949 1.867829
v 4.490311 7.154949 1.826456
v 4.490311 7.147407 1.806564
v 4.490311 7.135159 1.788232
v 4.490311 7.118675 1.772164
v 4.490311 7.098590 1.758977
v 4.490311 7.075675 1.749179
v 4.490311 7.050810 1.743145
s 1
f 2173 2524 2177 2178
f 2531 2530 2185 2186
f 2525 2173 2178 2179
f 2532 2531 2186 2187
f 2526 2525 2179 2180
f 2533 2532 2187 2188
f 2527 2526 2180 2181
f 2534 2533 2188 2189
f 2174 2527 2181 2182
f 2522 2401 2175
f 2385 2534 2189
f 2528 2174 2182 2183
f 2523 2522 2175 2176
f 2529 2528 2183 2184
f 2524 2523 2176 2177
f 2530 2529 2184 2185
f 2177 2176 2191 2192
f 2185 2184 2199 2200
f 2178 2177 2192 2193
f 2186 2185 2200 2201
f 2179 2178 2193 2194
f 2187 2186 2201 2202
f 2180 2179 2194 2195
f 2188 2187 2202 2203
f 2181 2180 2195 2196
f 2189 2188 2203 2204
f 2182 2181 2196 2197
f 2175 2401 2190
f 2385 2189 2204
f 2183 2182 2197 2198
f 2176 2175 2190 2191
f 2184 2183 2198 2199
f 2196 2195 2210 2211
f 2204 2203 2218 2219
f 2197 2196 2211 2212
f 2190 2401 2205
f 2385 2204 2219
f 2198 2197 2212 2213
f 2191 2190 2205 2206
f 2199 2198 2213 2214
f 2192 2191 2206 2207
f 2200 2199 2214 2215
f 2193 2192 2207 2208
f 2201 2200 2215 2216
f 2194 2193 2208 2209
f 2202 2201 2216 2217
f 2195 2194 2209 2210
f 2203 2202 2217 2218
f 2215 2214 2229 2230
f 2208 2207 2222 2223
f 2216 2215 2230 2231
f 2209 2208 2223 2224
f 2217 2216 2231 2232
f 2210 2209 2224 2225
f 2218 2217 2232 2233
f 2211 2210 2225 2226
f 2219 2218 2233 2234
f 2212 2211 2226 2227
f 2205 2401 2220
f 2385 2219 2234
f 2213 2212 2227 2228
f 2206 2205 2220 2221
f 2214 2213 2228 2229
f 2207 2206 2221 2222
f 2234 2233 2248 2249
f 2227 2226 2241 2242
f 2220 2401 2235
f 2385 2234 2249
f 2228 2227 2242 2243
f 2221 2220 2235 2236
f 2229 2228 2243 2244
f 2222 2221 2236 2237
f 2230 2229 2244 2245
f 2223 2222 2237 2238
f 2231 2230 2245 2246
f 2224 2223 2238 2239
f 2232 2231 2246 2247
f 2225 2224 2239 2240
f 2233 2232 2247 2248
f 2226 2225 2240 2241
f 2238 2237 2252 2253
f 2246 2245 2260 2261
f 2239 2238 2253 2254
f 2247 2246 2261 2262
f 2240 2239 2254 2255
f 2248 2247 2262 2263
f 2241 2240 2255 2256
f 2249 2248 2263 2264
f 2242 2241 2256 2257
f 2235 2401 2250
f 2385 2249 2264
f 2243 2242 2257 2258
f 2236 2235 2250 2251
f 2244 2243 2258 2259
f 2237 2236 2251 2252
f 2245 2244 2259 2260
f 2257 2256 2271 2272
f 2250 2401 2265
f 2385 2264 2279
f 2258 2257 2272 2273
f 2251 2250 2265 2266
f 2259 2258 2273 2274
f 2252 2251 2266 2267
f 2260 2259 2274 2275
f 2253 2252 2267 2268
f 2261 2260 2275 2276
f 2254 2253 2268 2269
f 2262 2261 2276 2277
f 2255 2254 2269 2270
f 2263 2262 2277 2278
f 2256 2255 2270 2271
f 2264 2263 2278 2279
f 2276 2275 2290 2291
f 2269 2268 2283 2284
f 2277 2276 2291 2292
f 2270 2269 2284 2285
f 2278 2277 2292 2293
f 2271 2270 2285 2286
f 2279 2278 2293 2294
f 2272 2271 2286 2287
f 2265 2401 2280
f 2385 2279 2294
f 2273 2272 2287 2288
f 2266 2265 2280 2281
f 2274 2273 2288 2289
f 2267 2266 2281 2282
f 2275 2274 2289 2290
f 2268 2267 2282 2283
f 2385 2294 2309
f 2288 2287 2302 2303
f 2281 2280 2295 2296
f 2289 2288 2303 2304
f 2282 2281 2296 2297
f 2290 2289 2304 2305
f 2283 2282 2297 2298
f 2291 2290 2305 2306
f 2284 2283 2298 2299
f 2292 2291 2306 2307
f 2285 2284 2299 2300
f 2293 2292 2307 2308
f 2286 2285 2300 2301
f 2294 2293 2308 2309
f 2287 2286 2301 2302
f 2280 2401 2295
f 2307 2306 2321 2322
f 2300 2299 2314 2315
f 2308 2307 2322 2323
f 2301 2300 2315 2316
f 2309 2308 2323 2324
f 2302 2301 2316 2317
f 2295 2401 2310
f 2385 2309 2324
f 2303 2302 2317 2318
f 2296 2295 2310 2311
f 2304 2303 2318 2319
f 2297 2296 2311 2312
f 2305 2304 2319 2320
f 2298 2297 2312 2313
f 2306 2305 2320 2321
f 2299 2298 2313 2314
f 2311 2310 2325 2326
f 2319 2318 2333 2334
f 2312 2311 2326 2327
f 2320 2319 2334 2335
f 2313 2312 2327 2328
f 2321 2320 2335 2336
f 2314 2313 2328 2329
f 2322 2321 2336 2337
f 2315 2314 2329 2330
f 2323 2322 2337 2338
f 2316 2315 2330 2331
f 2324 2323 2338 2339
f 2317 2316 2331 2332
f 2310 2401 2325
f 2385 2324 2339
f 2318 2317 2332 2333
f 2330 2329 2344 2345
f 2338 2337 2352 2353
f 2331 2330 2345 2346
f 2339 2338 2353 2354
f 2332 2331 2346 2347
f 2325 2401 2340
f 2385 2339 2354
f 2333 2332 2347 2348
f 2326 2325 2340 2341
f 2334 2333 2348 2349
f 2327 2326 2341 2342
f 2335 2334 2349 2350
f 2328 2327 2342 2343
f 2336 2335 2350 2351
f 2329 2328 2343 2344
f 2337 2336 2351 2352
f 2349 2348 2363 2364
f 2342 2341 2356 2357
f 2350 2349 2364 2365
f 2343 2342 2357 2358
f 2351 2350 2365 2366
f 2344 2343 2358 2359
f 2352 2351 2366 2367
f 2345 2344 2359 2360
f 2353 2352 2367 2368
f 2346 2345 2360 2361
f 2354 2353 2368 2369
f 2347 2346 2361 2362
f 2340 2401 2355
f 2385 2354 2369
f 2348 2347 2362 2363
f 2341 2340 2355 2356
f 2368 2367 2382 2383
f 2361 2360 2375 2376
f 2369 2368 2383 2384
f 2362 2361 2376 2377
f 2355 2401 2370
f 2385 2369 2384
f 2363 2362 2377 2378
f 2356 2355 2370 2371
f 2364 2363 2378 2379
f 2357 2356 2371 2372
f 2365 2364 2379 2380
f 2358 2357 2372 2373
f 2366 2365 2380 2381
f 2359 2358 2373 2374
f 2367 2366 2381 2382
f 2360 2359 2374 2375
f 2372 2371 2387 2388
f 2380 2379 2395 2396
f 2373 2372 2388 2389
f 2381 2380 2396 2397
f 2374 2373 2389 2390
f 2382 2381 2397 2398
f 2375 2374 2390 2391
f 2383 2382 2398 2399
f 2376 2375 2391 2392
f 2384 2383 2399 2400
f 2377 2376 2392 2393
f 2370 2401 2386
f 2385 2384 2400
f 2378 2377 2393 2394
f 2371 2370 2386 2387
f 2379 2378 2394 2395
f 2392 2391 2407 2408
f 2400 2399 2415 2416
f 2393 2392 2408 2409
f 2386 2401 2402
f 2385 2400 2416
f 2394 2393 2409 2410
f 2387 2386 2402 2403
f 2395 2394 2410 2411
f 2388 2387 2403 2404
f 2396 2395 2411 2412
f 2389 2388 2404 2405
f 2397 2396 2412 2413
f 2390 2389 2405 2406
f 2398 2397 2413 2414
f 2391 2390 2406 2407
f 2399 2398 2414 2415
f 2412 2411 2426 2427
f 2405 2404 2419 2420
f 2413 2412 2427 2428
f 2406 2405 2420 2421
f 2414 2413 2428 2429
f 2407 2406 2421 2422
f 2415 2414 2429 2430
f 2408 2407 2422 2423
f 2416 2415 2430 2431
f 2409 2408 2423 2424
f 2402 2401 2417
f 2385 2416 2431
f 2410 2409 2424 2425
f 2403 2402 2417 2418
f 2411 2410 2425 2426
f 2404 2403 2418 2419
f 2431 2430 2445 2446
f 2424 2423 2438 2439
f 2417 2401 2432
f 2385 2431 2446
f 2425 2424 2439 2440
f 2418 2417 2432 2433
f 2426 2425 2440 2441
f 2419 2418 2433 2434
f 2427 2426 2441 2442
f 2420 2419 2434 2435
f 2428 2427 2442 2443
f 2421 2420 2435 2436
f 2429 2428 2443 2444
f 2422 2421 2436 2437
f 2430 2429 2444 2445
f 2423 2422 2437 2438
f 2443 2442 2457 2458
f 2436 2435 2450 2451
f 2444 2443 2458 2459
f 2437 2436 2451 2452
f 2445 2444 2459 2460
f 2438 2437 2452 2453
f 2446 2445 2460 2461
f 2439 2438 2453 2454
f 2432 2401 2447
f 2385 2446 2461
f 2440 2439 2454 2455
f 2433 2432 2447 2448
f 2441 2440 2455 2456
f 2434 2433 2448 2449
f 2442 2441 2456 2457
f 2435 2434 2449 2450
f 2447 2401 2462
f 2385 2461 2476
f 2455 2454 2469 2470
f 2448 2447 2462 2463
f 2456 2455 2470 2471
f 2449 2448 2463 2464
f 2457 2456 2471 2472
f 2450 2449 2464 2465
f 2458 2457 2472 2473
f 2451 2450 2465 2466
f 2459 2458 2473 2474
f 2452 2451 2466 2467
f 2460 2459 2474 2475
f 2453 2452 2467 2468
f 2461 2460 2475 2476
f 2454 2453 2468 2469
f 2466 2465 2480 2481
f 2474 2473 2488 2489
f 2467 2466 2481 2482
f 2475 2474 2489 2490
f 2468 2467 2482 2483
f 2476 2475 2490 2491
f 2469 2468 2483 2484
f 2462 2401 2477
f 2385 2476 2491
f 2470 2469 2484 2485
f 2463 2462 2477 2478
f 2471 2470 2485 2486
f 2464 2463 2478 2479
f 2472 2471 2486 2487
f 2465 2464 2479 2480
f 2473 2472 2487 2488
f 2485 2484 2499 2500
f 2478 2477 2492 2493
f 2486 2485 2500 2501
f 2479 2478 2493 2494
f 2487 2486 2501 2502
f 2480 2479 2494 2495
f 2488 2487 2502 2503
f 2481 2480 2495 2496
f 2489 2488 2503 2504
f 2482 2481 2496 2497
f 2490 2489 2504 2505
f 2483 2482 2497 2498
f 2491 2490 2505 2506
f 2484 2483 2498 2499
f 2477 2401 2492
f 2385 2491 2506
f 2504 2503 2518 2519
f 2497 2496 2511 2512
f 2505 2504 2519 2520
f 2498 2497 2512 2513
f 2506 2505 2520 2521
f 2499 2498 2513 2514
f 2492 2401 2507
f 2385 2506 2521
f 2500 2499 2514 2515
f 2493 2492 2507 2508
f 2501 2500 2515 2516
f 2494 2493 2508 2509
f 2502 2501 2516 2517
f 2495 2494 2509 2510
f 2503 2502 2517 2518
f 2496 2495 2510 2511
f 2508 2507 2522 2523
f 2516 2515 2528 2529
f 2509 2508 2523 2524
f 2517 2516 2529 2530
f 2510 2509 2524 2173
f 2518 2517 2530 2531
f 2511 2510 2173 2525
f 2519 2518 2531 2532
f 2512 2511 2525 2526
f 2520 2519 2532 2533
f 2513 2512 2526 2527
f 2521 2520 2533 2534
f 2514 2513 2527 2174
f 2507 2401 2522
f 2385 2521 2534
f 2515 2514 2174 2528
