# Blender 4.1.1
# www.blender.org
o w1_frame_b
v -0.108000 2.452000 1.150000
v -0.108000 2.450000 1.152000
v -0.110000 2.452000 1.152000
v -0.108000 2.450586 1.150586
v -0.109155 2.450845 1.150845
v -0.109414 2.450586 1.152000
v -0.109414 2.452000 1.150586
v -0.108000 2.450000 1.208000
v -0.108000 2.452000 1.210000
v -0.110000 2.452000 1.208000
v -0.108000 2.450586 1.209414
v -0.109155 2.450845 1.209155
v -0.109414 2.452000 1.209414
v -0.109414 2.450586 1.208000
v -0.108000 3.348000 1.150000
v -0.110000 3.348000 1.152000
v -0.108000 3.350000 1.152000
v -0.109414 3.348000 1.150586
v -0.109155 3.349155 1.150845
v -0.109414 3.349414 1.152000
v -0.108000 3.349414 1.150586
v -0.108000 3.348000 1.210000
v -0.108000 3.350000 1.208000
v -0.110000 3.348000 1.208000
v -0.108000 3.349414 1.209414
v -0.109155 3.349155 1.209155
v -0.109414 3.349414 1.208000
v -0.109414 3.348000 1.209414
v -0.042000 2.452000 1.150000
v -0.040000 2.452000 1.152000
v -0.042000 2.450000 1.152000
v -0.040586 2.452000 1.150586
v -0.040845 2.450845 1.150845
v -0.040586 2.450586 1.152000
v -0.042000 2.450586 1.150586
v -0.042000 2.452000 1.210000
v -0.042000 2.450000 1.208000
v -0.040000 2.452000 1.208000
v -0.042000 2.450586 1.209414
v -0.040845 2.450845 1.209155
v -0.040586 2.450586 1.208000
v -0.040586 2.452000 1.209414
v -0.042000 3.348000 1.150000
v -0.042000 3.350000 1.152000
v -0.040000 3.348000 1.152000
v -0.042000 3.349414 1.150586
v -0.040845 3.349155 1.150845
v -0.040586 3.349414 1.152000
v -0.040586 3.348000 1.150586
v -0.042000 3.348000 1.210000
v -0.040000 3.348000 1.208000
v -0.042000 3.350000 1.208000
v -0.040586 3.348000 1.209414
v -0.040845 3.349155 1.209155
v -0.040586 3.349414 1.208000
v -0.042000 3.349414 1.209414
v -0.108000 2.450586 1.150586
v -0.109155 2.450845 1.150845
v -0.109155 2.450845 1.150845
v -0.109414 2.452000 1.150586
v -0.109414 2.450586 1.152000
v -0.108000 2.450586 1.209414
v -0.109155 2.450845 1.209155
v -0.109155 2.450845 1.209155
v -0.109414 2.450586 1.208000
v -0.109414 2.452000 1.209414
v -0.109414 3.348000 1.150586
v -0.109155 3.349155 1.150845
v -0.109155 3.349155 1.150845
v -0.108000 3.349414 1.150586
v -0.109414 3.349414 1.152000
v -0.108000 3.349414 1.209414
v -0.109155 3.349155 1.209155
v -0.109155 3.349155 1.209155
v -0.109414 3.348000 1.209414
v -0.109414 3.349414 1.208000
v -0.040586 2.452000 1.150586
v -0.040845 2.450845 1.150845
v -0.040845 2.450845 1.150845
v -0.042000 2.450586 1.150586
v -0.040586 2.450586 1.152000
v -0.042000 2.450586 1.209414
v -0.040845 2.450845 1.209155
v -0.040845 2.450845 1.209155
v -0.040586 2.452000 1.209414
v -0.040586 2.450586 1.208000
v -0.042000 3.349414 1.150586
v -0.040845 3.349155 1.150845
v -0.040845 3.349155 1.150845
v -0.040586 3.348000 1.150586
v -0.040586 3.349414 1.152000
v -0.040586 3.348000 1.209414
v -0.040845 3.349155 1.209155
v -0.040845 3.349155 1.209155
v -0.042000 3.349414 1.209414
v -0.040586 3.349414 1.208000
s 0
f 31 37 8 2
f 45 51 38 30
f 50 22 9 36
f 3 10 24 16
f 17 23 52 44
f 1 57 58 60
f 2 61 59 4
f 3 7 5 6
f 8 62 63 65
f 9 66 64 11
f 10 14 12 13
f 15 67 68 70
f 16 71 69 18
f 17 21 19 20
f 22 72 73 75
f 23 76 74 25
f 24 28 26 27
f 29 77 78 80
f 30 81 79 32
f 31 35 33 34
f 36 82 83 85
f 37 86 84 39
f 38 42 40 41
f 43 87 88 90
f 44 91 89 46
f 45 49 47 48
f 50 92 93 95
f 51 96 94 53
f 52 56 54 55
f 15 1 60 67
f 18 7 3 16
f 2 8 65 61
f 6 14 10 3
f 9 22 75 66
f 13 28 24 10
f 23 17 20 76
f 27 71 16 24
f 43 15 70 87
f 46 21 17 44
f 22 50 95 72
f 25 56 52 23
f 51 45 48 96
f 55 91 44 52
f 29 43 90 77
f 32 49 45 30
f 50 36 85 92
f 53 42 38 51
f 37 31 34 86
f 41 81 30 38
f 1 29 80 57
f 4 35 31 2
f 36 9 11 82
f 39 62 8 37
f 15 43 29 1
o w1_frame_t
v -0.108000 2.452000 2.290000
v -0.108000 2.450000 2.292000
v -0.110000 2.452000 2.292000
v -0.108000 2.450586 2.290586
v -0.109155 2.450845 2.290845
v -0.109414 2.450586 2.292000
v -0.109414 2.452000 2.290586
v -0.108000 2.450000 2.348000
v -0.108000 2.452000 2.350000
v -0.110000 2.452000 2.348000
v -0.108000 2.450586 2.349414
v -0.109155 2.450845 2.349155
v -0.109414 2.452000 2.349414
v -0.109414 2.450586 2.348000
v -0.108000 3.348000 2.290000
v -0.110000 3.348000 2.292000
v -0.108000 3.350000 2.292000
v -0.109414 3.348000 2.290586
v -0.109155 3.349155 2.290845
v -0.109414 3.349414 2.292000
v -0.108000 3.349414 2.290586
v -0.108000 3.348000 2.350000
v -0.108000 3.350000 2.348000
v -0.110000 3.348000 2.348000
v -0.108000 3.349414 2.349414
v -0.109155 3.349155 2.349155
v -0.109414 3.349414 2.348000
v -0.109414 3.348000 2.349414
v -0.042000 2.452000 2.290000
v -0.040000 2.452000 2.292000
v -0.042000 2.450000 2.292000
v -0.040586 2.452000 2.290586
v -0.040845 2.450845 2.290845
v -0.040586 2.450586 2.292000
v -0.042000 2.450586 2.290586
v -0.042000 2.452000 2.350000
v -0.042000 2.450000 2.348000
v -0.040000 2.452000 2.348000
v -0.042000 2.450586 2.349414
v -0.040845 2.450845 2.349155
v -0.040586 2.450586 2.348000
v -0.040586 2.452000 2.349414
v -0.042000 3.348000 2.290000
v -0.042000 3.350000 2.292000
v -0.040000 3.348000 2.292000
v -0.042000 3.349414 2.290586
v -0.040845 3.349155 2.290845
v -0.040586 3.349414 2.292000
v -0.040586 3.348000 2.290586
v -0.042000 3.348000 2.350000
v -0.040000 3.348000 2.348000
v -0.042000 3.350000 2.348000
v -0.040586 3.348000 2.349414
v -0.040845 3.349155 2.349155
v -0.040586 3.349414 2.348000
v -0.042000 3.349414 2.349414
v -0.108000 2.450586 2.290586
v -0.109155 2.450845 2.290845
v -0.109155 2.450845 2.290845
v -0.109414 2.452000 2.290586
v -0.109414 2.450586 2.292000
v -0.108000 2.450586 2.349414
v -0.109155 2.450845 2.349155
v -0.109155 2.450845 2.349155
v -0.109414 2.450586 2.348000
v -0.109414 2.452000 2.349414
v -0.109414 3.348000 2.290586
v -0.109155 3.349155 2.290845
v -0.109155 3.349155 2.290845
v -0.108000 3.349414 2.290586
v -0.109414 3.349414 2.292000
v -0.108000 3.349414 2.349414
v -0.109155 3.349155 2.349155
v -0.109155 3.349155 2.349155
v -0.109414 3.348000 2.349414
v -0.109414 3.349414 2.348000
v -0.040586 2.452000 2.290586
v -0.040845 2.450845 2.290845
v -0.040845 2.450845 2.290845
v -0.042000 2.450586 2.290586
v -0.040586 2.450586 2.292000
v -0.042000 2.450586 2.349414
v -0.040845 2.450845 2.349155
v -0.040845 2.450845 2.349155
v -0.040586 2.452000 2.349414
v -0.040586 2.450586 2.348000
v -0.042000 3.349414 2.290586
v -0.040845 3.349155 2.290845
v -0.040845 3.349155 2.290845
v -0.040586 3.348000 2.290586
v -0.040586 3.349414 2.292000
v -0.040586 3.348000 2.349414
v -0.040845 3.349155 2.349155
v -0.040845 3.349155 2.349155
v -0.042000 3.349414 2.349414
v -0.040586 3.349414 2.348000
s 0
f 127 133 104 98
f 141 147 134 126
f 146 118 105 132
f 99 106 120 112
f 113 119 148 140
f 97 153 154 156
f 98 157 155 100
f 99 103 101 102
f 104 158 159 161
f 105 162 160 107
f 106 110 108 109
f 111 163 164 166
f 112 167 165 114
f 113 117 115 116
f 118 168 169 171
f 119 172 170 121
f 120 124 122 123
f 125 173 174 176
f 126 177 175 128
f 127 131 129 130
f 132 178 179 181
f 133 182 180 135
f 134 138 136 137
f 139 183 184 186
f 140 187 185 142
f 141 145 143 144
f 146 188 189 191
f 147 192 190 149
f 148 152 150 151
f 111 97 156 163
f 114 103 99 112
f 98 104 161 157
f 102 110 106 99
f 105 118 171 162
f 109 124 120 106
f 119 113 116 172
f 123 167 112 120
f 139 111 166 183
f 142 117 113 140
f 118 146 191 168
f 121 152 148 119
f 147 141 144 192
f 151 187 140 148
f 125 139 186 173
f 128 145 141 126
f 146 132 181 188
f 149 138 134 147
f 133 127 130 182
f 137 177 126 134
f 97 125 176 153
f 100 131 127 98
f 132 105 107 178
f 135 158 104 133
f 111 139 125 97
o w1_frame_l
v -0.108000 2.452000 1.150000
v -0.108000 2.450000 1.152000
v -0.110000 2.452000 1.152000
v -0.108000 2.450586 1.150586
v -0.109155 2.450845 1.150845
v -0.109414 2.450586 1.152000
v -0.109414 2.452000 1.150586
v -0.108000 2.450000 2.348000
v -0.108000 2.452000 2.350000
v -0.110000 2.452000 2.348000
v -0.108000 2.450586 2.349414
v -0.109155 2.450845 2.349155
v -0.109414 2.452000 2.349414
v -0.109414 2.450586 2.348000
v -0.108000 2.508000 1.150000
v -0.110000 2.508000 1.152000
v -0.108000 2.510000 1.152000
v -0.109414 2.508000 1.150586
v -0.109155 2.509155 1.150845
v -0.109414 2.509414 1.152000
v -0.108000 2.509414 1.150586
v -0.108000 2.508000 2.350000
v -0.108000 2.510000 2.348000
v -0.110000 2.508000 2.348000
v -0.108000 2.509414 2.349414
v -0.109155 2.509155 2.349155
v -0.109414 2.509414 2.348000
v -0.109414 2.508000 2.349414
v -0.042000 2.452000 1.150000
v -0.040000 2.452000 1.152000
v -0.042000 2.450000 1.152000
v -0.040586 2.452000 1.150586
v -0.040845 2.450845 1.150845
v -0.040586 2.450586 1.152000
v -0.042000 2.450586 1.150586
v -0.042000 2.452000 2.350000
v -0.042000 2.450000 2.348000
v -0.040000 2.452000 2.348000
v -0.042000 2.450586 2.349414
v -0.040845 2.450845 2.349155
v -0.040586 2.450586 2.348000
v -0.040586 2.452000 2.349414
v -0.042000 2.508000 1.150000
v -0.042000 2.510000 1.152000
v -0.040000 2.508000 1.152000
v -0.042000 2.509414 1.150586
v -0.040845 2.509155 1.150845
v -0.040586 2.509414 1.152000
v -0.040586 2.508000 1.150586
v -0.042000 2.508000 2.350000
v -0.040000 2.508000 2.348000
v -0.042000 2.510000 2.348000
v -0.040586 2.508000 2.349414
v -0.040845 2.509155 2.349155
v -0.040586 2.509414 2.348000
v -0.042000 2.509414 2.349414
v -0.108000 2.450586 1.150586
v -0.109155 2.450845 1.150845
v -0.109155 2.450845 1.150845
v -0.109414 2.452000 1.150586
v -0.109414 2.450586 1.152000
v -0.108000 2.450586 2.349414
v -0.109155 2.450845 2.349155
v -0.109155 2.450845 2.349155
v -0.109414 2.450586 2.348000
v -0.109414 2.452000 2.349414
v -0.109414 2.508000 1.150586
v -0.109155 2.509155 1.150845
v -0.109155 2.509155 1.150845
v -0.108000 2.509414 1.150586
v -0.109414 2.509414 1.152000
v -0.108000 2.509414 2.349414
v -0.109155 2.509155 2.349155
v -0.109155 2.509155 2.349155
v -0.109414 2.508000 2.349414
v -0.109414 2.509414 2.348000
v -0.040586 2.452000 1.150586
v -0.040845 2.450845 1.150845
v -0.040845 2.450845 1.150845
v -0.042000 2.450586 1.150586
v -0.040586 2.450586 1.152000
v -0.042000 2.450586 2.349414
v -0.040845 2.450845 2.349155
v -0.040845 2.450845 2.349155
v -0.040586 2.452000 2.349414
v -0.040586 2.450586 2.348000
v -0.042000 2.509414 1.150586
v -0.040845 2.509155 1.150845
v -0.040845 2.509155 1.150845
v -0.040586 2.508000 1.150586
v -0.040586 2.509414 1.152000
v -0.040586 2.508000 2.349414
v -0.040845 2.509155 2.349155
v -0.040845 2.509155 2.349155
v -0.042000 2.509414 2.349414
v -0.040586 2.509414 2.348000
s 0
f 223 229 200 194
f 237 243 230 222
f 242 214 201 228
f 195 202 216 208
f 209 215 244 236
f 193 249 250 252
f 194 253 251 196
f 195 199 197 198
f 200 254 255 257
f 201 258 256 203
f 202 206 204 205
f 207 259 260 262
f 208 263 261 210
f 209 213 211 212
f 214 264 265 267
f 215 268 266 217
f 216 220 218 219
f 221 269 270 272
f 222 273 271 224
f 223 227 225 226
f 228 274 275 277
f 229 278 276 231
f 230 234 232 233
f 235 279 280 282
f 236 283 281 238
f 237 241 239 240
f 242 284 285 287
f 243 288 286 245
f 244 248 246 247
f 207 193 252 259
f 210 199 195 208
f 194 200 257 253
f 198 206 202 195
f 201 214 267 258
f 205 220 216 202
f 215 209 212 268
f 219 263 208 216
f 235 207 262 279
f 238 213 209 236
f 214 242 287 264
f 217 248 244 215
f 243 237 240 288
f 247 283 236 244
f 221 235 282 269
f 224 241 237 222
f 242 228 277 284
f 245 234 230 243
f 229 223 226 278
f 233 273 222 230
f 193 221 272 249
f 196 227 223 194
f 228 201 203 274
f 231 254 200 229
f 207 235 221 193
o w1_frame_r
v -0.108000 3.292000 1.150000
v -0.108000 3.290000 1.152000
v -0.110000 3.292000 1.152000
v -0.108000 3.290586 1.150586
v -0.109155 3.290845 1.150845
v -0.109414 3.290586 1.152000
v -0.109414 3.292000 1.150586
v -0.108000 3.290000 2.348000
v -0.108000 3.292000 2.350000
v -0.110000 3.292000 2.348000
v -0.108000 3.290586 2.349414
v -0.109155 3.290845 2.349155
v -0.109414 3.292000 2.349414
v -0.109414 3.290586 2.348000
v -0.108000 3.348000 1.150000
v -0.110000 3.348000 1.152000
v -0.108000 3.350000 1.152000
v -0.109414 3.348000 1.150586
v -0.109155 3.349155 1.150845
v -0.109414 3.349414 1.152000
v -0.108000 3.349414 1.150586
v -0.108000 3.348000 2.350000
v -0.108000 3.350000 2.348000
v -0.110000 3.348000 2.348000
v -0.108000 3.349414 2.349414
v -0.109155 3.349155 2.349155
v -0.109414 3.349414 2.348000
v -0.109414 3.348000 2.349414
v -0.042000 3.292000 1.150000
v -0.040000 3.292000 1.152000
v -0.042000 3.290000 1.152000
v -0.040586 3.292000 1.150586
v -0.040845 3.290845 1.150845
v -0.040586 3.290586 1.152000
v -0.042000 3.290586 1.150586
v -0.042000 3.292000 2.350000
v -0.042000 3.290000 2.348000
v -0.040000 3.292000 2.348000
v -0.042000 3.290586 2.349414
v -0.040845 3.290845 2.349155
v -0.040586 3.290586 2.348000
v -0.040586 3.292000 2.349414
v -0.042000 3.348000 1.150000
v -0.042000 3.350000 1.152000
v -0.040000 3.348000 1.152000
v -0.042000 3.349414 1.150586
v -0.040845 3.349155 1.150845
v -0.040586 3.349414 1.152000
v -0.040586 3.348000 1.150586
v -0.042000 3.348000 2.350000
v -0.040000 3.348000 2.348000
v -0.042000 3.350000 2.348000
v -0.040586 3.348000 2.349414
v -0.040845 3.349155 2.349155
v -0.040586 3.349414 2.348000
v -0.042000 3.349414 2.349414
v -0.108000 3.290586 1.150586
v -0.109155 3.290845 1.150845
v -0.109155 3.290845 1.150845
v -0.109414 3.292000 1.150586
v -0.109414 3.290586 1.152000
v -0.108000 3.290586 2.349414
v -0.109155 3.290845 2.349155
v -0.109155 3.290845 2.349155
v -0.109414 3.290586 2.348000
v -0.109414 3.292000 2.349414
v -0.109414 3.348000 1.150586
v -0.109155 3.349155 1.150845
v -0.109155 3.349155 1.150845
v -0.108000 3.349414 1.150586
v -0.109414 3.349414 1.152000
v -0.108000 3.349414 2.349414
v -0.109155 3.349155 2.349155
v -0.109155 3.349155 2.349155
v -0.109414 3.348000 2.349414
v -0.109414 3.349414 2.348000
v -0.040586 3.292000 1.150586
v -0.040845 3.290845 1.150845
v -0.040845 3.290845 1.150845
v -0.042000 3.290586 1.150586
v -0.040586 3.290586 1.152000
v -0.042000 3.290586 2.349414
v -0.040845 3.290845 2.349155
v -0.040845 3.290845 2.349155
v -0.040586 3.292000 2.349414
v -0.040586 3.290586 2.348000
v -0.042000 3.349414 1.150586
v -0.040845 3.349155 1.150845
v -0.040845 3.349155 1.150845
v -0.040586 3.348000 1.150586
v -0.040586 3.349414 1.152000
v -0.040586 3.348000 2.349414
v -0.040845 3.349155 2.349155
v -0.040845 3.349155 2.349155
v -0.042000 3.349414 2.349414
v -0.040586 3.349414 2.348000
s 0
f 319 325 296 290
f 333 339 326 318
f 338 310 297 324
f 291 298 312 304
f 305 311 340 332
f 289 345 346 348
f 290 349 347 292
f 291 295 293 294
f 296 350 351 353
f 297 354 352 299
f 298 302 300 301
f 303 355 356 358
f 304 359 357 306
f 305 309 307 308
f 310 360 361 363
f 311 364 362 313
f 312 316 314 315
f 317 365 366 368
f 318 369 367 320
f 319 323 321 322
f 324 370 371 373
f 325 374 372 327
f 326 330 328 329
f 331 375 376 378
f 332 379 377 334
f 333 337 335 336
f 338 380 381 383
f 339 384 382 341
f 340 344 342 343
f 303 289 348 355
f 306 295 291 304
f 290 296 353 349
f 294 302 298 291
f 297 310 363 354
f 301 316 312 298
f 311 305 308 364
f 315 359 304 312
f 331 303 358 375
f 334 309 305 332
f 310 338 383 360
f 313 344 340 311
f 339 333 336 384
f 343 379 332 340
f 317 331 378 365
f 320 337 333 318
f 338 324 373 380
f 341 330 326 339
f 325 319 322 374
f 329 369 318 326
f 289 317 368 345
f 292 323 319 290
f 324 297 299 370
f 327 350 296 325
f 303 331 317 289
o w1_frame_m
v -0.098000 2.884500 1.150000
v -0.098000 2.882500 1.152000
v -0.100000 2.884500 1.152000
v -0.098000 2.883086 1.150586
v -0.099155 2.883345 1.150845
v -0.099414 2.883086 1.152000
v -0.099414 2.884500 1.150586
v -0.098000 2.882500 2.348000
v -0.098000 2.884500 2.350000
v -0.100000 2.884500 2.348000
v -0.098000 2.883086 2.349414
v -0.099155 2.883345 2.349155
v -0.099414 2.884500 2.349414
v -0.099414 2.883086 2.348000
v -0.098000 2.915500 1.150000
v -0.100000 2.915500 1.152000
v -0.098000 2.917500 1.152000
v -0.099414 2.915500 1.150586
v -0.099155 2.916655 1.150845
v -0.099414 2.916914 1.152000
v -0.098000 2.916914 1.150586
v -0.098000 2.915500 2.350000
v -0.098000 2.917500 2.348000
v -0.100000 2.915500 2.348000
v -0.098000 2.916914 2.349414
v -0.099155 2.916655 2.349155
v -0.099414 2.916914 2.348000
v -0.099414 2.915500 2.349414
v -0.052000 2.884500 1.150000
v -0.050000 2.884500 1.152000
v -0.052000 2.882500 1.152000
v -0.050586 2.884500 1.150586
v -0.050845 2.883345 1.150845
v -0.050586 2.883086 1.152000
v -0.052000 2.883086 1.150586
v -0.052000 2.884500 2.350000
v -0.052000 2.882500 2.348000
v -0.050000 2.884500 2.348000
v -0.052000 2.883086 2.349414
v -0.050845 2.883345 2.349155
v -0.050586 2.883086 2.348000
v -0.050586 2.884500 2.349414
v -0.052000 2.915500 1.150000
v -0.052000 2.917500 1.152000
v -0.050000 2.915500 1.152000
v -0.052000 2.916914 1.150586
v -0.050845 2.916655 1.150845
v -0.050586 2.916914 1.152000
v -0.050586 2.915500 1.150586
v -0.052000 2.915500 2.350000
v -0.050000 2.915500 2.348000
v -0.052000 2.917500 2.348000
v -0.050586 2.915500 2.349414
v -0.050845 2.916655 2.349155
v -0.050586 2.916914 2.348000
v -0.052000 2.916914 2.349414
v -0.098000 2.883086 1.150586
v -0.099155 2.883345 1.150845
v -0.099155 2.883345 1.150845
v -0.099414 2.884500 1.150586
v -0.099414 2.883086 1.152000
v -0.098000 2.883086 2.349414
v -0.099155 2.883345 2.349155
v -0.099155 2.883345 2.349155
v -0.099414 2.883086 2.348000
v -0.099414 2.884500 2.349414
v -0.099414 2.915500 1.150586
v -0.099155 2.916655 1.150845
v -0.099155 2.916655 1.150845
v -0.098000 2.916914 1.150586
v -0.099414 2.916914 1.152000
v -0.098000 2.916914 2.349414
v -0.099155 2.916655 2.349155
v -0.099155 2.916655 2.349155
v -0.099414 2.915500 2.349414
v -0.099414 2.916914 2.348000
v -0.050586 2.884500 1.150586
v -0.050845 2.883345 1.150845
v -0.050845 2.883345 1.150845
v -0.052000 2.883086 1.150586
v -0.050586 2.883086 1.152000
v -0.052000 2.883086 2.349414
v -0.050845 2.883345 2.349155
v -0.050845 2.883345 2.349155
v -0.050586 2.884500 2.349414
v -0.050586 2.883086 2.348000
v -0.052000 2.916914 1.150586
v -0.050845 2.916655 1.150845
v -0.050845 2.916655 1.150845
v -0.050586 2.915500 1.150586
v -0.050586 2.916914 1.152000
v -0.050586 2.915500 2.349414
v -0.050845 2.916655 2.349155
v -0.050845 2.916655 2.349155
v -0.052000 2.916914 2.349414
v -0.050586 2.916914 2.348000
s 0
f 415 421 392 386
f 429 435 422 414
f 434 406 393 420
f 387 394 408 400
f 401 407 436 428
f 385 441 442 444
f 386 445 443 388
f 387 391 389 390
f 392 446 447 449
f 393 450 448 395
f 394 398 396 397
f 399 451 452 454
f 400 455 453 402
f 401 405 403 404
f 406 456 457 459
f 407 460 458 409
f 408 412 410 411
f 413 461 462 464
f 414 465 463 416
f 415 419 417 418
f 420 466 467 469
f 421 470 468 423
f 422 426 424 425
f 427 471 472 474
f 428 475 473 430
f 429 433 431 432
f 434 476 477 479
f 435 480 478 437
f 436 440 438 439
f 399 385 444 451
f 402 391 387 400
f 386 392 449 445
f 390 398 394 387
f 393 406 459 450
f 397 412 408 394
f 407 401 404 460
f 411 455 400 408
f 427 399 454 471
f 430 405 401 428
f 406 434 479 456
f 409 440 436 407
f 435 429 432 480
f 439 475 428 436
f 413 427 474 461
f 416 433 429 414
f 434 420 469 476
f 437 426 422 435
f 421 415 418 470
f 425 465 414 422
f 385 413 464 441
f 388 419 415 386
f 420 393 395 466
f 423 446 392 421
f 399 427 413 385
o w1_reveal_ext
v -0.168000 2.422000 2.350000
v -0.168000 2.420000 2.352000
v -0.170000 2.422000 2.352000
v -0.168000 2.420586 2.350586
v -0.169155 2.420846 2.350845
v -0.169414 2.420586 2.352000
v -0.169414 2.422000 2.350586
v -0.168000 2.420000 2.398000
v -0.168000 2.422000 2.400000
v -0.170000 2.422000 2.398000
v -0.168000 2.420586 2.399414
v -0.169155 2.420846 2.399155
v -0.169414 2.422000 2.399414
v -0.169414 2.420586 2.398000
v -0.168000 3.378000 2.350000
v -0.170000 3.378000 2.352000
v -0.168000 3.380000 2.352000
v -0.169414 3.378000 2.350586
v -0.169155 3.379155 2.350845
v -0.169414 3.379414 2.352000
v -0.168000 3.379414 2.350586
v -0.168000 3.378000 2.400000
v -0.168000 3.380000 2.398000
v -0.170000 3.378000 2.398000
v -0.168000 3.379414 2.399414
v -0.169155 3.379155 2.399155
v -0.169414 3.379414 2.398000
v -0.169414 3.378000 2.399414
v -0.152000 2.422000 2.350000
v -0.150000 2.422000 2.352000
v -0.152000 2.420000 2.352000
v -0.150586 2.422000 2.350586
v -0.150845 2.420846 2.350845
v -0.150586 2.420586 2.352000
v -0.152000 2.420586 2.350586
v -0.152000 2.422000 2.400000
v -0.152000 2.420000 2.398000
v -0.150000 2.422000 2.398000
v -0.152000 2.420586 2.399414
v -0.150845 2.420846 2.399155
v -0.150586 2.420586 2.398000
v -0.150586 2.422000 2.399414
v -0.152000 3.378000 2.350000
v -0.152000 3.380000 2.352000
v -0.150000 3.378000 2.352000
v -0.152000 3.379414 2.350586
v -0.150845 3.379155 2.350845
v -0.150586 3.379414 2.352000
v -0.150586 3.378000 2.350586
v -0.152000 3.378000 2.400000
v -0.150000 3.378000 2.398000
v -0.152000 3.380000 2.398000
v -0.150586 3.378000 2.399414
v -0.150845 3.379155 2.399155
v -0.150586 3.379414 2.398000
v -0.152000 3.379414 2.399414
v -0.168000 2.420586 2.350586
v -0.169155 2.420846 2.350845
v -0.169155 2.420846 2.350845
v -0.169414 2.422000 2.350586
v -0.169414 2.420586 2.352000
v -0.168000 2.420586 2.399414
v -0.169155 2.420846 2.399155
v -0.169155 2.420846 2.399155
v -0.169414 2.420586 2.398000
v -0.169414 2.422000 2.399414
v -0.169414 3.378000 2.350586
v -0.169155 3.379155 2.350845
v -0.169155 3.379155 2.350845
v -0.168000 3.379414 2.350586
v -0.169414 3.379414 2.352000
v -0.168000 3.379414 2.399414
v -0.169155 3.379155 2.399155
v -0.169155 3.379155 2.399155
v -0.169414 3.378000 2.399414
v -0.169414 3.379414 2.398000
v -0.150586 2.422000 2.350586
v -0.150845 2.420846 2.350845
v -0.150845 2.420846 2.350845
v -0.152000 2.420586 2.350586
v -0.150586 2.420586 2.352000
v -0.152000 2.420586 2.399414
v -0.150845 2.420846 2.399155
v -0.150845 2.420846 2.399155
v -0.150586 2.422000 2.399414
v -0.150586 2.420586 2.398000
v -0.152000 3.379414 2.350586
v -0.150845 3.379155 2.350845
v -0.150845 3.379155 2.350845
v -0.150586 3.378000 2.350586
v -0.150586 3.379414 2.352000
v -0.150586 3.378000 2.399414
v -0.150845 3.379155 2.399155
v -0.150845 3.379155 2.399155
v -0.152000 3.379414 2.399414
v -0.150586 3.379414 2.398000
s 0
f 511 517 488 482
f 525 531 518 510
f 530 502 489 516
f 483 490 504 496
f 497 503 532 524
f 481 537 538 540
f 482 541 539 484
f 483 487 485 486
f 488 542 543 545
f 489 546 544 491
f 490 494 492 493
f 495 547 548 550
f 496 551 549 498
f 497 501 499 500
f 502 552 553 555
f 503 556 554 505
f 504 508 506 507
f 509 557 558 560
f 510 561 559 512
f 511 515 513 514
f 516 562 563 565
f 517 566 564 519
f 518 522 520 521
f 523 567 568 570
f 524 571 569 526
f 525 529 527 528
f 530 572 573 575
f 531 576 574 533
f 532 536 534 535
f 495 481 540 547
f 498 487 483 496
f 482 488 545 541
f 486 494 490 483
f 489 502 555 546
f 493 508 504 490
f 503 497 500 556
f 507 551 496 504
f 523 495 550 567
f 526 501 497 524
f 502 530 575 552
f 505 536 532 503
f 531 525 528 576
f 535 571 524 532
f 509 523 570 557
f 512 529 525 510
f 530 516 565 572
f 533 522 518 531
f 517 511 514 566
f 521 561 510 518
f 481 509 560 537
f 484 515 511 482
f 516 489 491 562
f 519 542 488 517
f 495 523 509 481
o glz_head
v 2.802000 7.402000 2.620000
v 2.802000 7.400000 2.622000
v 2.800000 7.402000 2.622000
v 2.802000 7.400586 2.620586
v 2.800845 7.400845 2.620845
v 2.800586 7.400586 2.622000
v 2.800586 7.402000 2.620586
v 2.802000 7.400000 2.698000
v 2.802000 7.402000 2.700000
v 2.800000 7.402000 2.698000
v 2.802000 7.400586 2.699414
v 2.800845 7.400845 2.699155
v 2.800586 7.402000 2.699414
v 2.800586 7.400586 2.698000
v 2.802000 7.538000 2.620000
v 2.800000 7.538000 2.622000
v 2.802000 7.540000 2.622000
v 2.800586 7.538000 2.620586
v 2.800845 7.539155 2.620845
v 2.800586 7.539414 2.622000
v 2.802000 7.539414 2.620586
v 2.802000 7.538000 2.700000
v 2.802000 7.540000 2.698000
v 2.800000 7.538000 2.698000
v 2.802000 7.539414 2.699414
v 2.800845 7.539155 2.699155
v 2.800586 7.539414 2.698000
v 2.800586 7.538000 2.699414
v 8.598000 7.402000 2.620000
v 8.600000 7.402000 2.622000
v 8.598000 7.400000 2.622000
v 8.599414 7.402000 2.620586
v 8.599154 7.400845 2.620845
v 8.599414 7.400586 2.622000
v 8.598000 7.400586 2.620586
v 8.598000 7.402000 2.700000
v 8.598000 7.400000 2.698000
v 8.600000 7.402000 2.698000
v 8.598000 7.400586 2.699414
v 8.599154 7.400845 2.699155
v 8.599414 7.400586 2.698000
v 8.599414 7.402000 2.699414
v 8.598000 7.538000 2.620000
v 8.598000 7.540000 2.622000
v 8.600000 7.538000 2.622000
v 8.598000 7.539414 2.620586
v 8.599154 7.539155 2.620845
v 8.599414 7.539414 2.622000
v 8.599414 7.538000 2.620586
v 8.598000 7.538000 2.700000
v 8.600000 7.538000 2.698000
v 8.598000 7.540000 2.698000
v 8.599414 7.538000 2.699414
v 8.599154 7.539155 2.699155
v 8.599414 7.539414 2.698000
v 8.598000 7.539414 2.699414
v 2.802000 7.400586 2.620586
v 2.800845 7.400845 2.620845
v 2.800845 7.400845 2.620845
v 2.800586 7.402000 2.620586
v 2.800586 7.400586 2.622000
v 2.802000 7.400586 2.699414
v 2.800845 7.400845 2.699155
v 2.800845 7.400845 2.699155
v 2.800586 7.400586 2.698000
v 2.800586 7.402000 2.699414
v 2.800586 7.538000 2.620586
v 2.800845 7.539155 2.620845
v 2.800845 7.539155 2.620845
v 2.802000 7.539414 2.620586
v 2.800586 7.539414 2.622000
v 2.802000 7.539414 2.699414
v 2.800845 7.539155 2.699155
v 2.800845 7.539155 2.699155
v 2.800586 7.538000 2.699414
v 2.800586 7.539414 2.698000
v 8.599414 7.402000 2.620586
v 8.599154 7.400845 2.620845
v 8.599154 7.400845 2.620845
v 8.598000 7.400586 2.620586
v 8.599414 7.400586 2.622000
v 8.598000 7.400586 2.699414
v 8.599154 7.400845 2.699155
v 8.599154 7.400845 2.699155
v 8.599414 7.402000 2.699414
v 8.599414 7.400586 2.698000
v 8.598000 7.539414 2.620586
v 8.599154 7.539155 2.620845
v 8.599154 7.539155 2.620845
v 8.599414 7.538000 2.620586
v 8.599414 7.539414 2.622000
v 8.599414 7.538000 2.699414
v 8.599154 7.539155 2.699155
v 8.599154 7.539155 2.699155
v 8.598000 7.539414 2.699414
v 8.599414 7.539414 2.698000
s 0
f 607 613 584 578
f 621 627 614 606
f 626 598 585 612
f 579 586 600 592
f 593 599 628 620
f 577 633 634 636
f 578 637 635 580
f 579 583 581 582
f 584 638 639 641
f 585 642 640 587
f 586 590 588 589
f 591 643 644 646
f 592 647 645 594
f 593 597 595 596
f 598 648 649 651
f 599 652 650 601
f 600 604 602 603
f 605 653 654 656
f 606 657 655 608
f 607 611 609 610
f 612 658 659 661
f 613 662 660 615
f 614 618 616 617
f 619 663 664 666
f 620 667 665 622
f 621 625 623 624
f 626 668 669 671
f 627 672 670 629
f 628 632 630 631
f 591 577 636 643
f 594 583 579 592
f 578 584 641 637
f 582 590 586 579
f 585 598 651 642
f 589 604 600 586
f 599 593 596 652
f 603 647 592 600
f 619 591 646 663
f 622 597 593 620
f 598 626 671 648
f 601 632 628 599
f 627 621 624 672
f 631 667 620 628
f 605 619 666 653
f 608 625 621 606
f 626 612 661 668
f 629 618 614 627
f 613 607 610 662
f 617 657 606 614
f 577 605 656 633
f 580 611 607 578
f 612 585 587 658
f 615 638 584 613
f 591 619 605 577
o glz_mull_0
v 2.767000 7.402000 0.030000
v 2.767000 7.400000 0.032000
v 2.765000 7.402000 0.032000
v 2.767000 7.400586 0.030586
v 2.765845 7.400845 0.030845
v 2.765586 7.400586 0.032000
v 2.765586 7.402000 0.030586
v 2.767000 7.400000 2.668000
v 2.767000 7.402000 2.670000
v 2.765000 7.402000 2.668000
v 2.767000 7.400586 2.669414
v 2.765845 7.400845 2.669155
v 2.765586 7.402000 2.669414
v 2.765586 7.400586 2.668000
v 2.767000 7.498000 0.030000
v 2.765000 7.498000 0.032000
v 2.767000 7.500000 0.032000
v 2.765586 7.498000 0.030586
v 2.765845 7.499155 0.030845
v 2.765586 7.499414 0.032000
v 2.767000 7.499414 0.030586
v 2.767000 7.498000 2.670000
v 2.767000 7.500000 2.668000
v 2.765000 7.498000 2.668000
v 2.767000 7.499414 2.669414
v 2.765845 7.499155 2.669155
v 2.765586 7.499414 2.668000
v 2.765586 7.498000 2.669414
v 2.833000 7.402000 0.030000
v 2.835000 7.402000 0.032000
v 2.833000 7.400000 0.032000
v 2.834414 7.402000 0.030586
v 2.834155 7.400845 0.030845
v 2.834414 7.400586 0.032000
v 2.833000 7.400586 0.030586
v 2.833000 7.402000 2.670000
v 2.833000 7.400000 2.668000
v 2.835000 7.402000 2.668000
v 2.833000 7.400586 2.669414
v 2.834155 7.400845 2.669155
v 2.834414 7.400586 2.668000
v 2.834414 7.402000 2.669414
v 2.833000 7.498000 0.030000
v 2.833000 7.500000 0.032000
v 2.835000 7.498000 0.032000
v 2.833000 7.499414 0.030586
v 2.834155 7.499155 0.030845
v 2.834414 7.499414 0.032000
v 2.834414 7.498000 0.030586
v 2.833000 7.498000 2.670000
v 2.835000 7.498000 2.668000
v 2.833000 7.500000 2.668000
v 2.834414 7.498000 2.669414
v 2.834155 7.499155 2.669155
v 2.834414 7.499414 2.668000
v 2.833000 7.499414 2.669414
v 2.767000 7.400586 0.030586
v 2.765845 7.400845 0.030845
v 2.765845 7.400845 0.030845
v 2.765586 7.402000 0.030586
v 2.765586 7.400586 0.032000
v 2.767000 7.400586 2.669414
v 2.765845 7.400845 2.669155
v 2.765845 7.400845 2.669155
v 2.765586 7.400586 2.668000
v 2.765586 7.402000 2.669414
v 2.765586 7.498000 0.030586
v 2.765845 7.499155 0.030845
v 2.765845 7.499155 0.030845
v 2.767000 7.499414 0.030586
v 2.765586 7.499414 0.032000
v 2.767000 7.499414 2.669414
v 2.765845 7.499155 2.669155
v 2.765845 7.499155 2.669155
v 2.765586 7.498000 2.669414
v 2.765586 7.499414 2.668000
v 2.834414 7.402000 0.030586
v 2.834155 7.400845 0.030845
v 2.834155 7.400845 0.030845
v 2.833000 7.400586 0.030586
v 2.834414 7.400586 0.032000
v 2.833000 7.400586 2.669414
v 2.834155 7.400845 2.669155
v 2.834155 7.400845 2.669155
v 2.834414 7.402000 2.669414
v 2.834414 7.400586 2.668000
v 2.833000 7.499414 0.030586
v 2.834155 7.499155 0.030845
v 2.834155 7.499155 0.030845
v 2.834414 7.498000 0.030586
v 2.834414 7.499414 0.032000
v 2.834414 7.498000 2.669414
v 2.834155 7.499155 2.669155
v 2.834155 7.499155 2.669155
v 2.833000 7.499414 2.669414
v 2.834414 7.499414 2.668000
s 0
f 703 709 680 674
f 717 723 710 702
f 722 694 681 708
f 675 682 696 688
f 689 695 724 716
f 673 729 730 732
f 674 733 731 676
f 675 679 677 678
f 680 734 735 737
f 681 738 736 683
f 682 686 684 685
f 687 739 740 742
f 688 743 741 690
f 689 693 691 692
f 694 744 745 747
f 695 748 746 697
f 696 700 698 699
f 701 749 750 752
f 702 753 751 704
f 703 707 705 706
f 708 754 755 757
f 709 758 756 711
f 710 714 712 713
f 715 759 760 762
f 716 763 761 718
f 717 721 719 720
f 722 764 765 767
f 723 768 766 725
f 724 728 726 727
f 687 673 732 739
f 690 679 675 688
f 674 680 737 733
f 678 686 682 675
f 681 694 747 738
f 685 700 696 682
f 695 689 692 748
f 699 743 688 696
f 715 687 742 759
f 718 693 689 716
f 694 722 767 744
f 697 728 724 695
f 723 717 720 768
f 727 763 716 724
f 701 715 762 749
f 704 721 717 702
f 722 708 757 764
f 725 714 710 723
f 709 703 706 758
f 713 753 702 710
f 673 701 752 729
f 676 707 703 674
f 708 681 683 754
f 711 734 680 709
f 687 715 701 673
o glz_mull_1
v 4.217000 7.402000 0.030000
v 4.217000 7.400000 0.032000
v 4.215000 7.402000 0.032000
v 4.217000 7.400586 0.030586
v 4.215845 7.400845 0.030845
v 4.215586 7.400586 0.032000
v 4.215586 7.402000 0.030586
v 4.217000 7.400000 2.668000
v 4.217000 7.402000 2.670000
v 4.215000 7.402000 2.668000
v 4.217000 7.400586 2.669414
v 4.215845 7.400845 2.669155
v 4.215586 7.402000 2.669414
v 4.215586 7.400586 2.668000
v 4.217000 7.498000 0.030000
v 4.215000 7.498000 0.032000
v 4.217000 7.500000 0.032000
v 4.215586 7.498000 0.030586
v 4.215845 7.499155 0.030845
v 4.215586 7.499414 0.032000
v 4.217000 7.499414 0.030586
v 4.217000 7.498000 2.670000
v 4.217000 7.500000 2.668000
v 4.215000 7.498000 2.668000
v 4.217000 7.499414 2.669414
v 4.215845 7.499155 2.669155
v 4.215586 7.499414 2.668000
v 4.215586 7.498000 2.669414
v 4.283000 7.402000 0.030000
v 4.285000 7.402000 0.032000
v 4.283000 7.400000 0.032000
v 4.284414 7.402000 0.030586
v 4.284155 7.400845 0.030845
v 4.284414 7.400586 0.032000
v 4.283000 7.400586 0.030586
v 4.283000 7.402000 2.670000
v 4.283000 7.400000 2.668000
v 4.285000 7.402000 2.668000
v 4.283000 7.400586 2.669414
v 4.284155 7.400845 2.669155
v 4.284414 7.400586 2.668000
v 4.284414 7.402000 2.669414
v 4.283000 7.498000 0.030000
v 4.283000 7.500000 0.032000
v 4.285000 7.498000 0.032000
v 4.283000 7.499414 0.030586
v 4.284155 7.499155 0.030845
v 4.284414 7.499414 0.032000
v 4.284414 7.498000 0.030586
v 4.283000 7.498000 2.670000
v 4.285000 7.498000 2.668000
v 4.283000 7.500000 2.668000
v 4.284414 7.498000 2.669414
v 4.284155 7.499155 2.669155
v 4.284414 7.499414 2.668000
v 4.283000 7.499414 2.669414
v 4.217000 7.400586 0.030586
v 4.215845 7.400845 0.030845
v 4.215845 7.400845 0.030845
v 4.215586 7.402000 0.030586
v 4.215586 7.400586 0.032000
v 4.217000 7.400586 2.669414
v 4.215845 7.400845 2.669155
v 4.215845 7.400845 2.669155
v 4.215586 7.400586 2.668000
v 4.215586 7.402000 2.669414
v 4.215586 7.498000 0.030586
v 4.215845 7.499155 0.030845
v 4.215845 7.499155 0.030845
v 4.217000 7.499414 0.030586
v 4.215586 7.499414 0.032000
v 4.217000 7.499414 2.669414
v 4.215845 7.499155 2.669155
v 4.215845 7.499155 2.669155
v 4.215586 7.498000 2.669414
v 4.215586 7.499414 2.668000
v 4.284414 7.402000 0.030586
v 4.284155 7.400845 0.030845
v 4.284155 7.400845 0.030845
v 4.283000 7.400586 0.030586
v 4.284414 7.400586 0.032000
v 4.283000 7.400586 2.669414
v 4.284155 7.400845 2.669155
v 4.284155 7.400845 2.669155
v 4.284414 7.402000 2.669414
v 4.284414 7.400586 2.668000
v 4.283000 7.499414 0.030586
v 4.284155 7.499155 0.030845
v 4.284155 7.499155 0.030845
v 4.284414 7.498000 0.030586
v 4.284414 7.499414 0.032000
v 4.284414 7.498000 2.669414
v 4.284155 7.499155 2.669155
v 4.284155 7.499155 2.669155
v 4.283000 7.499414 2.669414
v 4.284414 7.499414 2.668000
s 0
f 799 805 776 770
f 813 819 806 798
f 818 790 777 804
f 771 778 792 784
f 785 791 820 812
f 769 825 826 828
f 770 829 827 772
f 771 775 773 774
f 776 830 831 833
f 777 834 832 779
f 778 782 780 781
f 783 835 836 838
f 784 839 837 786
f 785 789 787 788
f 790 840 841 843
f 791 844 842 793
f 792 796 794 795
f 797 845 846 848
f 798 849 847 800
f 799 803 801 802
f 804 850 851 853
f 805 854 852 807
f 806 810 808 809
f 811 855 856 858
f 812 859 857 814
f 813 817 815 816
f 818 860 861 863
f 819 864 862 821
f 820 824 822 823
f 783 769 828 835
f 786 775 771 784
f 770 776 833 829
f 774 782 778 771
f 777 790 843 834
f 781 796 792 778
f 791 785 788 844
f 795 839 784 792
f 811 783 838 855
f 814 789 785 812
f 790 818 863 840
f 793 824 820 791
f 819 813 816 864
f 823 859 812 820
f 797 811 858 845
f 800 817 813 798
f 818 804 853 860
f 821 810 806 819
f 805 799 802 854
f 809 849 798 806
f 769 797 848 825
f 772 803 799 770
f 804 777 779 850
f 807 830 776 805
f 783 811 797 769
o glz_mull_2
v 5.667000 7.402000 0.030000
v 5.667000 7.400000 0.032000
v 5.665000 7.402000 0.032000
v 5.667000 7.400586 0.030586
v 5.665845 7.400845 0.030845
v 5.665586 7.400586 0.032000
v 5.665586 7.402000 0.030586
v 5.667000 7.400000 2.668000
v 5.667000 7.402000 2.670000
v 5.665000 7.402000 2.668000
v 5.667000 7.400586 2.669414
v 5.665845 7.400845 2.669155
v 5.665586 7.402000 2.669414
v 5.665586 7.400586 2.668000
v 5.667000 7.498000 0.030000
v 5.665000 7.498000 0.032000
v 5.667000 7.500000 0.032000
v 5.665586 7.498000 0.030586
v 5.665845 7.499155 0.030845
v 5.665586 7.499414 0.032000
v 5.667000 7.499414 0.030586
v 5.667000 7.498000 2.670000
v 5.667000 7.500000 2.668000
v 5.665000 7.498000 2.668000
v 5.667000 7.499414 2.669414
v 5.665845 7.499155 2.669155
v 5.665586 7.499414 2.668000
v 5.665586 7.498000 2.669414
v 5.733000 7.402000 0.030000
v 5.735000 7.402000 0.032000
v 5.733000 7.400000 0.032000
v 5.734414 7.402000 0.030586
v 5.734155 7.400845 0.030845
v 5.734414 7.400586 0.032000
v 5.733000 7.400586 0.030586
v 5.733000 7.402000 2.670000
v 5.733000 7.400000 2.668000
v 5.735000 7.402000 2.668000
v 5.733000 7.400586 2.669414
v 5.734155 7.400845 2.669155
v 5.734414 7.400586 2.668000
v 5.734414 7.402000 2.669414
v 5.733000 7.498000 0.030000
v 5.733000 7.500000 0.032000
v 5.735000 7.498000 0.032000
v 5.733000 7.499414 0.030586
v 5.734155 7.499155 0.030845
v 5.734414 7.499414 0.032000
v 5.734414 7.498000 0.030586
v 5.733000 7.498000 2.670000
v 5.735000 7.498000 2.668000
v 5.733000 7.500000 2.668000
v 5.734414 7.498000 2.669414
v 5.734155 7.499155 2.669155
v 5.734414 7.499414 2.668000
v 5.733000 7.499414 2.669414
v 5.667000 7.400586 0.030586
v 5.665845 7.400845 0.030845
v 5.665845 7.400845 0.030845
v 5.665586 7.402000 0.030586
v 5.665586 7.400586 0.032000
v 5.667000 7.400586 2.669414
v 5.665845 7.400845 2.669155
v 5.665845 7.400845 2.669155
v 5.665586 7.400586 2.668000
v 5.665586 7.402000 2.669414
v 5.665586 7.498000 0.030586
v 5.665845 7.499155 0.030845
v 5.665845 7.499155 0.030845
v 5.667000 7.499414 0.030586
v 5.665586 7.499414 0.032000
v 5.667000 7.499414 2.669414
v 5.665845 7.499155 2.669155
v 5.665845 7.499155 2.669155
v 5.665586 7.498000 2.669414
v 5.665586 7.499414 2.668000
v 5.734414 7.402000 0.030586
v 5.734155 7.400845 0.030845
v 5.734155 7.400845 0.030845
v 5.733000 7.400586 0.030586
v 5.734414 7.400586 0.032000
v 5.733000 7.400586 2.669414
v 5.734155 7.400845 2.669155
v 5.734155 7.400845 2.669155
v 5.734414 7.402000 2.669414
v 5.734414 7.400586 2.668000
v 5.733000 7.499414 0.030586
v 5.734155 7.499155 0.030845
v 5.734155 7.499155 0.030845
v 5.734414 7.498000 0.030586
v 5.734414 7.499414 0.032000
v 5.734414 7.498000 2.669414
v 5.734155 7.499155 2.669155
v 5.734155 7.499155 2.669155
v 5.733000 7.499414 2.669414
v 5.734414 7.499414 2.668000
s 0
f 895 901 872 866
f 909 915 902 894
f 914 886 873 900
f 867 874 888 880
f 881 887 916 908
f 865 921 922 924
f 866 925 923 868
f 867 871 869 870
f 872 926 927 929
f 873 930 928 875
f 874 878 876 877
f 879 931 932 934
f 880 935 933 882
f 881 885 883 884
f 886 936 937 939
f 887 940 938 889
f 888 892 890 891
f 893 941 942 944
f 894 945 943 896
f 895 899 897 898
f 900 946 947 949
f 901 950 948 903
f 902 906 904 905
f 907 951 952 954
f 908 955 953 910
f 909 913 911 912
f 914 956 957 959
f 915 960 958 917
f 916 920 918 919
f 879 865 924 931
f 882 871 867 880
f 866 872 929 925
f 870 878 874 867
f 873 886 939 930
f 877 892 888 874
f 887 881 884 940
f 891 935 880 888
f 907 879 934 951
f 910 885 881 908
f 886 914 959 936
f 889 920 916 887
f 915 909 912 960
f 919 955 908 916
f 893 907 954 941
f 896 913 909 894
f 914 900 949 956
f 917 906 902 915
f 901 895 898 950
f 905 945 894 902
f 865 893 944 921
f 868 899 895 866
f 900 873 875 946
f 903 926 872 901
f 879 907 893 865
o glz_mull_3
v 7.117000 7.402000 0.030000
v 7.117000 7.400000 0.032000
v 7.115000 7.402000 0.032000
v 7.117000 7.400586 0.030586
v 7.115845 7.400845 0.030845
v 7.115586 7.400586 0.032000
v 7.115586 7.402000 0.030586
v 7.117000 7.400000 2.668000
v 7.117000 7.402000 2.670000
v 7.115000 7.402000 2.668000
v 7.117000 7.400586 2.669414
v 7.115845 7.400845 2.669155
v 7.115586 7.402000 2.669414
v 7.115586 7.400586 2.668000
v 7.117000 7.498000 0.030000
v 7.115000 7.498000 0.032000
v 7.117000 7.500000 0.032000
v 7.115586 7.498000 0.030586
v 7.115845 7.499155 0.030845
v 7.115586 7.499414 0.032000
v 7.117000 7.499414 0.030586
v 7.117000 7.498000 2.670000
v 7.117000 7.500000 2.668000
v 7.115000 7.498000 2.668000
v 7.117000 7.499414 2.669414
v 7.115845 7.499155 2.669155
v 7.115586 7.499414 2.668000
v 7.115586 7.498000 2.669414
v 7.183000 7.402000 0.030000
v 7.185000 7.402000 0.032000
v 7.183000 7.400000 0.032000
v 7.184414 7.402000 0.030586
v 7.184155 7.400845 0.030845
v 7.184414 7.400586 0.032000
v 7.183000 7.400586 0.030586
v 7.183000 7.402000 2.670000
v 7.183000 7.400000 2.668000
v 7.185000 7.402000 2.668000
v 7.183000 7.400586 2.669414
v 7.184155 7.400845 2.669155
v 7.184414 7.400586 2.668000
v 7.184414 7.402000 2.669414
v 7.183000 7.498000 0.030000
v 7.183000 7.500000 0.032000
v 7.185000 7.498000 0.032000
v 7.183000 7.499414 0.030586
v 7.184155 7.499155 0.030845
v 7.184414 7.499414 0.032000
v 7.184414 7.498000 0.030586
v 7.183000 7.498000 2.670000
v 7.185000 7.498000 2.668000
v 7.183000 7.500000 2.668000
v 7.184414 7.498000 2.669414
v 7.184155 7.499155 2.669155
v 7.184414 7.499414 2.668000
v 7.183000 7.499414 2.669414
v 7.117000 7.400586 0.030586
v 7.115845 7.400845 0.030845
v 7.115845 7.400845 0.030845
v 7.115586 7.402000 0.030586
v 7.115586 7.400586 0.032000
v 7.117000 7.400586 2.669414
v 7.115845 7.400845 2.669155
v 7.115845 7.400845 2.669155
v 7.115586 7.400586 2.668000
v 7.115586 7.402000 2.669414
v 7.115586 7.498000 0.030586
v 7.115845 7.499155 0.030845
v 7.115845 7.499155 0.030845
v 7.117000 7.499414 0.030586
v 7.115586 7.499414 0.032000
v 7.117000 7.499414 2.669414
v 7.115845 7.499155 2.669155
v 7.115845 7.499155 2.669155
v 7.115586 7.498000 2.669414
v 7.115586 7.499414 2.668000
v 7.184414 7.402000 0.030586
v 7.184155 7.400845 0.030845
v 7.184155 7.400845 0.030845
v 7.183000 7.400586 0.030586
v 7.184414 7.400586 0.032000
v 7.183000 7.400586 2.669414
v 7.184155 7.400845 2.669155
v 7.184155 7.400845 2.669155
v 7.184414 7.402000 2.669414
v 7.184414 7.400586 2.668000
v 7.183000 7.499414 0.030586
v 7.184155 7.499155 0.030845
v 7.184155 7.499155 0.030845
v 7.184414 7.498000 0.030586
v 7.184414 7.499414 0.032000
v 7.184414 7.498000 2.669414
v 7.184155 7.499155 2.669155
v 7.184155 7.499155 2.669155
v 7.183000 7.499414 2.669414
v 7.184414 7.499414 2.668000
s 0
f 991 997 968 962
f 1005 1011 998 990
f 1010 982 969 996
f 963 970 984 976
f 977 983 1012 1004
f 961 1017 1018 1020
f 962 1021 1019 964
f 963 967 965 966
f 968 1022 1023 1025
f 969 1026 1024 971
f 970 974 972 973
f 975 1027 1028 1030
f 976 1031 1029 978
f 977 981 979 980
f 982 1032 1033 1035
f 983 1036 1034 985
f 984 988 986 987
f 989 1037 1038 1040
f 990 1041 1039 992
f 991 995 993 994
f 996 1042 1043 1045
f 997 1046 1044 999
f 998 1002 1000 1001
f 1003 1047 1048 1050
f 1004 1051 1049 1006
f 1005 1009 1007 1008
f 1010 1052 1053 1055
f 1011 1056 1054 1013
f 1012 1016 1014 1015
f 975 961 1020 1027
f 978 967 963 976
f 962 968 1025 1021
f 966 974 970 963
f 969 982 1035 1026
f 973 988 984 970
f 983 977 980 1036
f 987 1031 976 984
f 1003 975 1030 1047
f 1006 981 977 1004
f 982 1010 1055 1032
f 985 1016 1012 983
f 1011 1005 1008 1056
f 1015 1051 1004 1012
f 989 1003 1050 1037
f 992 1009 1005 990
f 1010 996 1045 1052
f 1013 1002 998 1011
f 997 991 994 1046
f 1001 1041 990 998
f 961 989 1040 1017
f 964 995 991 962
f 996 969 971 1042
f 999 1022 968 997
f 975 1003 989 961
o glz_mull_4
v 8.567000 7.402000 0.030000
v 8.567000 7.400000 0.032000
v 8.565001 7.402000 0.032000
v 8.567000 7.400586 0.030586
v 8.565845 7.400845 0.030845
v 8.565586 7.400586 0.032000
v 8.565586 7.402000 0.030586
v 8.567000 7.400000 2.668000
v 8.567000 7.402000 2.670000
v 8.565001 7.402000 2.668000
v 8.567000 7.400586 2.669414
v 8.565845 7.400845 2.669155
v 8.565586 7.402000 2.669414
v 8.565586 7.400586 2.668000
v 8.567000 7.498000 0.030000
v 8.565001 7.498000 0.032000
v 8.567000 7.500000 0.032000
v 8.565586 7.498000 0.030586
v 8.565845 7.499155 0.030845
v 8.565586 7.499414 0.032000
v 8.567000 7.499414 0.030586
v 8.567000 7.498000 2.670000
v 8.567000 7.500000 2.668000
v 8.565001 7.498000 2.668000
v 8.567000 7.499414 2.669414
v 8.565845 7.499155 2.669155
v 8.565586 7.499414 2.668000
v 8.565586 7.498000 2.669414
v 8.633000 7.402000 0.030000
v 8.635000 7.402000 0.032000
v 8.633000 7.400000 0.032000
v 8.634415 7.402000 0.030586
v 8.634155 7.400845 0.030845
v 8.634415 7.400586 0.032000
v 8.633000 7.400586 0.030586
v 8.633000 7.402000 2.670000
v 8.633000 7.400000 2.668000
v 8.635000 7.402000 2.668000
v 8.633000 7.400586 2.669414
v 8.634155 7.400845 2.669155
v 8.634415 7.400586 2.668000
v 8.634415 7.402000 2.669414
v 8.633000 7.498000 0.030000
v 8.633000 7.500000 0.032000
v 8.635000 7.498000 0.032000
v 8.633000 7.499414 0.030586
v 8.634155 7.499155 0.030845
v 8.634415 7.499414 0.032000
v 8.634415 7.498000 0.030586
v 8.633000 7.498000 2.670000
v 8.635000 7.498000 2.668000
v 8.633000 7.500000 2.668000
v 8.634415 7.498000 2.669414
v 8.634155 7.499155 2.669155
v 8.634415 7.499414 2.668000
v 8.633000 7.499414 2.669414
v 8.567000 7.400586 0.030586
v 8.565845 7.400845 0.030845
v 8.565845 7.400845 0.030845
v 8.565586 7.402000 0.030586
v 8.565586 7.400586 0.032000
v 8.567000 7.400586 2.669414
v 8.565845 7.400845 2.669155
v 8.565845 7.400845 2.669155
v 8.565586 7.400586 2.668000
v 8.565586 7.402000 2.669414
v 8.565586 7.498000 0.030586
v 8.565845 7.499155 0.030845
v 8.565845 7.499155 0.030845
v 8.567000 7.499414 0.030586
v 8.565586 7.499414 0.032000
v 8.567000 7.499414 2.669414
v 8.565845 7.499155 2.669155
v 8.565845 7.499155 2.669155
v 8.565586 7.498000 2.669414
v 8.565586 7.499414 2.668000
v 8.634415 7.402000 0.030586
v 8.634155 7.400845 0.030845
v 8.634155 7.400845 0.030845
v 8.633000 7.400586 0.030586
v 8.634415 7.400586 0.032000
v 8.633000 7.400586 2.669414
v 8.634155 7.400845 2.669155
v 8.634155 7.400845 2.669155
v 8.634415 7.402000 2.669414
v 8.634415 7.400586 2.668000
v 8.633000 7.499414 0.030586
v 8.634155 7.499155 0.030845
v 8.634155 7.499155 0.030845
v 8.634415 7.498000 0.030586
v 8.634415 7.499414 0.032000
v 8.634415 7.498000 2.669414
v 8.634155 7.499155 2.669155
v 8.634155 7.499155 2.669155
v 8.633000 7.499414 2.669414
v 8.634415 7.499414 2.668000
s 0
f 1087 1093 1064 1058
f 1101 1107 1094 1086
f 1106 1078 1065 1092
f 1059 1066 1080 1072
f 1073 1079 1108 1100
f 1057 1113 1114 1116
f 1058 1117 1115 1060
f 1059 1063 1061 1062
f 1064 1118 1119 1121
f 1065 1122 1120 1067
f 1066 1070 1068 1069
f 1071 1123 1124 1126
f 1072 1127 1125 1074
f 1073 1077 1075 1076
f 1078 1128 1129 1131
f 1079 1132 1130 1081
f 1080 1084 1082 1083
f 1085 1133 1134 1136
f 1086 1137 1135 1088
f 1087 1091 1089 1090
f 1092 1138 1139 1141
f 1093 1142 1140 1095
f 1094 1098 1096 1097
f 1099 1143 1144 1146
f 1100 1147 1145 1102
f 1101 1105 1103 1104
f 1106 1148 1149 1151
f 1107 1152 1150 1109
f 1108 1112 1110 1111
f 1071 1057 1116 1123
f 1074 1063 1059 1072
f 1058 1064 1121 1117
f 1062 1070 1066 1059
f 1065 1078 1131 1122
f 1069 1084 1080 1066
f 1079 1073 1076 1132
f 1083 1127 1072 1080
f 1099 1071 1126 1143
f 1102 1077 1073 1100
f 1078 1106 1151 1128
f 1081 1112 1108 1079
f 1107 1101 1104 1152
f 1111 1147 1100 1108
f 1085 1099 1146 1133
f 1088 1105 1101 1086
f 1106 1092 1141 1148
f 1109 1098 1094 1107
f 1093 1087 1090 1142
f 1097 1137 1086 1094
f 1057 1085 1136 1113
f 1060 1091 1087 1058
f 1092 1065 1067 1138
f 1095 1118 1064 1093
f 1071 1099 1085 1057
o glz_leaf_0_stile_-1
v 2.822000 7.430000 0.050000
v 2.822000 7.428000 0.052000
v 2.820000 7.430000 0.052000
v 2.822000 7.428586 0.050586
v 2.820845 7.428845 0.050845
v 2.820586 7.428586 0.052000
v 2.820586 7.430000 0.050586
v 2.822000 7.428000 2.648000
v 2.822000 7.430000 2.650000
v 2.820000 7.430000 2.648000
v 2.822000 7.428586 2.649414
v 2.820845 7.428845 2.649155
v 2.820586 7.430000 2.649414
v 2.820586 7.428586 2.648000
v 2.822000 7.460000 0.050000
v 2.820000 7.460000 0.052000
v 2.822000 7.462000 0.052000
v 2.820586 7.460000 0.050586
v 2.820845 7.461155 0.050845
v 2.820586 7.461414 0.052000
v 2.822000 7.461414 0.050586
v 2.822000 7.460000 2.650000
v 2.822000 7.462000 2.648000
v 2.820000 7.460000 2.648000
v 2.822000 7.461414 2.649414
v 2.820845 7.461155 2.649155
v 2.820586 7.461414 2.648000
v 2.820586 7.460000 2.649414
v 2.863000 7.430000 0.050000
v 2.865000 7.430000 0.052000
v 2.863000 7.428000 0.052000
v 2.864414 7.430000 0.050586
v 2.864155 7.428845 0.050845
v 2.864414 7.428586 0.052000
v 2.863000 7.428586 0.050586
v 2.863000 7.430000 2.650000
v 2.863000 7.428000 2.648000
v 2.865000 7.430000 2.648000
v 2.863000 7.428586 2.649414
v 2.864155 7.428845 2.649155
v 2.864414 7.428586 2.648000
v 2.864414 7.430000 2.649414
v 2.863000 7.460000 0.050000
v 2.863000 7.462000 0.052000
v 2.865000 7.460000 0.052000
v 2.863000 7.461414 0.050586
v 2.864155 7.461155 0.050845
v 2.864414 7.461414 0.052000
v 2.864414 7.460000 0.050586
v 2.863000 7.460000 2.650000
v 2.865000 7.460000 2.648000
v 2.863000 7.462000 2.648000
v 2.864414 7.460000 2.649414
v 2.864155 7.461155 2.649155
v 2.864414 7.461414 2.648000
v 2.863000 7.461414 2.649414
v 2.822000 7.428586 0.050586
v 2.820845 7.428845 0.050845
v 2.820845 7.428845 0.050845
v 2.820586 7.430000 0.050586
v 2.820586 7.428586 0.052000
v 2.822000 7.428586 2.649414
v 2.820845 7.428845 2.649155
v 2.820845 7.428845 2.649155
v 2.820586 7.428586 2.648000
v 2.820586 7.430000 2.649414
v 2.820586 7.460000 0.050586
v 2.820845 7.461155 0.050845
v 2.820845 7.461155 0.050845
v 2.822000 7.461414 0.050586
v 2.820586 7.461414 0.052000
v 2.822000 7.461414 2.649414
v 2.820845 7.461155 2.649155
v 2.820845 7.461155 2.649155
v 2.820586 7.460000 2.649414
v 2.820586 7.461414 2.648000
v 2.864414 7.430000 0.050586
v 2.864155 7.428845 0.050845
v 2.864155 7.428845 0.050845
v 2.863000 7.428586 0.050586
v 2.864414 7.428586 0.052000
v 2.863000 7.428586 2.649414
v 2.864155 7.428845 2.649155
v 2.864155 7.428845 2.649155
v 2.864414 7.430000 2.649414
v 2.864414 7.428586 2.648000
v 2.863000 7.461414 0.050586
v 2.864155 7.461155 0.050845
v 2.864155 7.461155 0.050845
v 2.864414 7.460000 0.050586
v 2.864414 7.461414 0.052000
v 2.864414 7.460000 2.649414
v 2.864155 7.461155 2.649155
v 2.864155 7.461155 2.649155
v 2.863000 7.461414 2.649414
v 2.864414 7.461414 2.648000
s 0
f 1183 1189 1160 1154
f 1197 1203 1190 1182
f 1202 1174 1161 1188
f 1155 1162 1176 1168
f 1169 1175 1204 1196
f 1153 1209 1210 1212
f 1154 1213 1211 1156
f 1155 1159 1157 1158
f 1160 1214 1215 1217
f 1161 1218 1216 1163
f 1162 1166 1164 1165
f 1167 1219 1220 1222
f 1168 1223 1221 1170
f 1169 1173 1171 1172
f 1174 1224 1225 1227
f 1175 1228 1226 1177
f 1176 1180 1178 1179
f 1181 1229 1230 1232
f 1182 1233 1231 1184
f 1183 1187 1185 1186
f 1188 1234 1235 1237
f 1189 1238 1236 1191
f 1190 1194 1192 1193
f 1195 1239 1240 1242
f 1196 1243 1241 1198
f 1197 1201 1199 1200
f 1202 1244 1245 1247
f 1203 1248 1246 1205
f 1204 1208 1206 1207
f 1167 1153 1212 1219
f 1170 1159 1155 1168
f 1154 1160 1217 1213
f 1158 1166 1162 1155
f 1161 1174 1227 1218
f 1165 1180 1176 1162
f 1175 1169 1172 1228
f 1179 1223 1168 1176
f 1195 1167 1222 1239
f 1198 1173 1169 1196
f 1174 1202 1247 1224
f 1177 1208 1204 1175
f 1203 1197 1200 1248
f 1207 1243 1196 1204
f 1181 1195 1242 1229
f 1184 1201 1197 1182
f 1202 1188 1237 1244
f 1205 1194 1190 1203
f 1189 1183 1186 1238
f 1193 1233 1182 1190
f 1153 1181 1232 1209
f 1156 1187 1183 1154
f 1188 1161 1163 1234
f 1191 1214 1160 1189
f 1167 1195 1181 1153
o glz_leaf_0_stile_1
v 4.187000 7.430000 0.050000
v 4.187000 7.428000 0.052000
v 4.185000 7.430000 0.052000
v 4.187000 7.428586 0.050586
v 4.185845 7.428845 0.050845
v 4.185586 7.428586 0.052000
v 4.185586 7.430000 0.050586
v 4.187000 7.428000 2.648000
v 4.187000 7.430000 2.650000
v 4.185000 7.430000 2.648000
v 4.187000 7.428586 2.649414
v 4.185845 7.428845 2.649155
v 4.185586 7.430000 2.649414
v 4.185586 7.428586 2.648000
v 4.187000 7.460000 0.050000
v 4.185000 7.460000 0.052000
v 4.187000 7.462000 0.052000
v 4.185586 7.460000 0.050586
v 4.185845 7.461155 0.050845
v 4.185586 7.461414 0.052000
v 4.187000 7.461414 0.050586
v 4.187000 7.460000 2.650000
v 4.187000 7.462000 2.648000
v 4.185000 7.460000 2.648000
v 4.187000 7.461414 2.649414
v 4.185845 7.461155 2.649155
v 4.185586 7.461414 2.648000
v 4.185586 7.460000 2.649414
v 4.228000 7.430000 0.050000
v 4.230000 7.430000 0.052000
v 4.228000 7.428000 0.052000
v 4.229414 7.430000 0.050586
v 4.229155 7.428845 0.050845
v 4.229414 7.428586 0.052000
v 4.228000 7.428586 0.050586
v 4.228000 7.430000 2.650000
v 4.228000 7.428000 2.648000
v 4.230000 7.430000 2.648000
v 4.228000 7.428586 2.649414
v 4.229155 7.428845 2.649155
v 4.229414 7.428586 2.648000
v 4.229414 7.430000 2.649414
v 4.228000 7.460000 0.050000
v 4.228000 7.462000 0.052000
v 4.230000 7.460000 0.052000
v 4.228000 7.461414 0.050586
v 4.229155 7.461155 0.050845
v 4.229414 7.461414 0.052000
v 4.229414 7.460000 0.050586
v 4.228000 7.460000 2.650000
v 4.230000 7.460000 2.648000
v 4.228000 7.462000 2.648000
v 4.229414 7.460000 2.649414
v 4.229155 7.461155 2.649155
v 4.229414 7.461414 2.648000
v 4.228000 7.461414 2.649414
v 4.187000 7.428586 0.050586
v 4.185845 7.428845 0.050845
v 4.185845 7.428845 0.050845
v 4.185586 7.430000 0.050586
v 4.185586 7.428586 0.052000
v 4.187000 7.428586 2.649414
v 4.185845 7.428845 2.649155
v 4.185845 7.428845 2.649155
v 4.185586 7.428586 2.648000
v 4.185586 7.430000 2.649414
v 4.185586 7.460000 0.050586
v 4.185845 7.461155 0.050845
v 4.185845 7.461155 0.050845
v 4.187000 7.461414 0.050586
v 4.185586 7.461414 0.052000
v 4.187000 7.461414 2.649414
v 4.185845 7.461155 2.649155
v 4.185845 7.461155 2.649155
v 4.185586 7.460000 2.649414
v 4.185586 7.461414 2.648000
v 4.229414 7.430000 0.050586
v 4.229155 7.428845 0.050845
v 4.229155 7.428845 0.050845
v 4.228000 7.428586 0.050586
v 4.229414 7.428586 0.052000
v 4.228000 7.428586 2.649414
v 4.229155 7.428845 2.649155
v 4.229155 7.428845 2.649155
v 4.229414 7.430000 2.649414
v 4.229414 7.428586 2.648000
v 4.228000 7.461414 0.050586
v 4.229155 7.461155 0.050845
v 4.229155 7.461155 0.050845
v 4.229414 7.460000 0.050586
v 4.229414 7.461414 0.052000
v 4.229414 7.460000 2.649414
v 4.229155 7.461155 2.649155
v 4.229155 7.461155 2.649155
v 4.228000 7.461414 2.649414
v 4.229414 7.461414 2.648000
s 0
f 1279 1285 1256 1250
f 1293 1299 1286 1278
f 1298 1270 1257 1284
f 1251 1258 1272 1264
f 1265 1271 1300 1292
f 1249 1305 1306 1308
f 1250 1309 1307 1252
f 1251 1255 1253 1254
f 1256 1310 1311 1313
f 1257 1314 1312 1259
f 1258 1262 1260 1261
f 1263 1315 1316 1318
f 1264 1319 1317 1266
f 1265 1269 1267 1268
f 1270 1320 1321 1323
f 1271 1324 1322 1273
f 1272 1276 1274 1275
f 1277 1325 1326 1328
f 1278 1329 1327 1280
f 1279 1283 1281 1282
f 1284 1330 1331 1333
f 1285 1334 1332 1287
f 1286 1290 1288 1289
f 1291 1335 1336 1338
f 1292 1339 1337 1294
f 1293 1297 1295 1296
f 1298 1340 1341 1343
f 1299 1344 1342 1301
f 1300 1304 1302 1303
f 1263 1249 1308 1315
f 1266 1255 1251 1264
f 1250 1256 1313 1309
f 1254 1262 1258 1251
f 1257 1270 1323 1314
f 1261 1276 1272 1258
f 1271 1265 1268 1324
f 1275 1319 1264 1272
f 1291 1263 1318 1335
f 1294 1269 1265 1292
f 1270 1298 1343 1320
f 1273 1304 1300 1271
f 1299 1293 1296 1344
f 1303 1339 1292 1300
f 1277 1291 1338 1325
f 1280 1297 1293 1278
f 1298 1284 1333 1340
f 1301 1290 1286 1299
f 1285 1279 1282 1334
f 1289 1329 1278 1286
f 1249 1277 1328 1305
f 1252 1283 1279 1250
f 1284 1257 1259 1330
f 1287 1310 1256 1285
f 1263 1291 1277 1249
o glz_leaf_0_rail_b
v 2.844500 7.430000 0.077500
v 2.844500 7.428000 0.079500
v 2.842500 7.430000 0.079500
v 2.844500 7.428586 0.078086
v 2.843345 7.428845 0.078345
v 2.843086 7.428586 0.079500
v 2.843086 7.430000 0.078086
v 2.844500 7.428000 0.120500
v 2.844500 7.430000 0.122500
v 2.842500 7.430000 0.120500
v 2.844500 7.428586 0.121914
v 2.843345 7.428845 0.121655
v 2.843086 7.430000 0.121914
v 2.843086 7.428586 0.120500
v 2.844500 7.460000 0.077500
v 2.842500 7.460000 0.079500
v 2.844500 7.462000 0.079500
v 2.843086 7.460000 0.078086
v 2.843345 7.461155 0.078345
v 2.843086 7.461414 0.079500
v 2.844500 7.461414 0.078086
v 2.844500 7.460000 0.122500
v 2.844500 7.462000 0.120500
v 2.842500 7.460000 0.120500
v 2.844500 7.461414 0.121914
v 2.843345 7.461155 0.121655
v 2.843086 7.461414 0.120500
v 2.843086 7.460000 0.121914
v 4.205500 7.430000 0.077500
v 4.207500 7.430000 0.079500
v 4.205500 7.428000 0.079500
v 4.206914 7.430000 0.078086
v 4.206655 7.428845 0.078345
v 4.206914 7.428586 0.079500
v 4.205500 7.428586 0.078086
v 4.205500 7.430000 0.122500
v 4.205500 7.428000 0.120500
v 4.207500 7.430000 0.120500
v 4.205500 7.428586 0.121914
v 4.206655 7.428845 0.121655
v 4.206914 7.428586 0.120500
v 4.206914 7.430000 0.121914
v 4.205500 7.460000 0.077500
v 4.205500 7.462000 0.079500
v 4.207500 7.460000 0.079500
v 4.205500 7.461414 0.078086
v 4.206655 7.461155 0.078345
v 4.206914 7.461414 0.079500
v 4.206914 7.460000 0.078086
v 4.205500 7.460000 0.122500
v 4.207500 7.460000 0.120500
v 4.205500 7.462000 0.120500
v 4.206914 7.460000 0.121914
v 4.206655 7.461155 0.121655
v 4.206914 7.461414 0.120500
v 4.205500 7.461414 0.121914
v 2.844500 7.428586 0.078086
v 2.843345 7.428845 0.078345
v 2.843345 7.428845 0.078345
v 2.843086 7.430000 0.078086
v 2.843086 7.428586 0.079500
v 2.844500 7.428586 0.121914
v 2.843345 7.428845 0.121655
v 2.843345 7.428845 0.121655
v 2.843086 7.428586 0.120500
v 2.843086 7.430000 0.121914
v 2.843086 7.460000 0.078086
v 2.843345 7.461155 0.078345
v 2.843345 7.461155 0.078345
v 2.844500 7.461414 0.078086
v 2.843086 7.461414 0.079500
v 2.844500 7.461414 0.121914
v 2.843345 7.461155 0.121655
v 2.843345 7.461155 0.121655
v 2.843086 7.460000 0.121914
v 2.843086 7.461414 0.120500
v 4.206914 7.430000 0.078086
v 4.206655 7.428845 0.078345
v 4.206655 7.428845 0.078345
v 4.205500 7.428586 0.078086
v 4.206914 7.428586 0.079500
v 4.205500 7.428586 0.121914
v 4.206655 7.428845 0.121655
v 4.206655 7.428845 0.121655
v 4.206914 7.430000 0.121914
v 4.206914 7.428586 0.120500
v 4.205500 7.461414 0.078086
v 4.206655 7.461155 0.078345
v 4.206655 7.461155 0.078345
v 4.206914 7.460000 0.078086
v 4.206914 7.461414 0.079500
v 4.206914 7.460000 0.121914
v 4.206655 7.461155 0.121655
v 4.206655 7.461155 0.121655
v 4.205500 7.461414 0.121914
v 4.206914 7.461414 0.120500
s 0
f 1375 1381 1352 1346
f 1389 1395 1382 1374
f 1394 1366 1353 1380
f 1347 1354 1368 1360
f 1361 1367 1396 1388
f 1345 1401 1402 1404
f 1346 1405 1403 1348
f 1347 1351 1349 1350
f 1352 1406 1407 1409
f 1353 1410 1408 1355
f 1354 1358 1356 1357
f 1359 1411 1412 1414
f 1360 1415 1413 1362
f 1361 1365 1363 1364
f 1366 1416 1417 1419
f 1367 1420 1418 1369
f 1368 1372 1370 1371
f 1373 1421 1422 1424
f 1374 1425 1423 1376
f 1375 1379 1377 1378
f 1380 1426 1427 1429
f 1381 1430 1428 1383
f 1382 1386 1384 1385
f 1387 1431 1432 1434
f 1388 1435 1433 1390
f 1389 1393 1391 1392
f 1394 1436 1437 1439
f 1395 1440 1438 1397
f 1396 1400 1398 1399
f 1359 1345 1404 1411
f 1362 1351 1347 1360
f 1346 1352 1409 1405
f 1350 1358 1354 1347
f 1353 1366 1419 1410
f 1357 1372 1368 1354
f 1367 1361 1364 1420
f 1371 1415 1360 1368
f 1387 1359 1414 1431
f 1390 1365 1361 1388
f 1366 1394 1439 1416
f 1369 1400 1396 1367
f 1395 1389 1392 1440
f 1399 1435 1388 1396
f 1373 1387 1434 1421
f 1376 1393 1389 1374
f 1394 1380 1429 1436
f 1397 1386 1382 1395
f 1381 1375 1378 1430
f 1385 1425 1374 1382
f 1345 1373 1424 1401
f 1348 1379 1375 1346
f 1380 1353 1355 1426
f 1383 1406 1352 1381
f 1359 1387 1373 1345
o glz_leaf_0_rail_t
v 2.844500 7.430000 2.577500
v 2.844500 7.428000 2.579500
v 2.842500 7.430000 2.579500
v 2.844500 7.428586 2.578086
v 2.843345 7.428845 2.578345
v 2.843086 7.428586 2.579500
v 2.843086 7.430000 2.578086
v 2.844500 7.428000 2.620500
v 2.844500 7.430000 2.622500
v 2.842500 7.430000 2.620500
v 2.844500 7.428586 2.621914
v 2.843345 7.428845 2.621655
v 2.843086 7.430000 2.621914
v 2.843086 7.428586 2.620500
v 2.844500 7.460000 2.577500
v 2.842500 7.460000 2.579500
v 2.844500 7.462000 2.579500
v 2.843086 7.460000 2.578086
v 2.843345 7.461155 2.578345
v 2.843086 7.461414 2.579500
v 2.844500 7.461414 2.578086
v 2.844500 7.460000 2.622500
v 2.844500 7.462000 2.620500
v 2.842500 7.460000 2.620500
v 2.844500 7.461414 2.621914
v 2.843345 7.461155 2.621655
v 2.843086 7.461414 2.620500
v 2.843086 7.460000 2.621914
v 4.205500 7.430000 2.577500
v 4.207500 7.430000 2.579500
v 4.205500 7.428000 2.579500
v 4.206914 7.430000 2.578086
v 4.206655 7.428845 2.578345
v 4.206914 7.428586 2.579500
v 4.205500 7.428586 2.578086
v 4.205500 7.430000 2.622500
v 4.205500 7.428000 2.620500
v 4.207500 7.430000 2.620500
v 4.205500 7.428586 2.621914
v 4.206655 7.428845 2.621655
v 4.206914 7.428586 2.620500
v 4.206914 7.430000 2.621914
v 4.205500 7.460000 2.577500
v 4.205500 7.462000 2.579500
v 4.207500 7.460000 2.579500
v 4.205500 7.461414 2.578086
v 4.206655 7.461155 2.578345
v 4.206914 7.461414 2.579500
v 4.206914 7.460000 2.578086
v 4.205500 7.460000 2.622500
v 4.207500 7.460000 2.620500
v 4.205500 7.462000 2.620500
v 4.206914 7.460000 2.621914
v 4.206655 7.461155 2.621655
v 4.206914 7.461414 2.620500
v 4.205500 7.461414 2.621914
v 2.844500 7.428586 2.578086
v 2.843345 7.428845 2.578345
v 2.843345 7.428845 2.578345
v 2.843086 7.430000 2.578086
v 2.843086 7.428586 2.579500
v 2.844500 7.428586 2.621914
v 2.843345 7.428845 2.621655
v 2.843345 7.428845 2.621655
v 2.843086 7.428586 2.620500
v 2.843086 7.430000 2.621914
v 2.843086 7.460000 2.578086
v 2.843345 7.461155 2.578345
v 2.843345 7.461155 2.578345
v 2.844500 7.461414 2.578086
v 2.843086 7.461414 2.579500
v 2.844500 7.461414 2.621914
v 2.843345 7.461155 2.621655
v 2.843345 7.461155 2.621655
v 2.843086 7.460000 2.621914
v 2.843086 7.461414 2.620500
v 4.206914 7.430000 2.578086
v 4.206655 7.428845 2.578345
v 4.206655 7.428845 2.578345
v 4.205500 7.428586 2.578086
v 4.206914 7.428586 2.579500
v 4.205500 7.428586 2.621914
v 4.206655 7.428845 2.621655
v 4.206655 7.428845 2.621655
v 4.206914 7.430000 2.621914
v 4.206914 7.428586 2.620500
v 4.205500 7.461414 2.578086
v 4.206655 7.461155 2.578345
v 4.206655 7.461155 2.578345
v 4.206914 7.460000 2.578086
v 4.206914 7.461414 2.579500
v 4.206914 7.460000 2.621914
v 4.206655 7.461155 2.621655
v 4.206655 7.461155 2.621655
v 4.205500 7.461414 2.621914
v 4.206914 7.461414 2.620500
s 0
f 1471 1477 1448 1442
f 1485 1491 1478 1470
f 1490 1462 1449 1476
f 1443 1450 1464 1456
f 1457 1463 1492 1484
f 1441 1497 1498 1500
f 1442 1501 1499 1444
f 1443 1447 1445 1446
f 1448 1502 1503 1505
f 1449 1506 1504 1451
f 1450 1454 1452 1453
f 1455 1507 1508 1510
f 1456 1511 1509 1458
f 1457 1461 1459 1460
f 1462 1512 1513 1515
f 1463 1516 1514 1465
f 1464 1468 1466 1467
f 1469 1517 1518 1520
f 1470 1521 1519 1472
f 1471 1475 1473 1474
f 1476 1522 1523 1525
f 1477 1526 1524 1479
f 1478 1482 1480 1481
f 1483 1527 1528 1530
f 1484 1531 1529 1486
f 1485 1489 1487 1488
f 1490 1532 1533 1535
f 1491 1536 1534 1493
f 1492 1496 1494 1495
f 1455 1441 1500 1507
f 1458 1447 1443 1456
f 1442 1448 1505 1501
f 1446 1454 1450 1443
f 1449 1462 1515 1506
f 1453 1468 1464 1450
f 1463 1457 1460 1516
f 1467 1511 1456 1464
f 1483 1455 1510 1527
f 1486 1461 1457 1484
f 1462 1490 1535 1512
f 1465 1496 1492 1463
f 1491 1485 1488 1536
f 1495 1531 1484 1492
f 1469 1483 1530 1517
f 1472 1489 1485 1470
f 1490 1476 1525 1532
f 1493 1482 1478 1491
f 1477 1471 1474 1526
f 1481 1521 1470 1478
f 1441 1469 1520 1497
f 1444 1475 1471 1442
f 1476 1449 1451 1522
f 1479 1502 1448 1477
f 1455 1483 1469 1441
o glz_leaf_1_stile_-1
v 4.272000 7.500000 0.050000
v 4.272000 7.498000 0.052000
v 4.270000 7.500000 0.052000
v 4.272000 7.498586 0.050586
v 4.270845 7.498845 0.050845
v 4.270586 7.498586 0.052000
v 4.270586 7.500000 0.050586
v 4.272000 7.498000 2.648000
v 4.272000 7.500000 2.650000
v 4.270000 7.500000 2.648000
v 4.272000 7.498586 2.649414
v 4.270845 7.498845 2.649155
v 4.270586 7.500000 2.649414
v 4.270586 7.498586 2.648000
v 4.272000 7.530000 0.050000
v 4.270000 7.530000 0.052000
v 4.272000 7.532000 0.052000
v 4.270586 7.530000 0.050586
v 4.270845 7.531155 0.050845
v 4.270586 7.531414 0.052000
v 4.272000 7.531414 0.050586
v 4.272000 7.530000 2.650000
v 4.272000 7.532000 2.648000
v 4.270000 7.530000 2.648000
v 4.272000 7.531414 2.649414
v 4.270845 7.531155 2.649155
v 4.270586 7.531414 2.648000
v 4.270586 7.530000 2.649414
v 4.313000 7.500000 0.050000
v 4.315000 7.500000 0.052000
v 4.313000 7.498000 0.052000
v 4.314414 7.500000 0.050586
v 4.314155 7.498845 0.050845
v 4.314414 7.498586 0.052000
v 4.313000 7.498586 0.050586
v 4.313000 7.500000 2.650000
v 4.313000 7.498000 2.648000
v 4.315000 7.500000 2.648000
v 4.313000 7.498586 2.649414
v 4.314155 7.498845 2.649155
v 4.314414 7.498586 2.648000
v 4.314414 7.500000 2.649414
v 4.313000 7.530000 0.050000
v 4.313000 7.532000 0.052000
v 4.315000 7.530000 0.052000
v 4.313000 7.531414 0.050586
v 4.314155 7.531155 0.050845
v 4.314414 7.531414 0.052000
v 4.314414 7.530000 0.050586
v 4.313000 7.530000 2.650000
v 4.315000 7.530000 2.648000
v 4.313000 7.532000 2.648000
v 4.314414 7.530000 2.649414
v 4.314155 7.531155 2.649155
v 4.314414 7.531414 2.648000
v 4.313000 7.531414 2.649414
v 4.272000 7.498586 0.050586
v 4.270845 7.498845 0.050845
v 4.270845 7.498845 0.050845
v 4.270586 7.500000 0.050586
v 4.270586 7.498586 0.052000
v 4.272000 7.498586 2.649414
v 4.270845 7.498845 2.649155
v 4.270845 7.498845 2.649155
v 4.270586 7.498586 2.648000
v 4.270586 7.500000 2.649414
v 4.270586 7.530000 0.050586
v 4.270845 7.531155 0.050845
v 4.270845 7.531155 0.050845
v 4.272000 7.531414 0.050586
v 4.270586 7.531414 0.052000
v 4.272000 7.531414 2.649414
v 4.270845 7.531155 2.649155
v 4.270845 7.531155 2.649155
v 4.270586 7.530000 2.649414
v 4.270586 7.531414 2.648000
v 4.314414 7.500000 0.050586
v 4.314155 7.498845 0.050845
v 4.314155 7.498845 0.050845
v 4.313000 7.498586 0.050586
v 4.314414 7.498586 0.052000
v 4.313000 7.498586 2.649414
v 4.314155 7.498845 2.649155
v 4.314155 7.498845 2.649155
v 4.314414 7.500000 2.649414
v 4.314414 7.498586 2.648000
v 4.313000 7.531414 0.050586
v 4.314155 7.531155 0.050845
v 4.314155 7.531155 0.050845
v 4.314414 7.530000 0.050586
v 4.314414 7.531414 0.052000
v 4.314414 7.530000 2.649414
v 4.314155 7.531155 2.649155
v 4.314155 7.531155 2.649155
v 4.313000 7.531414 2.649414
v 4.314414 7.531414 2.648000
s 0
f 1567 1573 1544 1538
f 1581 1587 1574 1566
f 1586 1558 1545 1572
f 1539 1546 1560 1552
f 1553 1559 1588 1580
f 1537 1593 1594 1596
f 1538 1597 1595 1540
f 1539 1543 1541 1542
f 1544 1598 1599 1601
f 1545 1602 1600 1547
f 1546 1550 1548 1549
f 1551 1603 1604 1606
f 1552 1607 1605 1554
f 1553 1557 1555 1556
f 1558 1608 1609 1611
f 1559 1612 1610 1561
f 1560 1564 1562 1563
f 1565 1613 1614 1616
f 1566 1617 1615 1568
f 1567 1571 1569 1570
f 1572 1618 1619 1621
f 1573 1622 1620 1575
f 1574 1578 1576 1577
f 1579 1623 1624 1626
f 1580 1627 1625 1582
f 1581 1585 1583 1584
f 1586 1628 1629 1631
f 1587 1632 1630 1589
f 1588 1592 1590 1591
f 1551 1537 1596 1603
f 1554 1543 1539 1552
f 1538 1544 1601 1597
f 1542 1550 1546 1539
f 1545 1558 1611 1602
f 1549 1564 1560 1546
f 1559 1553 1556 1612
f 1563 1607 1552 1560
f 1579 1551 1606 1623
f 1582 1557 1553 1580
f 1558 1586 1631 1608
f 1561 1592 1588 1559
f 1587 1581 1584 1632
f 1591 1627 1580 1588
f 1565 1579 1626 1613
f 1568 1585 1581 1566
f 1586 1572 1621 1628
f 1589 1578 1574 1587
f 1573 1567 1570 1622
f 1577 1617 1566 1574
f 1537 1565 1616 1593
f 1540 1571 1567 1538
f 1572 1545 1547 1618
f 1575 1598 1544 1573
f 1551 1579 1565 1537
o glz_leaf_1_stile_1
v 5.637000 7.500000 0.050000
v 5.637000 7.498000 0.052000
v 5.635000 7.500000 0.052000
v 5.637000 7.498586 0.050586
v 5.635845 7.498845 0.050845
v 5.635586 7.498586 0.052000
v 5.635586 7.500000 0.050586
v 5.637000 7.498000 2.648000
v 5.637000 7.500000 2.650000
v 5.635000 7.500000 2.648000
v 5.637000 7.498586 2.649414
v 5.635845 7.498845 2.649155
v 5.635586 7.500000 2.649414
v 5.635586 7.498586 2.648000
v 5.637000 7.530000 0.050000
v 5.635000 7.530000 0.052000
v 5.637000 7.532000 0.052000
v 5.635586 7.530000 0.050586
v 5.635845 7.531155 0.050845
v 5.635586 7.531414 0.052000
v 5.637000 7.531414 0.050586
v 5.637000 7.530000 2.650000
v 5.637000 7.532000 2.648000
v 5.635000 7.530000 2.648000
v 5.637000 7.531414 2.649414
v 5.635845 7.531155 2.649155
v 5.635586 7.531414 2.648000
v 5.635586 7.530000 2.649414
v 5.678000 7.500000 0.050000
v 5.680000 7.500000 0.052000
v 5.678000 7.498000 0.052000
v 5.679414 7.500000 0.050586
v 5.679154 7.498845 0.050845
v 5.679414 7.498586 0.052000
v 5.678000 7.498586 0.050586
v 5.678000 7.500000 2.650000
v 5.678000 7.498000 2.648000
v 5.680000 7.500000 2.648000
v 5.678000 7.498586 2.649414
v 5.679154 7.498845 2.649155
v 5.679414 7.498586 2.648000
v 5.679414 7.500000 2.649414
v 5.678000 7.530000 0.050000
v 5.678000 7.532000 0.052000
v 5.680000 7.530000 0.052000
v 5.678000 7.531414 0.050586
v 5.679154 7.531155 0.050845
v 5.679414 7.531414 0.052000
v 5.679414 7.530000 0.050586
v 5.678000 7.530000 2.650000
v 5.680000 7.530000 2.648000
v 5.678000 7.532000 2.648000
v 5.679414 7.530000 2.649414
v 5.679154 7.531155 2.649155
v 5.679414 7.531414 2.648000
v 5.678000 7.531414 2.649414
v 5.637000 7.498586 0.050586
v 5.635845 7.498845 0.050845
v 5.635845 7.498845 0.050845
v 5.635586 7.500000 0.050586
v 5.635586 7.498586 0.052000
v 5.637000 7.498586 2.649414
v 5.635845 7.498845 2.649155
v 5.635845 7.498845 2.649155
v 5.635586 7.498586 2.648000
v 5.635586 7.500000 2.649414
v 5.635586 7.530000 0.050586
v 5.635845 7.531155 0.050845
v 5.635845 7.531155 0.050845
v 5.637000 7.531414 0.050586
v 5.635586 7.531414 0.052000
v 5.637000 7.531414 2.649414
v 5.635845 7.531155 2.649155
v 5.635845 7.531155 2.649155
v 5.635586 7.530000 2.649414
v 5.635586 7.531414 2.648000
v 5.679414 7.500000 0.050586
v 5.679154 7.498845 0.050845
v 5.679154 7.498845 0.050845
v 5.678000 7.498586 0.050586
v 5.679414 7.498586 0.052000
v 5.678000 7.498586 2.649414
v 5.679154 7.498845 2.649155
v 5.679154 7.498845 2.649155
v 5.679414 7.500000 2.649414
v 5.679414 7.498586 2.648000
v 5.678000 7.531414 0.050586
v 5.679154 7.531155 0.050845
v 5.679154 7.531155 0.050845
v 5.679414 7.530000 0.050586
v 5.679414 7.531414 0.052000
v 5.679414 7.530000 2.649414
v 5.679154 7.531155 2.649155
v 5.679154 7.531155 2.649155
v 5.678000 7.531414 2.649414
v 5.679414 7.531414 2.648000
s 0
f 1663 1669 1640 1634
f 1677 1683 1670 1662
f 1682 1654 1641 1668
f 1635 1642 1656 1648
f 1649 1655 1684 1676
f 1633 1689 1690 1692
f 1634 1693 1691 1636
f 1635 1639 1637 1638
f 1640 1694 1695 1697
f 1641 1698 1696 1643
f 1642 1646 1644 1645
f 1647 1699 1700 1702
f 1648 1703 1701 1650
f 1649 1653 1651 1652
f 1654 1704 1705 1707
f 1655 1708 1706 1657
f 1656 1660 1658 1659
f 1661 1709 1710 1712
f 1662 1713 1711 1664
f 1663 1667 1665 1666
f 1668 1714 1715 1717
f 1669 1718 1716 1671
f 1670 1674 1672 1673
f 1675 1719 1720 1722
f 1676 1723 1721 1678
f 1677 1681 1679 1680
f 1682 1724 1725 1727
f 1683 1728 1726 1685
f 1684 1688 1686 1687
f 1647 1633 1692 1699
f 1650 1639 1635 1648
f 1634 1640 1697 1693
f 1638 1646 1642 1635
f 1641 1654 1707 1698
f 1645 1660 1656 1642
f 1655 1649 1652 1708
f 1659 1703 1648 1656
f 1675 1647 1702 1719
f 1678 1653 1649 1676
f 1654 1682 1727 1704
f 1657 1688 1684 1655
f 1683 1677 1680 1728
f 1687 1723 1676 1684
f 1661 1675 1722 1709
f 1664 1681 1677 1662
f 1682 1668 1717 1724
f 1685 1674 1670 1683
f 1669 1663 1666 1718
f 1673 1713 1662 1670
f 1633 1661 1712 1689
f 1636 1667 1663 1634
f 1668 1641 1643 1714
f 1671 1694 1640 1669
f 1647 1675 1661 1633
o glz_leaf_1_rail_b
v 4.294500 7.500000 0.077500
v 4.294500 7.498000 0.079500
v 4.292500 7.500000 0.079500
v 4.294500 7.498586 0.078086
v 4.293345 7.498845 0.078345
v 4.293086 7.498586 0.079500
v 4.293086 7.500000 0.078086
v 4.294500 7.498000 0.120500
v 4.294500 7.500000 0.122500
v 4.292500 7.500000 0.120500
v 4.294500 7.498586 0.121914
v 4.293345 7.498845 0.121655
v 4.293086 7.500000 0.121914
v 4.293086 7.498586 0.120500
v 4.294500 7.530000 0.077500
v 4.292500 7.530000 0.079500
v 4.294500 7.532000 0.079500
v 4.293086 7.530000 0.078086
v 4.293345 7.531155 0.078345
v 4.293086 7.531414 0.079500
v 4.294500 7.531414 0.078086
v 4.294500 7.530000 0.122500
v 4.294500 7.532000 0.120500
v 4.292500 7.530000 0.120500
v 4.294500 7.531414 0.121914
v 4.293345 7.531155 0.121655
v 4.293086 7.531414 0.120500
v 4.293086 7.530000 0.121914
v 5.655500 7.500000 0.077500
v 5.657500 7.500000 0.079500
v 5.655500 7.498000 0.079500
v 5.656914 7.500000 0.078086
v 5.656654 7.498845 0.078345
v 5.656914 7.498586 0.079500
v 5.655500 7.498586 0.078086
v 5.655500 7.500000 0.122500
v 5.655500 7.498000 0.120500
v 5.657500 7.500000 0.120500
v 5.655500 7.498586 0.121914
v 5.656654 7.498845 0.121655
v 5.656914 7.498586 0.120500
v 5.656914 7.500000 0.121914
v 5.655500 7.530000 0.077500
v 5.655500 7.532000 0.079500
v 5.657500 7.530000 0.079500
v 5.655500 7.531414 0.078086
v 5.656654 7.531155 0.078345
v 5.656914 7.531414 0.079500
v 5.656914 7.530000 0.078086
v 5.655500 7.530000 0.122500
v 5.657500 7.530000 0.120500
v 5.655500 7.532000 0.120500
v 5.656914 7.530000 0.121914
v 5.656654 7.531155 0.121655
v 5.656914 7.531414 0.120500
v 5.655500 7.531414 0.121914
v 4.294500 7.498586 0.078086
v 4.293345 7.498845 0.078345
v 4.293345 7.498845 0.078345
v 4.293086 7.500000 0.078086
v 4.293086 7.498586 0.079500
v 4.294500 7.498586 0.121914
v 4.293345 7.498845 0.121655
v 4.293345 7.498845 0.121655
v 4.293086 7.498586 0.120500
v 4.293086 7.500000 0.121914
v 4.293086 7.530000 0.078086
v 4.293345 7.531155 0.078345
v 4.293345 7.531155 0.078345
v 4.294500 7.531414 0.078086
v 4.293086 7.531414 0.079500
v 4.294500 7.531414 0.121914
v 4.293345 7.531155 0.121655
v 4.293345 7.531155 0.121655
v 4.293086 7.530000 0.121914
v 4.293086 7.531414 0.120500
v 5.656914 7.500000 0.078086
v 5.656654 7.498845 0.078345
v 5.656654 7.498845 0.078345
v 5.655500 7.498586 0.078086
v 5.656914 7.498586 0.079500
v 5.655500 7.498586 0.121914
v 5.656654 7.498845 0.121655
v 5.656654 7.498845 0.121655
v 5.656914 7.500000 0.121914
v 5.656914 7.498586 0.120500
v 5.655500 7.531414 0.078086
v 5.656654 7.531155 0.078345
v 5.656654 7.531155 0.078345
v 5.656914 7.530000 0.078086
v 5.656914 7.531414 0.079500
v 5.656914 7.530000 0.121914
v 5.656654 7.531155 0.121655
v 5.656654 7.531155 0.121655
v 5.655500 7.531414 0.121914
v 5.656914 7.531414 0.120500
s 0
f 1759 1765 1736 1730
f 1773 1779 1766 1758
f 1778 1750 1737 1764
f 1731 1738 1752 1744
f 1745 1751 1780 1772
f 1729 1785 1786 1788
f 1730 1789 1787 1732
f 1731 1735 1733 1734
f 1736 1790 1791 1793
f 1737 1794 1792 1739
f 1738 1742 1740 1741
f 1743 1795 1796 1798
f 1744 1799 1797 1746
f 1745 1749 1747 1748
f 1750 1800 1801 1803
f 1751 1804 1802 1753
f 1752 1756 1754 1755
f 1757 1805 1806 1808
f 1758 1809 1807 1760
f 1759 1763 1761 1762
f 1764 1810 1811 1813
f 1765 1814 1812 1767
f 1766 1770 1768 1769
f 1771 1815 1816 1818
f 1772 1819 1817 1774
f 1773 1777 1775 1776
f 1778 1820 1821 1823
f 1779 1824 1822 1781
f 1780 1784 1782 1783
f 1743 1729 1788 1795
f 1746 1735 1731 1744
f 1730 1736 1793 1789
f 1734 1742 1738 1731
f 1737 1750 1803 1794
f 1741 1756 1752 1738
f 1751 1745 1748 1804
f 1755 1799 1744 1752
f 1771 1743 1798 1815
f 1774 1749 1745 1772
f 1750 1778 1823 1800
f 1753 1784 1780 1751
f 1779 1773 1776 1824
f 1783 1819 1772 1780
f 1757 1771 1818 1805
f 1760 1777 1773 1758
f 1778 1764 1813 1820
f 1781 1770 1766 1779
f 1765 1759 1762 1814
f 1769 1809 1758 1766
f 1729 1757 1808 1785
f 1732 1763 1759 1730
f 1764 1737 1739 1810
f 1767 1790 1736 1765
f 1743 1771 1757 1729
o glz_leaf_1_rail_t
v 4.294500 7.500000 2.577500
v 4.294500 7.498000 2.579500
v 4.292500 7.500000 2.579500
v 4.294500 7.498586 2.578086
v 4.293345 7.498845 2.578345
v 4.293086 7.498586 2.579500
v 4.293086 7.500000 2.578086
v 4.294500 7.498000 2.620500
v 4.294500 7.500000 2.622500
v 4.292500 7.500000 2.620500
v 4.294500 7.498586 2.621914
v 4.293345 7.498845 2.621655
v 4.293086 7.500000 2.621914
v 4.293086 7.498586 2.620500
v 4.294500 7.530000 2.577500
v 4.292500 7.530000 2.579500
v 4.294500 7.532000 2.579500
v 4.293086 7.530000 2.578086
v 4.293345 7.531155 2.578345
v 4.293086 7.531414 2.579500
v 4.294500 7.531414 2.578086
v 4.294500 7.530000 2.622500
v 4.294500 7.532000 2.620500
v 4.292500 7.530000 2.620500
v 4.294500 7.531414 2.621914
v 4.293345 7.531155 2.621655
v 4.293086 7.531414 2.620500
v 4.293086 7.530000 2.621914
v 5.655500 7.500000 2.577500
v 5.657500 7.500000 2.579500
v 5.655500 7.498000 2.579500
v 5.656914 7.500000 2.578086
v 5.656654 7.498845 2.578345
v 5.656914 7.498586 2.579500
v 5.655500 7.498586 2.578086
v 5.655500 7.500000 2.622500
v 5.655500 7.498000 2.620500
v 5.657500 7.500000 2.620500
v 5.655500 7.498586 2.621914
v 5.656654 7.498845 2.621655
v 5.656914 7.498586 2.620500
v 5.656914 7.500000 2.621914
v 5.655500 7.530000 2.577500
v 5.655500 7.532000 2.579500
v 5.657500 7.530000 2.579500
v 5.655500 7.531414 2.578086
v 5.656654 7.531155 2.578345
v 5.656914 7.531414 2.579500
v 5.656914 7.530000 2.578086
v 5.655500 7.530000 2.622500
v 5.657500 7.530000 2.620500
v 5.655500 7.532000 2.620500
v 5.656914 7.530000 2.621914
v 5.656654 7.531155 2.621655
v 5.656914 7.531414 2.620500
v 5.655500 7.531414 2.621914
v 4.294500 7.498586 2.578086
v 4.293345 7.498845 2.578345
v 4.293345 7.498845 2.578345
v 4.293086 7.500000 2.578086
v 4.293086 7.498586 2.579500
v 4.294500 7.498586 2.621914
v 4.293345 7.498845 2.621655
v 4.293345 7.498845 2.621655
v 4.293086 7.498586 2.620500
v 4.293086 7.500000 2.621914
v 4.293086 7.530000 2.578086
v 4.293345 7.531155 2.578345
v 4.293345 7.531155 2.578345
v 4.294500 7.531414 2.578086
v 4.293086 7.531414 2.579500
v 4.294500 7.531414 2.621914
v 4.293345 7.531155 2.621655
v 4.293345 7.531155 2.621655
v 4.293086 7.530000 2.621914
v 4.293086 7.531414 2.620500
v 5.656914 7.500000 2.578086
v 5.656654 7.498845 2.578345
v 5.656654 7.498845 2.578345
v 5.655500 7.498586 2.578086
v 5.656914 7.498586 2.579500
v 5.655500 7.498586 2.621914
v 5.656654 7.498845 2.621655
v 5.656654 7.498845 2.621655
v 5.656914 7.500000 2.621914
v 5.656914 7.498586 2.620500
v 5.655500 7.531414 2.578086
v 5.656654 7.531155 2.578345
v 5.656654 7.531155 2.578345
v 5.656914 7.530000 2.578086
v 5.656914 7.531414 2.579500
v 5.656914 7.530000 2.621914
v 5.656654 7.531155 2.621655
v 5.656654 7.531155 2.621655
v 5.655500 7.531414 2.621914
v 5.656914 7.531414 2.620500
s 0
f 1855 1861 1832 1826
f 1869 1875 1862 1854
f 1874 1846 1833 1860
f 1827 1834 1848 1840
f 1841 1847 1876 1868
f 1825 1881 1882 1884
f 1826 1885 1883 1828
f 1827 1831 1829 1830
f 1832 1886 1887 1889
f 1833 1890 1888 1835
f 1834 1838 1836 1837
f 1839 1891 1892 1894
f 1840 1895 1893 1842
f 1841 1845 1843 1844
f 1846 1896 1897 1899
f 1847 1900 1898 1849
f 1848 1852 1850 1851
f 1853 1901 1902 1904
f 1854 1905 1903 1856
f 1855 1859 1857 1858
f 1860 1906 1907 1909
f 1861 1910 1908 1863
f 1862 1866 1864 1865
f 1867 1911 1912 1914
f 1868 1915 1913 1870
f 1869 1873 1871 1872
f 1874 1916 1917 1919
f 1875 1920 1918 1877
f 1876 1880 1878 1879
f 1839 1825 1884 1891
f 1842 1831 1827 1840
f 1826 1832 1889 1885
f 1830 1838 1834 1827
f 1833 1846 1899 1890
f 1837 1852 1848 1834
f 1847 1841 1844 1900
f 1851 1895 1840 1848
f 1867 1839 1894 1911
f 1870 1845 1841 1868
f 1846 1874 1919 1896
f 1849 1880 1876 1847
f 1875 1869 1872 1920
f 1879 1915 1868 1876
f 1853 1867 1914 1901
f 1856 1873 1869 1854
f 1874 1860 1909 1916
f 1877 1866 1862 1875
f 1861 1855 1858 1910
f 1865 1905 1854 1862
f 1825 1853 1904 1881
f 1828 1859 1855 1826
f 1860 1833 1835 1906
f 1863 1886 1832 1861
f 1839 1867 1853 1825
o glz_leaf_2_stile_-1
v 5.722000 7.500000 0.050000
v 5.722000 7.498000 0.052000
v 5.720000 7.500000 0.052000
v 5.722000 7.498586 0.050586
v 5.720845 7.498845 0.050845
v 5.720586 7.498586 0.052000
v 5.720586 7.500000 0.050586
v 5.722000 7.498000 2.648000
v 5.722000 7.500000 2.650000
v 5.720000 7.500000 2.648000
v 5.722000 7.498586 2.649414
v 5.720845 7.498845 2.649155
v 5.720586 7.500000 2.649414
v 5.720586 7.498586 2.648000
v 5.722000 7.530000 0.050000
v 5.720000 7.530000 0.052000
v 5.722000 7.532000 0.052000
v 5.720586 7.530000 0.050586
v 5.720845 7.531155 0.050845
v 5.720586 7.531414 0.052000
v 5.722000 7.531414 0.050586
v 5.722000 7.530000 2.650000
v 5.722000 7.532000 2.648000
v 5.720000 7.530000 2.648000
v 5.722000 7.531414 2.649414
v 5.720845 7.531155 2.649155
v 5.720586 7.531414 2.648000
v 5.720586 7.530000 2.649414
v 5.763000 7.500000 0.050000
v 5.765000 7.500000 0.052000
v 5.763000 7.498000 0.052000
v 5.764414 7.500000 0.050586
v 5.764154 7.498845 0.050845
v 5.764414 7.498586 0.052000
v 5.763000 7.498586 0.050586
v 5.763000 7.500000 2.650000
v 5.763000 7.498000 2.648000
v 5.765000 7.500000 2.648000
v 5.763000 7.498586 2.649414
v 5.764154 7.498845 2.649155
v 5.764414 7.498586 2.648000
v 5.764414 7.500000 2.649414
v 5.763000 7.530000 0.050000
v 5.763000 7.532000 0.052000
v 5.765000 7.530000 0.052000
v 5.763000 7.531414 0.050586
v 5.764154 7.531155 0.050845
v 5.764414 7.531414 0.052000
v 5.764414 7.530000 0.050586
v 5.763000 7.530000 2.650000
v 5.765000 7.530000 2.648000
v 5.763000 7.532000 2.648000
v 5.764414 7.530000 2.649414
v 5.764154 7.531155 2.649155
v 5.764414 7.531414 2.648000
v 5.763000 7.531414 2.649414
v 5.722000 7.498586 0.050586
v 5.720845 7.498845 0.050845
v 5.720845 7.498845 0.050845
v 5.720586 7.500000 0.050586
v 5.720586 7.498586 0.052000
v 5.722000 7.498586 2.649414
v 5.720845 7.498845 2.649155
v 5.720845 7.498845 2.649155
v 5.720586 7.498586 2.648000
v 5.720586 7.500000 2.649414
v 5.720586 7.530000 0.050586
v 5.720845 7.531155 0.050845
v 5.720845 7.531155 0.050845
v 5.722000 7.531414 0.050586
v 5.720586 7.531414 0.052000
v 5.722000 7.531414 2.649414
v 5.720845 7.531155 2.649155
v 5.720845 7.531155 2.649155
v 5.720586 7.530000 2.649414
v 5.720586 7.531414 2.648000
v 5.764414 7.500000 0.050586
v 5.764154 7.498845 0.050845
v 5.764154 7.498845 0.050845
v 5.763000 7.498586 0.050586
v 5.764414 7.498586 0.052000
v 5.763000 7.498586 2.649414
v 5.764154 7.498845 2.649155
v 5.764154 7.498845 2.649155
v 5.764414 7.500000 2.649414
v 5.764414 7.498586 2.648000
v 5.763000 7.531414 0.050586
v 5.764154 7.531155 0.050845
v 5.764154 7.531155 0.050845
v 5.764414 7.530000 0.050586
v 5.764414 7.531414 0.052000
v 5.764414 7.530000 2.649414
v 5.764154 7.531155 2.649155
v 5.764154 7.531155 2.649155
v 5.763000 7.531414 2.649414
v 5.764414 7.531414 2.648000
s 0
f 1951 1957 1928 1922
f 1965 1971 1958 1950
f 1970 1942 1929 1956
f 1923 1930 1944 1936
f 1937 1943 1972 1964
f 1921 1977 1978 1980
f 1922 1981 1979 1924
f 1923 1927 1925 1926
f 1928 1982 1983 1985
f 1929 1986 1984 1931
f 1930 1934 1932 1933
f 1935 1987 1988 1990
f 1936 1991 1989 1938
f 1937 1941 1939 1940
f 1942 1992 1993 1995
f 1943 1996 1994 1945
f 1944 1948 1946 1947
f 1949 1997 1998 2000
f 1950 2001 1999 1952
f 1951 1955 1953 1954
f 1956 2002 2003 2005
f 1957 2006 2004 1959
f 1958 1962 1960 1961
f 1963 2007 2008 2010
f 1964 2011 2009 1966
f 1965 1969 1967 1968
f 1970 2012 2013 2015
f 1971 2016 2014 1973
f 1972 1976 1974 1975
f 1935 1921 1980 1987
f 1938 1927 1923 1936
f 1922 1928 1985 1981
f 1926 1934 1930 1923
f 1929 1942 1995 1986
f 1933 1948 1944 1930
f 1943 1937 1940 1996
f 1947 1991 1936 1944
f 1963 1935 1990 2007
f 1966 1941 1937 1964
f 1942 1970 2015 1992
f 1945 1976 1972 1943
f 1971 1965 1968 2016
f 1975 2011 1964 1972
f 1949 1963 2010 1997
f 1952 1969 1965 1950
f 1970 1956 2005 2012
f 1973 1962 1958 1971
f 1957 1951 1954 2006
f 1961 2001 1950 1958
f 1921 1949 2000 1977
f 1924 1955 1951 1922
f 1956 1929 1931 2002
f 1959 1982 1928 1957
f 1935 1963 1949 1921
o glz_leaf_2_stile_1
v 7.087000 7.500000 0.050000
v 7.087000 7.498000 0.052000
v 7.085000 7.500000 0.052000
v 7.087000 7.498586 0.050586
v 7.085845 7.498845 0.050845
v 7.085586 7.498586 0.052000
v 7.085586 7.500000 0.050586
v 7.087000 7.498000 2.648000
v 7.087000 7.500000 2.650000
v 7.085000 7.500000 2.648000
v 7.087000 7.498586 2.649414
v 7.085845 7.498845 2.649155
v 7.085586 7.500000 2.649414
v 7.085586 7.498586 2.648000
v 7.087000 7.530000 0.050000
v 7.085000 7.530000 0.052000
v 7.087000 7.532000 0.052000
v 7.085586 7.530000 0.050586
v 7.085845 7.531155 0.050845
v 7.085586 7.531414 0.052000
v 7.087000 7.531414 0.050586
v 7.087000 7.530000 2.650000
v 7.087000 7.532000 2.648000
v 7.085000 7.530000 2.648000
v 7.087000 7.531414 2.649414
v 7.085845 7.531155 2.649155
v 7.085586 7.531414 2.648000
v 7.085586 7.530000 2.649414
v 7.128000 7.500000 0.050000
v 7.130000 7.500000 0.052000
v 7.128000 7.498000 0.052000
v 7.129414 7.500000 0.050586
v 7.129155 7.498845 0.050845
v 7.129414 7.498586 0.052000
v 7.128000 7.498586 0.050586
v 7.128000 7.500000 2.650000
v 7.128000 7.498000 2.648000
v 7.130000 7.500000 2.648000
v 7.128000 7.498586 2.649414
v 7.129155 7.498845 2.649155
v 7.129414 7.498586 2.648000
v 7.129414 7.500000 2.649414
v 7.128000 7.530000 0.050000
v 7.128000 7.532000 0.052000
v 7.130000 7.530000 0.052000
v 7.128000 7.531414 0.050586
v 7.129155 7.531155 0.050845
v 7.129414 7.531414 0.052000
v 7.129414 7.530000 0.050586
v 7.128000 7.530000 2.650000
v 7.130000 7.530000 2.648000
v 7.128000 7.532000 2.648000
v 7.129414 7.530000 2.649414
v 7.129155 7.531155 2.649155
v 7.129414 7.531414 2.648000
v 7.128000 7.531414 2.649414
v 7.087000 7.498586 0.050586
v 7.085845 7.498845 0.050845
v 7.085845 7.498845 0.050845
v 7.085586 7.500000 0.050586
v 7.085586 7.498586 0.052000
v 7.087000 7.498586 2.649414
v 7.085845 7.498845 2.649155
v 7.085845 7.498845 2.649155
v 7.085586 7.498586 2.648000
v 7.085586 7.500000 2.649414
v 7.085586 7.530000 0.050586
v 7.085845 7.531155 0.050845
v 7.085845 7.531155 0.050845
v 7.087000 7.531414 0.050586
v 7.085586 7.531414 0.052000
v 7.087000 7.531414 2.649414
v 7.085845 7.531155 2.649155
v 7.085845 7.531155 2.649155
v 7.085586 7.530000 2.649414
v 7.085586 7.531414 2.648000
v 7.129414 7.500000 0.050586
v 7.129155 7.498845 0.050845
v 7.129155 7.498845 0.050845
v 7.128000 7.498586 0.050586
v 7.129414 7.498586 0.052000
v 7.128000 7.498586 2.649414
v 7.129155 7.498845 2.649155
v 7.129155 7.498845 2.649155
v 7.129414 7.500000 2.649414
v 7.129414 7.498586 2.648000
v 7.128000 7.531414 0.050586
v 7.129155 7.531155 0.050845
v 7.129155 7.531155 0.050845
v 7.129414 7.530000 0.050586
v 7.129414 7.531414 0.052000
v 7.129414 7.530000 2.649414
v 7.129155 7.531155 2.649155
v 7.129155 7.531155 2.649155
v 7.128000 7.531414 2.649414
v 7.129414 7.531414 2.648000
s 0
f 2047 2053 2024 2018
f 2061 2067 2054 2046
f 2066 2038 2025 2052
f 2019 2026 2040 2032
f 2033 2039 2068 2060
f 2017 2073 2074 2076
f 2018 2077 2075 2020
f 2019 2023 2021 2022
f 2024 2078 2079 2081
f 2025 2082 2080 2027
f 2026 2030 2028 2029
f 2031 2083 2084 2086
f 2032 2087 2085 2034
f 2033 2037 2035 2036
f 2038 2088 2089 2091
f 2039 2092 2090 2041
f 2040 2044 2042 2043
f 2045 2093 2094 2096
f 2046 2097 2095 2048
f 2047 2051 2049 2050
f 2052 2098 2099 2101
f 2053 2102 2100 2055
f 2054 2058 2056 2057
f 2059 2103 2104 2106
f 2060 2107 2105 2062
f 2061 2065 2063 2064
f 2066 2108 2109 2111
f 2067 2112 2110 2069
f 2068 2072 2070 2071
f 2031 2017 2076 2083
f 2034 2023 2019 2032
f 2018 2024 2081 2077
f 2022 2030 2026 2019
f 2025 2038 2091 2082
f 2029 2044 2040 2026
f 2039 2033 2036 2092
f 2043 2087 2032 2040
f 2059 2031 2086 2103
f 2062 2037 2033 2060
f 2038 2066 2111 2088
f 2041 2072 2068 2039
f 2067 2061 2064 2112
f 2071 2107 2060 2068
f 2045 2059 2106 2093
f 2048 2065 2061 2046
f 2066 2052 2101 2108
f 2069 2058 2054 2067
f 2053 2047 2050 2102
f 2057 2097 2046 2054
f 2017 2045 2096 2073
f 2020 2051 2047 2018
f 2052 2025 2027 2098
f 2055 2078 2024 2053
f 2031 2059 2045 2017
o glz_leaf_2_rail_b
v 5.744500 7.500000 0.077500
v 5.744500 7.498000 0.079500
v 5.742500 7.500000 0.079500
v 5.744500 7.498586 0.078086
v 5.743346 7.498845 0.078345
v 5.743086 7.498586 0.079500
v 5.743086 7.500000 0.078086
v 5.744500 7.498000 0.120500
v 5.744500 7.500000 0.122500
v 5.742500 7.500000 0.120500
v 5.744500 7.498586 0.121914
v 5.743346 7.498845 0.121655
v 5.743086 7.500000 0.121914
v 5.743086 7.498586 0.120500
v 5.744500 7.530000 0.077500
v 5.742500 7.530000 0.079500
v 5.744500 7.532000 0.079500
v 5.743086 7.530000 0.078086
v 5.743346 7.531155 0.078345
v 5.743086 7.531414 0.079500
v 5.744500 7.531414 0.078086
v 5.744500 7.530000 0.122500
v 5.744500 7.532000 0.120500
v 5.742500 7.530000 0.120500
v 5.744500 7.531414 0.121914
v 5.743346 7.531155 0.121655
v 5.743086 7.531414 0.120500
v 5.743086 7.530000 0.121914
v 7.105500 7.500000 0.077500
v 7.107500 7.500000 0.079500
v 7.105500 7.498000 0.079500
v 7.106915 7.500000 0.078086
v 7.106655 7.498845 0.078345
v 7.106915 7.498586 0.079500
v 7.105500 7.498586 0.078086
v 7.105500 7.500000 0.122500
v 7.105500 7.498000 0.120500
v 7.107500 7.500000 0.120500
v 7.105500 7.498586 0.121914
v 7.106655 7.498845 0.121655
v 7.106915 7.498586 0.120500
v 7.106915 7.500000 0.121914
v 7.105500 7.530000 0.077500
v 7.105500 7.532000 0.079500
v 7.107500 7.530000 0.079500
v 7.105500 7.531414 0.078086
v 7.106655 7.531155 0.078345
v 7.106915 7.531414 0.079500
v 7.106915 7.530000 0.078086
v 7.105500 7.530000 0.122500
v 7.107500 7.530000 0.120500
v 7.105500 7.532000 0.120500
v 7.106915 7.530000 0.121914
v 7.106655 7.531155 0.121655
v 7.106915 7.531414 0.120500
v 7.105500 7.531414 0.121914
v 5.744500 7.498586 0.078086
v 5.743346 7.498845 0.078345
v 5.743346 7.498845 0.078345
v 5.743086 7.500000 0.078086
v 5.743086 7.498586 0.079500
v 5.744500 7.498586 0.121914
v 5.743346 7.498845 0.121655
v 5.743346 7.498845 0.121655
v 5.743086 7.498586 0.120500
v 5.743086 7.500000 0.121914
v 5.743086 7.530000 0.078086
v 5.743346 7.531155 0.078345
v 5.743346 7.531155 0.078345
v 5.744500 7.531414 0.078086
v 5.743086 7.531414 0.079500
v 5.744500 7.531414 0.121914
v 5.743346 7.531155 0.121655
v 5.743346 7.531155 0.121655
v 5.743086 7.530000 0.121914
v 5.743086 7.531414 0.120500
v 7.106915 7.500000 0.078086
v 7.106655 7.498845 0.078345
v 7.106655 7.498845 0.078345
v 7.105500 7.498586 0.078086
v 7.106915 7.498586 0.079500
v 7.105500 7.498586 0.121914
v 7.106655 7.498845 0.121655
v 7.106655 7.498845 0.121655
v 7.106915 7.500000 0.121914
v 7.106915 7.498586 0.120500
v 7.105500 7.531414 0.078086
v 7.106655 7.531155 0.078345
v 7.106655 7.531155 0.078345
v 7.106915 7.530000 0.078086
v 7.106915 7.531414 0.079500
v 7.106915 7.530000 0.121914
v 7.106655 7.531155 0.121655
v 7.106655 7.531155 0.121655
v 7.105500 7.531414 0.121914
v 7.106915 7.531414 0.120500
s 0
f 2143 2149 2120 2114
f 2157 2163 2150 2142
f 2162 2134 2121 2148
f 2115 2122 2136 2128
f 2129 2135 2164 2156
f 2113 2169 2170 2172
f 2114 2173 2171 2116
f 2115 2119 2117 2118
f 2120 2174 2175 2177
f 2121 2178 2176 2123
f 2122 2126 2124 2125
f 2127 2179 2180 2182
f 2128 2183 2181 2130
f 2129 2133 2131 2132
f 2134 2184 2185 2187
f 2135 2188 2186 2137
f 2136 2140 2138 2139
f 2141 2189 2190 2192
f 2142 2193 2191 2144
f 2143 2147 2145 2146
f 2148 2194 2195 2197
f 2149 2198 2196 2151
f 2150 2154 2152 2153
f 2155 2199 2200 2202
f 2156 2203 2201 2158
f 2157 2161 2159 2160
f 2162 2204 2205 2207
f 2163 2208 2206 2165
f 2164 2168 2166 2167
f 2127 2113 2172 2179
f 2130 2119 2115 2128
f 2114 2120 2177 2173
f 2118 2126 2122 2115
f 2121 2134 2187 2178
f 2125 2140 2136 2122
f 2135 2129 2132 2188
f 2139 2183 2128 2136
f 2155 2127 2182 2199
f 2158 2133 2129 2156
f 2134 2162 2207 2184
f 2137 2168 2164 2135
f 2163 2157 2160 2208
f 2167 2203 2156 2164
f 2141 2155 2202 2189
f 2144 2161 2157 2142
f 2162 2148 2197 2204
f 2165 2154 2150 2163
f 2149 2143 2146 2198
f 2153 2193 2142 2150
f 2113 2141 2192 2169
f 2116 2147 2143 2114
f 2148 2121 2123 2194
f 2151 2174 2120 2149
f 2127 2155 2141 2113
o glz_leaf_2_rail_t
v 5.744500 7.500000 2.577500
v 5.744500 7.498000 2.579500
v 5.742500 7.500000 2.579500
v 5.744500 7.498586 2.578086
v 5.743346 7.498845 2.578345
v 5.743086 7.498586 2.579500
v 5.743086 7.500000 2.578086
v 5.744500 7.498000 2.620500
v 5.744500 7.500000 2.622500
v 5.742500 7.500000 2.620500
v 5.744500 7.498586 2.621914
v 5.743346 7.498845 2.621655
v 5.743086 7.500000 2.621914
v 5.743086 7.498586 2.620500
v 5.744500 7.530000 2.577500
v 5.742500 7.530000 2.579500
v 5.744500 7.532000 2.579500
v 5.743086 7.530000 2.578086
v 5.743346 7.531155 2.578345
v 5.743086 7.531414 2.579500
v 5.744500 7.531414 2.578086
v 5.744500 7.530000 2.622500
v 5.744500 7.532000 2.620500
v 5.742500 7.530000 2.620500
v 5.744500 7.531414 2.621914
v 5.743346 7.531155 2.621655
v 5.743086 7.531414 2.620500
v 5.743086 7.530000 2.621914
v 7.105500 7.500000 2.577500
v 7.107500 7.500000 2.579500
v 7.105500 7.498000 2.579500
v 7.106915 7.500000 2.578086
v 7.106655 7.498845 2.578345
v 7.106915 7.498586 2.579500
v 7.105500 7.498586 2.578086
v 7.105500 7.500000 2.622500
v 7.105500 7.498000 2.620500
v 7.107500 7.500000 2.620500
v 7.105500 7.498586 2.621914
v 7.106655 7.498845 2.621655
v 7.106915 7.498586 2.620500
v 7.106915 7.500000 2.621914
v 7.105500 7.530000 2.577500
v 7.105500 7.532000 2.579500
v 7.107500 7.530000 2.579500
v 7.105500 7.531414 2.578086
v 7.106655 7.531155 2.578345
v 7.106915 7.531414 2.579500
v 7.106915 7.530000 2.578086
v 7.105500 7.530000 2.622500
v 7.107500 7.530000 2.620500
v 7.105500 7.532000 2.620500
v 7.106915 7.530000 2.621914
v 7.106655 7.531155 2.621655
v 7.106915 7.531414 2.620500
v 7.105500 7.531414 2.621914
v 5.744500 7.498586 2.578086
v 5.743346 7.498845 2.578345
v 5.743346 7.498845 2.578345
v 5.743086 7.500000 2.578086
v 5.743086 7.498586 2.579500
v 5.744500 7.498586 2.621914
v 5.743346 7.498845 2.621655
v 5.743346 7.498845 2.621655
v 5.743086 7.498586 2.620500
v 5.743086 7.500000 2.621914
v 5.743086 7.530000 2.578086
v 5.743346 7.531155 2.578345
v 5.743346 7.531155 2.578345
v 5.744500 7.531414 2.578086
v 5.743086 7.531414 2.579500
v 5.744500 7.531414 2.621914
v 5.743346 7.531155 2.621655
v 5.743346 7.531155 2.621655
v 5.743086 7.530000 2.621914
v 5.743086 7.531414 2.620500
v 7.106915 7.500000 2.578086
v 7.106655 7.498845 2.578345
v 7.106655 7.498845 2.578345
v 7.105500 7.498586 2.578086
v 7.106915 7.498586 2.579500
v 7.105500 7.498586 2.621914
v 7.106655 7.498845 2.621655
v 7.106655 7.498845 2.621655
v 7.106915 7.500000 2.621914
v 7.106915 7.498586 2.620500
v 7.105500 7.531414 2.578086
v 7.106655 7.531155 2.578345
v 7.106655 7.531155 2.578345
v 7.106915 7.530000 2.578086
v 7.106915 7.531414 2.579500
v 7.106915 7.530000 2.621914
v 7.106655 7.531155 2.621655
v 7.106655 7.531155 2.621655
v 7.105500 7.531414 2.621914
v 7.106915 7.531414 2.620500
s 0
f 2239 2245 2216 2210
f 2253 2259 2246 2238
f 2258 2230 2217 2244
f 2211 2218 2232 2224
f 2225 2231 2260 2252
f 2209 2265 2266 2268
f 2210 2269 2267 2212
f 2211 2215 2213 2214
f 2216 2270 2271 2273
f 2217 2274 2272 2219
f 2218 2222 2220 2221
f 2223 2275 2276 2278
f 2224 2279 2277 2226
f 2225 2229 2227 2228
f 2230 2280 2281 2283
f 2231 2284 2282 2233
f 2232 2236 2234 2235
f 2237 2285 2286 2288
f 2238 2289 2287 2240
f 2239 2243 2241 2242
f 2244 2290 2291 2293
f 2245 2294 2292 2247
f 2246 2250 2248 2249
f 2251 2295 2296 2298
f 2252 2299 2297 2254
f 2253 2257 2255 2256
f 2258 2300 2301 2303
f 2259 2304 2302 2261
f 2260 2264 2262 2263
f 2223 2209 2268 2275
f 2226 2215 2211 2224
f 2210 2216 2273 2269
f 2214 2222 2218 2211
f 2217 2230 2283 2274
f 2221 2236 2232 2218
f 2231 2225 2228 2284
f 2235 2279 2224 2232
f 2251 2223 2278 2295
f 2254 2229 2225 2252
f 2230 2258 2303 2280
f 2233 2264 2260 2231
f 2259 2253 2256 2304
f 2263 2299 2252 2260
f 2237 2251 2298 2285
f 2240 2257 2253 2238
f 2258 2244 2293 2300
f 2261 2250 2246 2259
f 2245 2239 2242 2294
f 2249 2289 2238 2246
f 2209 2237 2288 2265
f 2212 2243 2239 2210
f 2244 2217 2219 2290
f 2247 2270 2216 2245
f 2223 2251 2237 2209
o glz_leaf_3_stile_-1
v 7.172000 7.430000 0.050000
v 7.172000 7.428000 0.052000
v 7.170000 7.430000 0.052000
v 7.172000 7.428586 0.050586
v 7.170846 7.428845 0.050845
v 7.170586 7.428586 0.052000
v 7.170586 7.430000 0.050586
v 7.172000 7.428000 2.648000
v 7.172000 7.430000 2.650000
v 7.170000 7.430000 2.648000
v 7.172000 7.428586 2.649414
v 7.170846 7.428845 2.649155
v 7.170586 7.430000 2.649414
v 7.170586 7.428586 2.648000
v 7.172000 7.460000 0.050000
v 7.170000 7.460000 0.052000
v 7.172000 7.462000 0.052000
v 7.170586 7.460000 0.050586
v 7.170846 7.461155 0.050845
v 7.170586 7.461414 0.052000
v 7.172000 7.461414 0.050586
v 7.172000 7.460000 2.650000
v 7.172000 7.462000 2.648000
v 7.170000 7.460000 2.648000
v 7.172000 7.461414 2.649414
v 7.170846 7.461155 2.649155
v 7.170586 7.461414 2.648000
v 7.170586 7.460000 2.649414
v 7.213000 7.430000 0.050000
v 7.215000 7.430000 0.052000
v 7.213000 7.428000 0.052000
v 7.214414 7.430000 0.050586
v 7.214155 7.428845 0.050845
v 7.214414 7.428586 0.052000
v 7.213000 7.428586 0.050586
v 7.213000 7.430000 2.650000
v 7.213000 7.428000 2.648000
v 7.215000 7.430000 2.648000
v 7.213000 7.428586 2.649414
v 7.214155 7.428845 2.649155
v 7.214414 7.428586 2.648000
v 7.214414 7.430000 2.649414
v 7.213000 7.460000 0.050000
v 7.213000 7.462000 0.052000
v 7.215000 7.460000 0.052000
v 7.213000 7.461414 0.050586
v 7.214155 7.461155 0.050845
v 7.214414 7.461414 0.052000
v 7.214414 7.460000 0.050586
v 7.213000 7.460000 2.650000
v 7.215000 7.460000 2.648000
v 7.213000 7.462000 2.648000
v 7.214414 7.460000 2.649414
v 7.214155 7.461155 2.649155
v 7.214414 7.461414 2.648000
v 7.213000 7.461414 2.649414
v 7.172000 7.428586 0.050586
v 7.170846 7.428845 0.050845
v 7.170846 7.428845 0.050845
v 7.170586 7.430000 0.050586
v 7.170586 7.428586 0.052000
v 7.172000 7.428586 2.649414
v 7.170846 7.428845 2.649155
v 7.170846 7.428845 2.649155
v 7.170586 7.428586 2.648000
v 7.170586 7.430000 2.649414
v 7.170586 7.460000 0.050586
v 7.170846 7.461155 0.050845
v 7.170846 7.461155 0.050845
v 7.172000 7.461414 0.050586
v 7.170586 7.461414 0.052000
v 7.172000 7.461414 2.649414
v 7.170846 7.461155 2.649155
v 7.170846 7.461155 2.649155
v 7.170586 7.460000 2.649414
v 7.170586 7.461414 2.648000
v 7.214414 7.430000 0.050586
v 7.214155 7.428845 0.050845
v 7.214155 7.428845 0.050845
v 7.213000 7.428586 0.050586
v 7.214414 7.428586 0.052000
v 7.213000 7.428586 2.649414
v 7.214155 7.428845 2.649155
v 7.214155 7.428845 2.649155
v 7.214414 7.430000 2.649414
v 7.214414 7.428586 2.648000
v 7.213000 7.461414 0.050586
v 7.214155 7.461155 0.050845
v 7.214155 7.461155 0.050845
v 7.214414 7.460000 0.050586
v 7.214414 7.461414 0.052000
v 7.214414 7.460000 2.649414
v 7.214155 7.461155 2.649155
v 7.214155 7.461155 2.649155
v 7.213000 7.461414 2.649414
v 7.214414 7.461414 2.648000
s 0
f 2335 2341 2312 2306
f 2349 2355 2342 2334
f 2354 2326 2313 2340
f 2307 2314 2328 2320
f 2321 2327 2356 2348
f 2305 2361 2362 2364
f 2306 2365 2363 2308
f 2307 2311 2309 2310
f 2312 2366 2367 2369
f 2313 2370 2368 2315
f 2314 2318 2316 2317
f 2319 2371 2372 2374
f 2320 2375 2373 2322
f 2321 2325 2323 2324
f 2326 2376 2377 2379
f 2327 2380 2378 2329
f 2328 2332 2330 2331
f 2333 2381 2382 2384
f 2334 2385 2383 2336
f 2335 2339 2337 2338
f 2340 2386 2387 2389
f 2341 2390 2388 2343
f 2342 2346 2344 2345
f 2347 2391 2392 2394
f 2348 2395 2393 2350
f 2349 2353 2351 2352
f 2354 2396 2397 2399
f 2355 2400 2398 2357
f 2356 2360 2358 2359
f 2319 2305 2364 2371
f 2322 2311 2307 2320
f 2306 2312 2369 2365
f 2310 2318 2314 2307
f 2313 2326 2379 2370
f 2317 2332 2328 2314
f 2327 2321 2324 2380
f 2331 2375 2320 2328
f 2347 2319 2374 2391
f 2350 2325 2321 2348
f 2326 2354 2399 2376
f 2329 2360 2356 2327
f 2355 2349 2352 2400
f 2359 2395 2348 2356
f 2333 2347 2394 2381
f 2336 2353 2349 2334
f 2354 2340 2389 2396
f 2357 2346 2342 2355
f 2341 2335 2338 2390
f 2345 2385 2334 2342
f 2305 2333 2384 2361
f 2308 2339 2335 2306
f 2340 2313 2315 2386
f 2343 2366 2312 2341
f 2319 2347 2333 2305
o glz_leaf_3_stile_1
v 8.537000 7.430000 0.050000
v 8.537000 7.428000 0.052000
v 8.535000 7.430000 0.052000
v 8.537000 7.428586 0.050586
v 8.535845 7.428845 0.050845
v 8.535585 7.428586 0.052000
v 8.535585 7.430000 0.050586
v 8.537000 7.428000 2.648000
v 8.537000 7.430000 2.650000
v 8.535000 7.430000 2.648000
v 8.537000 7.428586 2.649414
v 8.535845 7.428845 2.649155
v 8.535585 7.430000 2.649414
v 8.535585 7.428586 2.648000
v 8.537000 7.460000 0.050000
v 8.535000 7.460000 0.052000
v 8.537000 7.462000 0.052000
v 8.535585 7.460000 0.050586
v 8.535845 7.461155 0.050845
v 8.535585 7.461414 0.052000
v 8.537000 7.461414 0.050586
v 8.537000 7.460000 2.650000
v 8.537000 7.462000 2.648000
v 8.535000 7.460000 2.648000
v 8.537000 7.461414 2.649414
v 8.535845 7.461155 2.649155
v 8.535585 7.461414 2.648000
v 8.535585 7.460000 2.649414
v 8.578000 7.430000 0.050000
v 8.580000 7.430000 0.052000
v 8.578000 7.428000 0.052000
v 8.579414 7.430000 0.050586
v 8.579155 7.428845 0.050845
v 8.579414 7.428586 0.052000
v 8.578000 7.428586 0.050586
v 8.578000 7.430000 2.650000
v 8.578000 7.428000 2.648000
v 8.580000 7.430000 2.648000
v 8.578000 7.428586 2.649414
v 8.579155 7.428845 2.649155
v 8.579414 7.428586 2.648000
v 8.579414 7.430000 2.649414
v 8.578000 7.460000 0.050000
v 8.578000 7.462000 0.052000
v 8.580000 7.460000 0.052000
v 8.578000 7.461414 0.050586
v 8.579155 7.461155 0.050845
v 8.579414 7.461414 0.052000
v 8.579414 7.460000 0.050586
v 8.578000 7.460000 2.650000
v 8.580000 7.460000 2.648000
v 8.578000 7.462000 2.648000
v 8.579414 7.460000 2.649414
v 8.579155 7.461155 2.649155
v 8.579414 7.461414 2.648000
v 8.578000 7.461414 2.649414
v 8.537000 7.428586 0.050586
v 8.535845 7.428845 0.050845
v 8.535845 7.428845 0.050845
v 8.535585 7.430000 0.050586
v 8.535585 7.428586 0.052000
v 8.537000 7.428586 2.649414
v 8.535845 7.428845 2.649155
v 8.535845 7.428845 2.649155
v 8.535585 7.428586 2.648000
v 8.535585 7.430000 2.649414
v 8.535585 7.460000 0.050586
v 8.535845 7.461155 0.050845
v 8.535845 7.461155 0.050845
v 8.537000 7.461414 0.050586
v 8.535585 7.461414 0.052000
v 8.537000 7.461414 2.649414
v 8.535845 7.461155 2.649155
v 8.535845 7.461155 2.649155
v 8.535585 7.460000 2.649414
v 8.535585 7.461414 2.648000
v 8.579414 7.430000 0.050586
v 8.579155 7.428845 0.050845
v 8.579155 7.428845 0.050845
v 8.578000 7.428586 0.050586
v 8.579414 7.428586 0.052000
v 8.578000 7.428586 2.649414
v 8.579155 7.428845 2.649155
v 8.579155 7.428845 2.649155
v 8.579414 7.430000 2.649414
v 8.579414 7.428586 2.648000
v 8.578000 7.461414 0.050586
v 8.579155 7.461155 0.050845
v 8.579155 7.461155 0.050845
v 8.579414 7.460000 0.050586
v 8.579414 7.461414 0.052000
v 8.579414 7.460000 2.649414
v 8.579155 7.461155 2.649155
v 8.579155 7.461155 2.649155
v 8.578000 7.461414 2.649414
v 8.579414 7.461414 2.648000
s 0
f 2431 2437 2408 2402
f 2445 2451 2438 2430
f 2450 2422 2409 2436
f 2403 2410 2424 2416
f 2417 2423 2452 2444
f 2401 2457 2458 2460
f 2402 2461 2459 2404
f 2403 2407 2405 2406
f 2408 2462 2463 2465
f 2409 2466 2464 2411
f 2410 2414 2412 2413
f 2415 2467 2468 2470
f 2416 2471 2469 2418
f 2417 2421 2419 2420
f 2422 2472 2473 2475
f 2423 2476 2474 2425
f 2424 2428 2426 2427
f 2429 2477 2478 2480
f 2430 2481 2479 2432
f 2431 2435 2433 2434
f 2436 2482 2483 2485
f 2437 2486 2484 2439
f 2438 2442 2440 2441
f 2443 2487 2488 2490
f 2444 2491 2489 2446
f 2445 2449 2447 2448
f 2450 2492 2493 2495
f 2451 2496 2494 2453
f 2452 2456 2454 2455
f 2415 2401 2460 2467
f 2418 2407 2403 2416
f 2402 2408 2465 2461
f 2406 2414 2410 2403
f 2409 2422 2475 2466
f 2413 2428 2424 2410
f 2423 2417 2420 2476
f 2427 2471 2416 2424
f 2443 2415 2470 2487
f 2446 2421 2417 2444
f 2422 2450 2495 2472
f 2425 2456 2452 2423
f 2451 2445 2448 2496
f 2455 2491 2444 2452
f 2429 2443 2490 2477
f 2432 2449 2445 2430
f 2450 2436 2485 2492
f 2453 2442 2438 2451
f 2437 2431 2434 2486
f 2441 2481 2430 2438
f 2401 2429 2480 2457
f 2404 2435 2431 2402
f 2436 2409 2411 2482
f 2439 2462 2408 2437
f 2415 2443 2429 2401
o glz_leaf_3_rail_b
v 7.194500 7.430000 0.077500
v 7.194500 7.428000 0.079500
v 7.192500 7.430000 0.079500
v 7.194500 7.428586 0.078086
v 7.193346 7.428845 0.078345
v 7.193086 7.428586 0.079500
v 7.193086 7.430000 0.078086
v 7.194500 7.428000 0.120500
v 7.194500 7.430000 0.122500
v 7.192500 7.430000 0.120500
v 7.194500 7.428586 0.121914
v 7.193346 7.428845 0.121655
v 7.193086 7.430000 0.121914
v 7.193086 7.428586 0.120500
v 7.194500 7.460000 0.077500
v 7.192500 7.460000 0.079500
v 7.194500 7.462000 0.079500
v 7.193086 7.460000 0.078086
v 7.193346 7.461155 0.078345
v 7.193086 7.461414 0.079500
v 7.194500 7.461414 0.078086
v 7.194500 7.460000 0.122500
v 7.194500 7.462000 0.120500
v 7.192500 7.460000 0.120500
v 7.194500 7.461414 0.121914
v 7.193346 7.461155 0.121655
v 7.193086 7.461414 0.120500
v 7.193086 7.460000 0.121914
v 8.555500 7.430000 0.077500
v 8.557500 7.430000 0.079500
v 8.555500 7.428000 0.079500
v 8.556914 7.430000 0.078086
v 8.556655 7.428845 0.078345
v 8.556914 7.428586 0.079500
v 8.555500 7.428586 0.078086
v 8.555500 7.430000 0.122500
v 8.555500 7.428000 0.120500
v 8.557500 7.430000 0.120500
v 8.555500 7.428586 0.121914
v 8.556655 7.428845 0.121655
v 8.556914 7.428586 0.120500
v 8.556914 7.430000 0.121914
v 8.555500 7.460000 0.077500
v 8.555500 7.462000 0.079500
v 8.557500 7.460000 0.079500
v 8.555500 7.461414 0.078086
v 8.556655 7.461155 0.078345
v 8.556914 7.461414 0.079500
v 8.556914 7.460000 0.078086
v 8.555500 7.460000 0.122500
v 8.557500 7.460000 0.120500
v 8.555500 7.462000 0.120500
v 8.556914 7.460000 0.121914
v 8.556655 7.461155 0.121655
v 8.556914 7.461414 0.120500
v 8.555500 7.461414 0.121914
v 7.194500 7.428586 0.078086
v 7.193346 7.428845 0.078345
v 7.193346 7.428845 0.078345
v 7.193086 7.430000 0.078086
v 7.193086 7.428586 0.079500
v 7.194500 7.428586 0.121914
v 7.193346 7.428845 0.121655
v 7.193346 7.428845 0.121655
v 7.193086 7.428586 0.120500
v 7.193086 7.430000 0.121914
v 7.193086 7.460000 0.078086
v 7.193346 7.461155 0.078345
v 7.193346 7.461155 0.078345
v 7.194500 7.461414 0.078086
v 7.193086 7.461414 0.079500
v 7.194500 7.461414 0.121914
v 7.193346 7.461155 0.121655
v 7.193346 7.461155 0.121655
v 7.193086 7.460000 0.121914
v 7.193086 7.461414 0.120500
v 8.556914 7.430000 0.078086
v 8.556655 7.428845 0.078345
v 8.556655 7.428845 0.078345
v 8.555500 7.428586 0.078086
v 8.556914 7.428586 0.079500
v 8.555500 7.428586 0.121914
v 8.556655 7.428845 0.121655
v 8.556655 7.428845 0.121655
v 8.556914 7.430000 0.121914
v 8.556914 7.428586 0.120500
v 8.555500 7.461414 0.078086
v 8.556655 7.461155 0.078345
v 8.556655 7.461155 0.078345
v 8.556914 7.460000 0.078086
v 8.556914 7.461414 0.079500
v 8.556914 7.460000 0.121914
v 8.556655 7.461155 0.121655
v 8.556655 7.461155 0.121655
v 8.555500 7.461414 0.121914
v 8.556914 7.461414 0.120500
s 0
f 2527 2533 2504 2498
f 2541 2547 2534 2526
f 2546 2518 2505 2532
f 2499 2506 2520 2512
f 2513 2519 2548 2540
f 2497 2553 2554 2556
f 2498 2557 2555 2500
f 2499 2503 2501 2502
f 2504 2558 2559 2561
f 2505 2562 2560 2507
f 2506 2510 2508 2509
f 2511 2563 2564 2566
f 2512 2567 2565 2514
f 2513 2517 2515 2516
f 2518 2568 2569 2571
f 2519 2572 2570 2521
f 2520 2524 2522 2523
f 2525 2573 2574 2576
f 2526 2577 2575 2528
f 2527 2531 2529 2530
f 2532 2578 2579 2581
f 2533 2582 2580 2535
f 2534 2538 2536 2537
f 2539 2583 2584 2586
f 2540 2587 2585 2542
f 2541 2545 2543 2544
f 2546 2588 2589 2591
f 2547 2592 2590 2549
f 2548 2552 2550 2551
f 2511 2497 2556 2563
f 2514 2503 2499 2512
f 2498 2504 2561 2557
f 2502 2510 2506 2499
f 2505 2518 2571 2562
f 2509 2524 2520 2506
f 2519 2513 2516 2572
f 2523 2567 2512 2520
f 2539 2511 2566 2583
f 2542 2517 2513 2540
f 2518 2546 2591 2568
f 2521 2552 2548 2519
f 2547 2541 2544 2592
f 2551 2587 2540 2548
f 2525 2539 2586 2573
f 2528 2545 2541 2526
f 2546 2532 2581 2588
f 2549 2538 2534 2547
f 2533 2527 2530 2582
f 2537 2577 2526 2534
f 2497 2525 2576 2553
f 2500 2531 2527 2498
f 2532 2505 2507 2578
f 2535 2558 2504 2533
f 2511 2539 2525 2497
o glz_leaf_3_rail_t
v 7.194500 7.430000 2.577500
v 7.194500 7.428000 2.579500
v 7.192500 7.430000 2.579500
v 7.194500 7.428586 2.578086
v 7.193346 7.428845 2.578345
v 7.193086 7.428586 2.579500
v 7.193086 7.430000 2.578086
v 7.194500 7.428000 2.620500
v 7.194500 7.430000 2.622500
v 7.192500 7.430000 2.620500
v 7.194500 7.428586 2.621914
v 7.193346 7.428845 2.621655
v 7.193086 7.430000 2.621914
v 7.193086 7.428586 2.620500
v 7.194500 7.460000 2.577500
v 7.192500 7.460000 2.579500
v 7.194500 7.462000 2.579500
v 7.193086 7.460000 2.578086
v 7.193346 7.461155 2.578345
v 7.193086 7.461414 2.579500
v 7.194500 7.461414 2.578086
v 7.194500 7.460000 2.622500
v 7.194500 7.462000 2.620500
v 7.192500 7.460000 2.620500
v 7.194500 7.461414 2.621914
v 7.193346 7.461155 2.621655
v 7.193086 7.461414 2.620500
v 7.193086 7.460000 2.621914
v 8.555500 7.430000 2.577500
v 8.557500 7.430000 2.579500
v 8.555500 7.428000 2.579500
v 8.556914 7.430000 2.578086
v 8.556655 7.428845 2.578345
v 8.556914 7.428586 2.579500
v 8.555500 7.428586 2.578086
v 8.555500 7.430000 2.622500
v 8.555500 7.428000 2.620500
v 8.557500 7.430000 2.620500
v 8.555500 7.428586 2.621914
v 8.556655 7.428845 2.621655
v 8.556914 7.428586 2.620500
v 8.556914 7.430000 2.621914
v 8.555500 7.460000 2.577500
v 8.555500 7.462000 2.579500
v 8.557500 7.460000 2.579500
v 8.555500 7.461414 2.578086
v 8.556655 7.461155 2.578345
v 8.556914 7.461414 2.579500
v 8.556914 7.460000 2.578086
v 8.555500 7.460000 2.622500
v 8.557500 7.460000 2.620500
v 8.555500 7.462000 2.620500
v 8.556914 7.460000 2.621914
v 8.556655 7.461155 2.621655
v 8.556914 7.461414 2.620500
v 8.555500 7.461414 2.621914
v 7.194500 7.428586 2.578086
v 7.193346 7.428845 2.578345
v 7.193346 7.428845 2.578345
v 7.193086 7.430000 2.578086
v 7.193086 7.428586 2.579500
v 7.194500 7.428586 2.621914
v 7.193346 7.428845 2.621655
v 7.193346 7.428845 2.621655
v 7.193086 7.428586 2.620500
v 7.193086 7.430000 2.621914
v 7.193086 7.460000 2.578086
v 7.193346 7.461155 2.578345
v 7.193346 7.461155 2.578345
v 7.194500 7.461414 2.578086
v 7.193086 7.461414 2.579500
v 7.194500 7.461414 2.621914
v 7.193346 7.461155 2.621655
v 7.193346 7.461155 2.621655
v 7.193086 7.460000 2.621914
v 7.193086 7.461414 2.620500
v 8.556914 7.430000 2.578086
v 8.556655 7.428845 2.578345
v 8.556655 7.428845 2.578345
v 8.555500 7.428586 2.578086
v 8.556914 7.428586 2.579500
v 8.555500 7.428586 2.621914
v 8.556655 7.428845 2.621655
v 8.556655 7.428845 2.621655
v 8.556914 7.430000 2.621914
v 8.556914 7.428586 2.620500
v 8.555500 7.461414 2.578086
v 8.556655 7.461155 2.578345
v 8.556655 7.461155 2.578345
v 8.556914 7.460000 2.578086
v 8.556914 7.461414 2.579500
v 8.556914 7.460000 2.621914
v 8.556655 7.461155 2.621655
v 8.556655 7.461155 2.621655
v 8.555500 7.461414 2.621914
v 8.556914 7.461414 2.620500
s 0
f 2623 2629 2600 2594
f 2637 2643 2630 2622
f 2642 2614 2601 2628
f 2595 2602 2616 2608
f 2609 2615 2644 2636
f 2593 2649 2650 2652
f 2594 2653 2651 2596
f 2595 2599 2597 2598
f 2600 2654 2655 2657
f 2601 2658 2656 2603
f 2602 2606 2604 2605
f 2607 2659 2660 2662
f 2608 2663 2661 2610
f 2609 2613 2611 2612
f 2614 2664 2665 2667
f 2615 2668 2666 2617
f 2616 2620 2618 2619
f 2621 2669 2670 2672
f 2622 2673 2671 2624
f 2623 2627 2625 2626
f 2628 2674 2675 2677
f 2629 2678 2676 2631
f 2630 2634 2632 2633
f 2635 2679 2680 2682
f 2636 2683 2681 2638
f 2637 2641 2639 2640
f 2642 2684 2685 2687
f 2643 2688 2686 2645
f 2644 2648 2646 2647
f 2607 2593 2652 2659
f 2610 2599 2595 2608
f 2594 2600 2657 2653
f 2598 2606 2602 2595
f 2601 2614 2667 2658
f 2605 2620 2616 2602
f 2615 2609 2612 2668
f 2619 2663 2608 2616
f 2635 2607 2662 2679
f 2638 2613 2609 2636
f 2614 2642 2687 2664
f 2617 2648 2644 2615
f 2643 2637 2640 2688
f 2647 2683 2636 2644
f 2621 2635 2682 2669
f 2624 2641 2637 2622
f 2642 2628 2677 2684
f 2645 2634 2630 2643
f 2629 2623 2626 2678
f 2633 2673 2622 2630
f 2593 2621 2672 2649
f 2596 2627 2623 2594
f 2628 2601 2603 2674
f 2631 2654 2600 2629
f 2607 2635 2621 2593
o dw_body
v 0.022000 3.352000 0.100000
v 0.022000 3.350000 0.102000
v 0.020000 3.352000 0.102000
v 0.022000 3.350586 0.100586
v 0.020845 3.350845 0.100845
v 0.020586 3.350586 0.102000
v 0.020586 3.352000 0.100586
v 0.022000 3.350000 0.818000
v 0.022000 3.352000 0.820000
v 0.020000 3.352000 0.818000
v 0.022000 3.350586 0.819414
v 0.020845 3.350845 0.819155
v 0.020586 3.352000 0.819414
v 0.020586 3.350586 0.818000
v 0.022000 3.948000 0.100000
v 0.020000 3.948000 0.102000
v 0.022000 3.950000 0.102000
v 0.020586 3.948000 0.100586
v 0.020845 3.949155 0.100845
v 0.020586 3.949414 0.102000
v 0.022000 3.949414 0.100586
v 0.022000 3.948000 0.820000
v 0.022000 3.950000 0.818000
v 0.020000 3.948000 0.818000
v 0.022000 3.949414 0.819414
v 0.020845 3.949155 0.819155
v 0.020586 3.949414 0.818000
v 0.020586 3.948000 0.819414
v 0.618000 3.352000 0.100000
v 0.620000 3.352000 0.102000
v 0.618000 3.350000 0.102000
v 0.619414 3.352000 0.100586
v 0.619155 3.350845 0.100845
v 0.619414 3.350586 0.102000
v 0.618000 3.350586 0.100586
v 0.618000 3.352000 0.820000
v 0.618000 3.350000 0.818000
v 0.620000 3.352000 0.818000
v 0.618000 3.350586 0.819414
v 0.619155 3.350845 0.819155
v 0.619414 3.350586 0.818000
v 0.619414 3.352000 0.819414
v 0.618000 3.948000 0.100000
v 0.618000 3.950000 0.102000
v 0.620000 3.948000 0.102000
v 0.618000 3.949414 0.100586
v 0.619155 3.949155 0.100845
v 0.619414 3.949414 0.102000
v 0.619414 3.948000 0.100586
v 0.618000 3.948000 0.820000
v 0.620000 3.948000 0.818000
v 0.618000 3.950000 0.818000
v 0.619414 3.948000 0.819414
v 0.619155 3.949155 0.819155
v 0.619414 3.949414 0.818000
v 0.618000 3.949414 0.819414
v 0.022000 3.350586 0.100586
v 0.020845 3.350845 0.100845
v 0.020845 3.350845 0.100845
v 0.020586 3.352000 0.100586
v 0.020586 3.350586 0.102000
v 0.022000 3.350586 0.819414
v 0.020845 3.350845 0.819155
v 0.020845 3.350845 0.819155
v 0.020586 3.350586 0.818000
v 0.020586 3.352000 0.819414
v 0.020586 3.948000 0.100586
v 0.020845 3.949155 0.100845
v 0.020845 3.949155 0.100845
v 0.022000 3.949414 0.100586
v 0.020586 3.949414 0.102000
v 0.022000 3.949414 0.819414
v 0.020845 3.949155 0.819155
v 0.020845 3.949155 0.819155
v 0.020586 3.948000 0.819414
v 0.020586 3.949414 0.818000
v 0.619414 3.352000 0.100586
v 0.619155 3.350845 0.100845
v 0.619155 3.350845 0.100845
v 0.618000 3.350586 0.100586
v 0.619414 3.350586 0.102000
v 0.618000 3.350586 0.819414
v 0.619155 3.350845 0.819155
v 0.619155 3.350845 0.819155
v 0.619414 3.352000 0.819414
v 0.619414 3.350586 0.818000
v 0.618000 3.949414 0.100586
v 0.619155 3.949155 0.100845
v 0.619155 3.949155 0.100845
v 0.619414 3.948000 0.100586
v 0.619414 3.949414 0.102000
v 0.619414 3.948000 0.819414
v 0.619155 3.949155 0.819155
v 0.619155 3.949155 0.819155
v 0.618000 3.949414 0.819414
v 0.619414 3.949414 0.818000
s 0
f 2719 2725 2696 2690
f 2733 2739 2726 2718
f 2738 2710 2697 2724
f 2691 2698 2712 2704
f 2705 2711 2740 2732
f 2689 2745 2746 2748
f 2690 2749 2747 2692
f 2691 2695 2693 2694
f 2696 2750 2751 2753
f 2697 2754 2752 2699
f 2698 2702 2700 2701
f 2703 2755 2756 2758
f 2704 2759 2757 2706
f 2705 2709 2707 2708
f 2710 2760 2761 2763
f 2711 2764 2762 2713
f 2712 2716 2714 2715
f 2717 2765 2766 2768
f 2718 2769 2767 2720
f 2719 2723 2721 2722
f 2724 2770 2771 2773
f 2725 2774 2772 2727
f 2726 2730 2728 2729
f 2731 2775 2776 2778
f 2732 2779 2777 2734
f 2733 2737 2735 2736
f 2738 2780 2781 2783
f 2739 2784 2782 2741
f 2740 2744 2742 2743
f 2703 2689 2748 2755
f 2706 2695 2691 2704
f 2690 2696 2753 2749
f 2694 2702 2698 2691
f 2697 2710 2763 2754
f 2701 2716 2712 2698
f 2711 2705 2708 2764
f 2715 2759 2704 2712
f 2731 2703 2758 2775
f 2734 2709 2705 2732
f 2710 2738 2783 2760
f 2713 2744 2740 2711
f 2739 2733 2736 2784
f 2743 2779 2732 2740
f 2717 2731 2778 2765
f 2720 2737 2733 2718
f 2738 2724 2773 2780
f 2741 2730 2726 2739
f 2725 2719 2722 2774
f 2729 2769 2718 2726
f 2689 2717 2768 2745
f 2692 2723 2719 2690
f 2724 2697 2699 2770
f 2727 2750 2696 2725
f 2703 2731 2717 2689
o dw_cavity
v 0.057000 3.402000 0.160000
v 0.057000 3.400000 0.162000
v 0.055000 3.402000 0.162000
v 0.057000 3.400586 0.160586
v 0.055845 3.400845 0.160845
v 0.055586 3.400586 0.162000
v 0.055586 3.402000 0.160586
v 0.057000 3.400000 0.758000
v 0.057000 3.402000 0.760000
v 0.055000 3.402000 0.758000
v 0.057000 3.400586 0.759414
v 0.055845 3.400845 0.759155
v 0.055586 3.402000 0.759414
v 0.055586 3.400586 0.758000
v 0.057000 3.898000 0.160000
v 0.055000 3.898000 0.162000
v 0.057000 3.900000 0.162000
v 0.055586 3.898000 0.160586
v 0.055845 3.899155 0.160845
v 0.055586 3.899414 0.162000
v 0.057000 3.899414 0.160586
v 0.057000 3.898000 0.760000
v 0.057000 3.900000 0.758000
v 0.055000 3.898000 0.758000
v 0.057000 3.899414 0.759414
v 0.055845 3.899155 0.759155
v 0.055586 3.899414 0.758000
v 0.055586 3.898000 0.759414
v 0.603000 3.402000 0.160000
v 0.605000 3.402000 0.162000
v 0.603000 3.400000 0.162000
v 0.604414 3.402000 0.160586
v 0.604155 3.400845 0.160845
v 0.604414 3.400586 0.162000
v 0.603000 3.400586 0.160586
v 0.603000 3.402000 0.760000
v 0.603000 3.400000 0.758000
v 0.605000 3.402000 0.758000
v 0.603000 3.400586 0.759414
v 0.604155 3.400845 0.759155
v 0.604414 3.400586 0.758000
v 0.604414 3.402000 0.759414
v 0.603000 3.898000 0.160000
v 0.603000 3.900000 0.162000
v 0.605000 3.898000 0.162000
v 0.603000 3.899414 0.160586
v 0.604155 3.899155 0.160845
v 0.604414 3.899414 0.162000
v 0.604414 3.898000 0.160586
v 0.603000 3.898000 0.760000
v 0.605000 3.898000 0.758000
v 0.603000 3.900000 0.758000
v 0.604414 3.898000 0.759414
v 0.604155 3.899155 0.759155
v 0.604414 3.899414 0.758000
v 0.603000 3.899414 0.759414
v 0.057000 3.400586 0.160586
v 0.055845 3.400845 0.160845
v 0.055845 3.400845 0.160845
v 0.055586 3.402000 0.160586
v 0.055586 3.400586 0.162000
v 0.057000 3.400586 0.759414
v 0.055845 3.400845 0.759155
v 0.055845 3.400845 0.759155
v 0.055586 3.400586 0.758000
v 0.055586 3.402000 0.759414
v 0.055586 3.898000 0.160586
v 0.055845 3.899155 0.160845
v 0.055845 3.899155 0.160845
v 0.057000 3.899414 0.160586
v 0.055586 3.899414 0.162000
v 0.057000 3.899414 0.759414
v 0.055845 3.899155 0.759155
v 0.055845 3.899155 0.759155
v 0.055586 3.898000 0.759414
v 0.055586 3.899414 0.758000
v 0.604414 3.402000 0.160586
v 0.604155 3.400845 0.160845
v 0.604155 3.400845 0.160845
v 0.603000 3.400586 0.160586
v 0.604414 3.400586 0.162000
v 0.603000 3.400586 0.759414
v 0.604155 3.400845 0.759155
v 0.604155 3.400845 0.759155
v 0.604414 3.402000 0.759414
v 0.604414 3.400586 0.758000
v 0.603000 3.899414 0.160586
v 0.604155 3.899155 0.160845
v 0.604155 3.899155 0.160845
v 0.604414 3.898000 0.160586
v 0.604414 3.899414 0.162000
v 0.604414 3.898000 0.759414
v 0.604155 3.899155 0.759155
v 0.604155 3.899155 0.759155
v 0.603000 3.899414 0.759414
v 0.604414 3.899414 0.758000
s 0
f 2815 2821 2792 2786
f 2829 2835 2822 2814
f 2834 2806 2793 2820
f 2787 2794 2808 2800
f 2801 2807 2836 2828
f 2785 2841 2842 2844
f 2786 2845 2843 2788
f 2787 2791 2789 2790
f 2792 2846 2847 2849
f 2793 2850 2848 2795
f 2794 2798 2796 2797
f 2799 2851 2852 2854
f 2800 2855 2853 2802
f 2801 2805 2803 2804
f 2806 2856 2857 2859
f 2807 2860 2858 2809
f 2808 2812 2810 2811
f 2813 2861 2862 2864
f 2814 2865 2863 2816
f 2815 2819 2817 2818
f 2820 2866 2867 2869
f 2821 2870 2868 2823
f 2822 2826 2824 2825
f 2827 2871 2872 2874
f 2828 2875 2873 2830
f 2829 2833 2831 2832
f 2834 2876 2877 2879
f 2835 2880 2878 2837
f 2836 2840 2838 2839
f 2799 2785 2844 2851
f 2802 2791 2787 2800
f 2786 2792 2849 2845
f 2790 2798 2794 2787
f 2793 2806 2859 2850
f 2797 2812 2808 2794
f 2807 2801 2804 2860
f 2811 2855 2800 2808
f 2827 2799 2854 2871
f 2830 2805 2801 2828
f 2806 2834 2879 2856
f 2809 2840 2836 2807
f 2835 2829 2832 2880
f 2839 2875 2828 2836
f 2813 2827 2874 2861
f 2816 2833 2829 2814
f 2834 2820 2869 2876
f 2837 2826 2822 2835
f 2821 2815 2818 2870
f 2825 2865 2814 2822
f 2785 2813 2864 2841
f 2788 2819 2815 2786
f 2820 2793 2795 2866
f 2823 2846 2792 2821
f 2799 2827 2813 2785
o hood_filter_strip
v 0.462000 5.142000 1.580000
v 0.462000 5.140000 1.582000
v 0.460000 5.142000 1.582000
v 0.462000 5.140586 1.580586
v 0.460845 5.140845 1.580845
v 0.460586 5.140586 1.582000
v 0.460586 5.142000 1.580586
v 0.462000 5.140000 1.818000
v 0.462000 5.142000 1.820000
v 0.460000 5.142000 1.818000
v 0.462000 5.140586 1.819414
v 0.460845 5.140845 1.819155
v 0.460586 5.142000 1.819414
v 0.460586 5.140586 1.818000
v 0.462000 5.778000 1.580000
v 0.460000 5.778000 1.582000
v 0.462000 5.780000 1.582000
v 0.460586 5.778000 1.580586
v 0.460845 5.779155 1.580845
v 0.460586 5.779414 1.582000
v 0.462000 5.779414 1.580586
v 0.462000 5.778000 1.820000
v 0.462000 5.780000 1.818000
v 0.460000 5.778000 1.818000
v 0.462000 5.779414 1.819414
v 0.460845 5.779155 1.819155
v 0.460586 5.779414 1.818000
v 0.460586 5.778000 1.819414
v 0.488000 5.142000 1.580000
v 0.490000 5.142000 1.582000
v 0.488000 5.140000 1.582000
v 0.489414 5.142000 1.580586
v 0.489155 5.140845 1.580845
v 0.489414 5.140586 1.582000
v 0.488000 5.140586 1.580586
v 0.488000 5.142000 1.820000
v 0.488000 5.140000 1.818000
v 0.490000 5.142000 1.818000
v 0.488000 5.140586 1.819414
v 0.489155 5.140845 1.819155
v 0.489414 5.140586 1.818000
v 0.489414 5.142000 1.819414
v 0.488000 5.778000 1.580000
v 0.488000 5.780000 1.582000
v 0.490000 5.778000 1.582000
v 0.488000 5.779414 1.580586
v 0.489155 5.779155 1.580845
v 0.489414 5.779414 1.582000
v 0.489414 5.778000 1.580586
v 0.488000 5.778000 1.820000
v 0.490000 5.778000 1.818000
v 0.488000 5.780000 1.818000
v 0.489414 5.778000 1.819414
v 0.489155 5.779155 1.819155
v 0.489414 5.779414 1.818000
v 0.488000 5.779414 1.819414
v 0.462000 5.140586 1.580586
v 0.460845 5.140845 1.580845
v 0.460845 5.140845 1.580845
v 0.460586 5.142000 1.580586
v 0.460586 5.140586 1.582000
v 0.462000 5.140586 1.819414
v 0.460845 5.140845 1.819155
v 0.460845 5.140845 1.819155
v 0.460586 5.140586 1.818000
v 0.460586 5.142000 1.819414
v 0.460586 5.778000 1.580586
v 0.460845 5.779155 1.580845
v 0.460845 5.779155 1.580845
v 0.462000 5.779414 1.580586
v 0.460586 5.779414 1.582000
v 0.462000 5.779414 1.819414
v 0.460845 5.779155 1.819155
v 0.460845 5.779155 1.819155
v 0.460586 5.778000 1.819414
v 0.460586 5.779414 1.818000
v 0.489414 5.142000 1.580586
v 0.489155 5.140845 1.580845
v 0.489155 5.140845 1.580845
v 0.488000 5.140586 1.580586
v 0.489414 5.140586 1.582000
v 0.488000 5.140586 1.819414
v 0.489155 5.140845 1.819155
v 0.489155 5.140845 1.819155
v 0.489414 5.142000 1.819414
v 0.489414 5.140586 1.818000
v 0.488000 5.779414 1.580586
v 0.489155 5.779155 1.580845
v 0.489155 5.779155 1.580845
v 0.489414 5.778000 1.580586
v 0.489414 5.779414 1.582000
v 0.489414 5.778000 1.819414
v 0.489155 5.779155 1.819155
v 0.489155 5.779155 1.819155
v 0.488000 5.779414 1.819414
v 0.489414 5.779414 1.818000
s 0
f 2911 2917 2888 2882
f 2925 2931 2918 2910
f 2930 2902 2889 2916
f 2883 2890 2904 2896
f 2897 2903 2932 2924
f 2881 2937 2938 2940
f 2882 2941 2939 2884
f 2883 2887 2885 2886
f 2888 2942 2943 2945
f 2889 2946 2944 2891
f 2890 2894 2892 2893
f 2895 2947 2948 2950
f 2896 2951 2949 2898
f 2897 2901 2899 2900
f 2902 2952 2953 2955
f 2903 2956 2954 2905
f 2904 2908 2906 2907
f 2909 2957 2958 2960
f 2910 2961 2959 2912
f 2911 2915 2913 2914
f 2916 2962 2963 2965
f 2917 2966 2964 2919
f 2918 2922 2920 2921
f 2923 2967 2968 2970
f 2924 2971 2969 2926
f 2925 2929 2927 2928
f 2930 2972 2973 2975
f 2931 2976 2974 2933
f 2932 2936 2934 2935
f 2895 2881 2940 2947
f 2898 2887 2883 2896
f 2882 2888 2945 2941
f 2886 2894 2890 2883
f 2889 2902 2955 2946
f 2893 2908 2904 2890
f 2903 2897 2900 2956
f 2907 2951 2896 2904
f 2923 2895 2950 2967
f 2926 2901 2897 2924
f 2902 2930 2975 2952
f 2905 2936 2932 2903
f 2931 2925 2928 2976
f 2935 2971 2924 2932
f 2909 2923 2970 2957
f 2912 2929 2925 2910
f 2930 2916 2965 2972
f 2933 2922 2918 2931
f 2917 2911 2914 2966
f 2921 2961 2910 2918
f 2881 2909 2960 2937
f 2884 2915 2911 2882
f 2916 2889 2891 2962
f 2919 2942 2888 2917
f 2895 2923 2909 2881
o oven_cavity
v 0.007000 6.502000 1.100000
v 0.007000 6.500000 1.102000
v 0.005000 6.502000 1.102000
v 0.007000 6.500586 1.100586
v 0.005845 6.500845 1.100845
v 0.005586 6.500586 1.102000
v 0.005586 6.502000 1.100586
v 0.007000 6.500000 1.418000
v 0.007000 6.502000 1.420000
v 0.005000 6.502000 1.418000
v 0.007000 6.500586 1.419414
v 0.005845 6.500845 1.419155
v 0.005586 6.502000 1.419414
v 0.005586 6.500586 1.418000
v 0.007000 6.958000 1.100000
v 0.005000 6.958000 1.102000
v 0.007000 6.960000 1.102000
v 0.005586 6.958000 1.100586
v 0.005845 6.959155 1.100845
v 0.005586 6.959414 1.102000
v 0.007000 6.959414 1.100586
v 0.007000 6.958000 1.420000
v 0.007000 6.960000 1.418000
v 0.005000 6.958000 1.418000
v 0.007000 6.959414 1.419414
v 0.005845 6.959155 1.419155
v 0.005586 6.959414 1.418000
v 0.005586 6.958000 1.419414
v 0.553000 6.502000 1.100000
v 0.555000 6.502000 1.102000
v 0.553000 6.500000 1.102000
v 0.554414 6.502000 1.100586
v 0.554155 6.500845 1.100845
v 0.554414 6.500586 1.102000
v 0.553000 6.500586 1.100586
v 0.553000 6.502000 1.420000
v 0.553000 6.500000 1.418000
v 0.555000 6.502000 1.418000
v 0.553000 6.500586 1.419414
v 0.554155 6.500845 1.419155
v 0.554414 6.500586 1.418000
v 0.554414 6.502000 1.419414
v 0.553000 6.958000 1.100000
v 0.553000 6.960000 1.102000
v 0.555000 6.958000 1.102000
v 0.553000 6.959414 1.100586
v 0.554155 6.959155 1.100845
v 0.554414 6.959414 1.102000
v 0.554414 6.958000 1.100586
v 0.553000 6.958000 1.420000
v 0.555000 6.958000 1.418000
v 0.553000 6.960000 1.418000
v 0.554414 6.958000 1.419414
v 0.554155 6.959155 1.419155
v 0.554414 6.959414 1.418000
v 0.553000 6.959414 1.419414
v 0.007000 6.500586 1.100586
v 0.005845 6.500845 1.100845
v 0.005845 6.500845 1.100845
v 0.005586 6.502000 1.100586
v 0.005586 6.500586 1.102000
v 0.007000 6.500586 1.419414
v 0.005845 6.500845 1.419155
v 0.005845 6.500845 1.419155
v 0.005586 6.500586 1.418000
v 0.005586 6.502000 1.419414
v 0.005586 6.958000 1.100586
v 0.005845 6.959155 1.100845
v 0.005845 6.959155 1.100845
v 0.007000 6.959414 1.100586
v 0.005586 6.959414 1.102000
v 0.007000 6.959414 1.419414
v 0.005845 6.959155 1.419155
v 0.005845 6.959155 1.419155
v 0.005586 6.958000 1.419414
v 0.005586 6.959414 1.418000
v 0.554414 6.502000 1.100586
v 0.554155 6.500845 1.100845
v 0.554155 6.500845 1.100845
v 0.553000 6.500586 1.100586
v 0.554414 6.500586 1.102000
v 0.553000 6.500586 1.419414
v 0.554155 6.500845 1.419155
v 0.554155 6.500845 1.419155
v 0.554414 6.502000 1.419414
v 0.554414 6.500586 1.418000
v 0.553000 6.959414 1.100586
v 0.554155 6.959155 1.100845
v 0.554155 6.959155 1.100845
v 0.554414 6.958000 1.100586
v 0.554414 6.959414 1.102000
v 0.554414 6.958000 1.419414
v 0.554155 6.959155 1.419155
v 0.554155 6.959155 1.419155
v 0.553000 6.959414 1.419414
v 0.554414 6.959414 1.418000
s 0
f 3007 3013 2984 2978
f 3021 3027 3014 3006
f 3026 2998 2985 3012
f 2979 2986 3000 2992
f 2993 2999 3028 3020
f 2977 3033 3034 3036
f 2978 3037 3035 2980
f 2979 2983 2981 2982
f 2984 3038 3039 3041
f 2985 3042 3040 2987
f 2986 2990 2988 2989
f 2991 3043 3044 3046
f 2992 3047 3045 2994
f 2993 2997 2995 2996
f 2998 3048 3049 3051
f 2999 3052 3050 3001
f 3000 3004 3002 3003
f 3005 3053 3054 3056
f 3006 3057 3055 3008
f 3007 3011 3009 3010
f 3012 3058 3059 3061
f 3013 3062 3060 3015
f 3014 3018 3016 3017
f 3019 3063 3064 3066
f 3020 3067 3065 3022
f 3021 3025 3023 3024
f 3026 3068 3069 3071
f 3027 3072 3070 3029
f 3028 3032 3030 3031
f 2991 2977 3036 3043
f 2994 2983 2979 2992
f 2978 2984 3041 3037
f 2982 2990 2986 2979
f 2985 2998 3051 3042
f 2989 3004 3000 2986
f 2999 2993 2996 3052
f 3003 3047 2992 3000
f 3019 2991 3046 3063
f 3022 2997 2993 3020
f 2998 3026 3071 3048
f 3001 3032 3028 2999
f 3027 3021 3024 3072
f 3031 3067 3020 3028
f 3005 3019 3066 3053
f 3008 3025 3021 3006
f 3026 3012 3061 3068
f 3029 3018 3014 3027
f 3013 3007 3010 3062
f 3017 3057 3006 3014
f 2977 3005 3056 3033
f 2980 3011 3007 2978
f 3012 2985 2987 3058
f 3015 3038 2984 3013
f 2991 3019 3005 2977
o oven_control
v 0.652000 6.442000 1.490000
v 0.652000 6.440000 1.492000
v 0.650000 6.442000 1.492000
v 0.652000 6.440586 1.490586
v 0.650845 6.440845 1.490845
v 0.650586 6.440586 1.492000
v 0.650586 6.442000 1.490586
v 0.652000 6.440000 1.578000
v 0.652000 6.442000 1.580000
v 0.650000 6.442000 1.578000
v 0.652000 6.440586 1.579414
v 0.650845 6.440845 1.579155
v 0.650586 6.442000 1.579414
v 0.650586 6.440586 1.578000
v 0.652000 7.018000 1.490000
v 0.650000 7.018000 1.492000
v 0.652000 7.020000 1.492000
v 0.650586 7.018000 1.490586
v 0.650845 7.019155 1.490845
v 0.650586 7.019414 1.492000
v 0.652000 7.019414 1.490586
v 0.652000 7.018000 1.580000
v 0.652000 7.020000 1.578000
v 0.650000 7.018000 1.578000
v 0.652000 7.019414 1.579414
v 0.650845 7.019155 1.579155
v 0.650586 7.019414 1.578000
v 0.650586 7.018000 1.579414
v 0.666000 6.442000 1.490000
v 0.668000 6.442000 1.492000
v 0.666000 6.440000 1.492000
v 0.667414 6.442000 1.490586
v 0.667155 6.440845 1.490845
v 0.667414 6.440586 1.492000
v 0.666000 6.440586 1.490586
v 0.666000 6.442000 1.580000
v 0.666000 6.440000 1.578000
v 0.668000 6.442000 1.578000
v 0.666000 6.440586 1.579414
v 0.667155 6.440845 1.579155
v 0.667414 6.440586 1.578000
v 0.667414 6.442000 1.579414
v 0.666000 7.018000 1.490000
v 0.666000 7.020000 1.492000
v 0.668000 7.018000 1.492000
v 0.666000 7.019414 1.490586
v 0.667155 7.019155 1.490845
v 0.667414 7.019414 1.492000
v 0.667414 7.018000 1.490586
v 0.666000 7.018000 1.580000
v 0.668000 7.018000 1.578000
v 0.666000 7.020000 1.578000
v 0.667414 7.018000 1.579414
v 0.667155 7.019155 1.579155
v 0.667414 7.019414 1.578000
v 0.666000 7.019414 1.579414
v 0.652000 6.440586 1.490586
v 0.650845 6.440845 1.490845
v 0.650845 6.440845 1.490845
v 0.650586 6.442000 1.490586
v 0.650586 6.440586 1.492000
v 0.652000 6.440586 1.579414
v 0.650845 6.440845 1.579155
v 0.650845 6.440845 1.579155
v 0.650586 6.440586 1.578000
v 0.650586 6.442000 1.579414
v 0.650586 7.018000 1.490586
v 0.650845 7.019155 1.490845
v 0.650845 7.019155 1.490845
v 0.652000 7.019414 1.490586
v 0.650586 7.019414 1.492000
v 0.652000 7.019414 1.579414
v 0.650845 7.019155 1.579155
v 0.650845 7.019155 1.579155
v 0.650586 7.018000 1.579414
v 0.650586 7.019414 1.578000
v 0.667414 6.442000 1.490586
v 0.667155 6.440845 1.490845
v 0.667155 6.440845 1.490845
v 0.666000 6.440586 1.490586
v 0.667414 6.440586 1.492000
v 0.666000 6.440586 1.579414
v 0.667155 6.440845 1.579155
v 0.667155 6.440845 1.579155
v 0.667414 6.442000 1.579414
v 0.667414 6.440586 1.578000
v 0.666000 7.019414 1.490586
v 0.667155 7.019155 1.490845
v 0.667155 7.019155 1.490845
v 0.667414 7.018000 1.490586
v 0.667414 7.019414 1.492000
v 0.667414 7.018000 1.579414
v 0.667155 7.019155 1.579155
v 0.667155 7.019155 1.579155
v 0.666000 7.019414 1.579414
v 0.667414 7.019414 1.578000
s 0
f 3103 3109 3080 3074
f 3117 3123 3110 3102
f 3122 3094 3081 3108
f 3075 3082 3096 3088
f 3089 3095 3124 3116
f 3073 3129 3130 3132
f 3074 3133 3131 3076
f 3075 3079 3077 3078
f 3080 3134 3135 3137
f 3081 3138 3136 3083
f 3082 3086 3084 3085
f 3087 3139 3140 3142
f 3088 3143 3141 3090
f 3089 3093 3091 3092
f 3094 3144 3145 3147
f 3095 3148 3146 3097
f 3096 3100 3098 3099
f 3101 3149 3150 3152
f 3102 3153 3151 3104
f 3103 3107 3105 3106
f 3108 3154 3155 3157
f 3109 3158 3156 3111
f 3110 3114 3112 3113
f 3115 3159 3160 3162
f 3116 3163 3161 3118
f 3117 3121 3119 3120
f 3122 3164 3165 3167
f 3123 3168 3166 3125
f 3124 3128 3126 3127
f 3087 3073 3132 3139
f 3090 3079 3075 3088
f 3074 3080 3137 3133
f 3078 3086 3082 3075
f 3081 3094 3147 3138
f 3085 3100 3096 3082
f 3095 3089 3092 3148
f 3099 3143 3088 3096
f 3115 3087 3142 3159
f 3118 3093 3089 3116
f 3094 3122 3167 3144
f 3097 3128 3124 3095
f 3123 3117 3120 3168
f 3127 3163 3116 3124
f 3101 3115 3162 3149
f 3104 3121 3117 3102
f 3122 3108 3157 3164
f 3125 3114 3110 3123
f 3109 3103 3106 3158
f 3113 3153 3102 3110
f 3073 3101 3152 3129
f 3076 3107 3103 3074
f 3108 3081 3083 3154
f 3111 3134 3080 3109
f 3087 3115 3101 3073
o fridge_int_back
v 0.211000 0.031000 1.220000
v 0.211000 0.030000 1.221000
v 0.210000 0.031000 1.221000
v 0.211000 0.030293 1.220293
v 0.210423 0.030423 1.220423
v 0.210293 0.030293 1.221000
v 0.210293 0.031000 1.220293
v 0.211000 0.030000 2.089000
v 0.211000 0.031000 2.090000
v 0.210000 0.031000 2.089000
v 0.211000 0.030293 2.089707
v 0.210423 0.030423 2.089577
v 0.210293 0.031000 2.089707
v 0.210293 0.030293 2.089000
v 0.211000 0.041000 1.220000
v 0.210000 0.041000 1.221000
v 0.211000 0.042000 1.221000
v 0.210293 0.041000 1.220293
v 0.210423 0.041577 1.220423
v 0.210293 0.041707 1.221000
v 0.211000 0.041707 1.220293
v 0.211000 0.041000 2.090000
v 0.211000 0.042000 2.089000
v 0.210000 0.041000 2.089000
v 0.211000 0.041707 2.089707
v 0.210423 0.041577 2.089577
v 0.210293 0.041707 2.089000
v 0.210293 0.041000 2.089707
v 1.289000 0.031000 1.220000
v 1.290000 0.031000 1.221000
v 1.289000 0.030000 1.221000
v 1.289707 0.031000 1.220293
v 1.289577 0.030423 1.220423
v 1.289707 0.030293 1.221000
v 1.289000 0.030293 1.220293
v 1.289000 0.031000 2.090000
v 1.289000 0.030000 2.089000
v 1.290000 0.031000 2.089000
v 1.289000 0.030293 2.089707
v 1.289577 0.030423 2.089577
v 1.289707 0.030293 2.089000
v 1.289707 0.031000 2.089707
v 1.289000 0.041000 1.220000
v 1.289000 0.042000 1.221000
v 1.290000 0.041000 1.221000
v 1.289000 0.041707 1.220293
v 1.289577 0.041577 1.220423
v 1.289707 0.041707 1.221000
v 1.289707 0.041000 1.220293
v 1.289000 0.041000 2.090000
v 1.290000 0.041000 2.089000
v 1.289000 0.042000 2.089000
v 1.289707 0.041000 2.089707
v 1.289577 0.041577 2.089577
v 1.289707 0.041707 2.089000
v 1.289000 0.041707 2.089707
v 0.211000 0.030293 1.220293
v 0.210423 0.030423 1.220423
v 0.210423 0.030423 1.220423
v 0.210293 0.031000 1.220293
v 0.210293 0.030293 1.221000
v 0.211000 0.030293 2.089707
v 0.210423 0.030423 2.089577
v 0.210423 0.030423 2.089577
v 0.210293 0.030293 2.089000
v 0.210293 0.031000 2.089707
v 0.210293 0.041000 1.220293
v 0.210423 0.041577 1.220423
v 0.210423 0.041577 1.220423
v 0.211000 0.041707 1.220293
v 0.210293 0.041707 1.221000
v 0.211000 0.041707 2.089707
v 0.210423 0.041577 2.089577
v 0.210423 0.041577 2.089577
v 0.210293 0.041000 2.089707
v 0.210293 0.041707 2.089000
v 1.289707 0.031000 1.220293
v 1.289577 0.030423 1.220423
v 1.289577 0.030423 1.220423
v 1.289000 0.030293 1.220293
v 1.289707 0.030293 1.221000
v 1.289000 0.030293 2.089707
v 1.289577 0.030423 2.089577
v 1.289577 0.030423 2.089577
v 1.289707 0.031000 2.089707
v 1.289707 0.030293 2.089000
v 1.289000 0.041707 1.220293
v 1.289577 0.041577 1.220423
v 1.289577 0.041577 1.220423
v 1.289707 0.041000 1.220293
v 1.289707 0.041707 1.221000
v 1.289707 0.041000 2.089707
v 1.289577 0.041577 2.089577
v 1.289577 0.041577 2.089577
v 1.289000 0.041707 2.089707
v 1.289707 0.041707 2.089000
s 0
f 3199 3205 3176 3170
f 3213 3219 3206 3198
f 3218 3190 3177 3204
f 3171 3178 3192 3184
f 3185 3191 3220 3212
f 3169 3225 3226 3228
f 3170 3229 3227 3172
f 3171 3175 3173 3174
f 3176 3230 3231 3233
f 3177 3234 3232 3179
f 3178 3182 3180 3181
f 3183 3235 3236 3238
f 3184 3239 3237 3186
f 3185 3189 3187 3188
f 3190 3240 3241 3243
f 3191 3244 3242 3193
f 3192 3196 3194 3195
f 3197 3245 3246 3248
f 3198 3249 3247 3200
f 3199 3203 3201 3202
f 3204 3250 3251 3253
f 3205 3254 3252 3207
f 3206 3210 3208 3209
f 3211 3255 3256 3258
f 3212 3259 3257 3214
f 3213 3217 3215 3216
f 3218 3260 3261 3263
f 3219 3264 3262 3221
f 3220 3224 3222 3223
f 3183 3169 3228 3235
f 3186 3175 3171 3184
f 3170 3176 3233 3229
f 3174 3182 3178 3171
f 3177 3190 3243 3234
f 3181 3196 3192 3178
f 3191 3185 3188 3244
f 3195 3239 3184 3192
f 3211 3183 3238 3255
f 3214 3189 3185 3212
f 3190 3218 3263 3240
f 3193 3224 3220 3191
f 3219 3213 3216 3264
f 3223 3259 3212 3220
f 3197 3211 3258 3245
f 3200 3217 3213 3198
f 3218 3204 3253 3260
f 3221 3210 3206 3219
f 3205 3199 3202 3254
f 3209 3249 3198 3206
f 3169 3197 3248 3225
f 3172 3203 3199 3170
f 3204 3177 3179 3250
f 3207 3230 3176 3205
f 3183 3211 3197 3169
o fridge_int_side_0
v 0.221000 0.046000 1.220000
v 0.221000 0.045000 1.221000
v 0.220000 0.046000 1.221000
v 0.221000 0.045293 1.220293
v 0.220423 0.045423 1.220423
v 0.220293 0.045293 1.221000
v 0.220293 0.046000 1.220293
v 0.221000 0.045000 2.089000
v 0.221000 0.046000 2.090000
v 0.220000 0.046000 2.089000
v 0.221000 0.045293 2.089707
v 0.220423 0.045423 2.089577
v 0.220293 0.046000 2.089707
v 0.220293 0.045293 2.089000
v 0.221000 0.594000 1.220000
v 0.220000 0.594000 1.221000
v 0.221000 0.595000 1.221000
v 0.220293 0.594000 1.220293
v 0.220423 0.594577 1.220423
v 0.220293 0.594707 1.221000
v 0.221000 0.594707 1.220293
v 0.221000 0.594000 2.090000
v 0.221000 0.595000 2.089000
v 0.220000 0.594000 2.089000
v 0.221000 0.594707 2.089707
v 0.220423 0.594577 2.089577
v 0.220293 0.594707 2.089000
v 0.220293 0.594000 2.089707
v 0.231000 0.046000 1.220000
v 0.232000 0.046000 1.221000
v 0.231000 0.045000 1.221000
v 0.231707 0.046000 1.220293
v 0.231577 0.045423 1.220423
v 0.231707 0.045293 1.221000
v 0.231000 0.045293 1.220293
v 0.231000 0.046000 2.090000
v 0.231000 0.045000 2.089000
v 0.232000 0.046000 2.089000
v 0.231000 0.045293 2.089707
v 0.231577 0.045423 2.089577
v 0.231707 0.045293 2.089000
v 0.231707 0.046000 2.089707
v 0.231000 0.594000 1.220000
v 0.231000 0.595000 1.221000
v 0.232000 0.594000 1.221000
v 0.231000 0.594707 1.220293
v 0.231577 0.594577 1.220423
v 0.231707 0.594707 1.221000
v 0.231707 0.594000 1.220293
v 0.231000 0.594000 2.090000
v 0.232000 0.594000 2.089000
v 0.231000 0.595000 2.089000
v 0.231707 0.594000 2.089707
v 0.231577 0.594577 2.089577
v 0.231707 0.594707 2.089000
v 0.231000 0.594707 2.089707
v 0.221000 0.045293 1.220293
v 0.220423 0.045423 1.220423
v 0.220423 0.045423 1.220423
v 0.220293 0.046000 1.220293
v 0.220293 0.045293 1.221000
v 0.221000 0.045293 2.089707
v 0.220423 0.045423 2.089577
v 0.220423 0.045423 2.089577
v 0.220293 0.045293 2.089000
v 0.220293 0.046000 2.089707
v 0.220293 0.594000 1.220293
v 0.220423 0.594577 1.220423
v 0.220423 0.594577 1.220423
v 0.221000 0.594707 1.220293
v 0.220293 0.594707 1.221000
v 0.221000 0.594707 2.089707
v 0.220423 0.594577 2.089577
v 0.220423 0.594577 2.089577
v 0.220293 0.594000 2.089707
v 0.220293 0.594707 2.089000
v 0.231707 0.046000 1.220293
v 0.231577 0.045423 1.220423
v 0.231577 0.045423 1.220423
v 0.231000 0.045293 1.220293
v 0.231707 0.045293 1.221000
v 0.231000 0.045293 2.089707
v 0.231577 0.045423 2.089577
v 0.231577 0.045423 2.089577
v 0.231707 0.046000 2.089707
v 0.231707 0.045293 2.089000
v 0.231000 0.594707 1.220293
v 0.231577 0.594577 1.220423
v 0.231577 0.594577 1.220423
v 0.231707 0.594000 1.220293
v 0.231707 0.594707 1.221000
v 0.231707 0.594000 2.089707
v 0.231577 0.594577 2.089577
v 0.231577 0.594577 2.089577
v 0.231000 0.594707 2.089707
v 0.231707 0.594707 2.089000
s 0
f 3295 3301 3272 3266
f 3309 3315 3302 3294
f 3314 3286 3273 3300
f 3267 3274 3288 3280
f 3281 3287 3316 3308
f 3265 3321 3322 3324
f 3266 3325 3323 3268
f 3267 3271 3269 3270
f 3272 3326 3327 3329
f 3273 3330 3328 3275
f 3274 3278 3276 3277
f 3279 3331 3332 3334
f 3280 3335 3333 3282
f 3281 3285 3283 3284
f 3286 3336 3337 3339
f 3287 3340 3338 3289
f 3288 3292 3290 3291
f 3293 3341 3342 3344
f 3294 3345 3343 3296
f 3295 3299 3297 3298
f 3300 3346 3347 3349
f 3301 3350 3348 3303
f 3302 3306 3304 3305
f 3307 3351 3352 3354
f 3308 3355 3353 3310
f 3309 3313 3311 3312
f 3314 3356 3357 3359
f 3315 3360 3358 3317
f 3316 3320 3318 3319
f 3279 3265 3324 3331
f 3282 3271 3267 3280
f 3266 3272 3329 3325
f 3270 3278 3274 3267
f 3273 3286 3339 3330
f 3277 3292 3288 3274
f 3287 3281 3284 3340
f 3291 3335 3280 3288
f 3307 3279 3334 3351
f 3310 3285 3281 3308
f 3286 3314 3359 3336
f 3289 3320 3316 3287
f 3315 3309 3312 3360
f 3319 3355 3308 3316
f 3293 3307 3354 3341
f 3296 3313 3309 3294
f 3314 3300 3349 3356
f 3317 3306 3302 3315
f 3301 3295 3298 3350
f 3305 3345 3294 3302
f 3265 3293 3344 3321
f 3268 3299 3295 3266
f 3300 3273 3275 3346
f 3303 3326 3272 3301
f 3279 3307 3293 3265
o fridge_int_side_1
v 1.269000 0.046000 1.220000
v 1.269000 0.045000 1.221000
v 1.268000 0.046000 1.221000
v 1.269000 0.045293 1.220293
v 1.268423 0.045423 1.220423
v 1.268293 0.045293 1.221000
v 1.268293 0.046000 1.220293
v 1.269000 0.045000 2.089000
v 1.269000 0.046000 2.090000
v 1.268000 0.046000 2.089000
v 1.269000 0.045293 2.089707
v 1.268423 0.045423 2.089577
v 1.268293 0.046000 2.089707
v 1.268293 0.045293 2.089000
v 1.269000 0.594000 1.220000
v 1.268000 0.594000 1.221000
v 1.269000 0.595000 1.221000
v 1.268293 0.594000 1.220293
v 1.268423 0.594577 1.220423
v 1.268293 0.594707 1.221000
v 1.269000 0.594707 1.220293
v 1.269000 0.594000 2.090000
v 1.269000 0.595000 2.089000
v 1.268000 0.594000 2.089000
v 1.269000 0.594707 2.089707
v 1.268423 0.594577 2.089577
v 1.268293 0.594707 2.089000
v 1.268293 0.594000 2.089707
v 1.279000 0.046000 1.220000
v 1.280000 0.046000 1.221000
v 1.279000 0.045000 1.221000
v 1.279707 0.046000 1.220293
v 1.279577 0.045423 1.220423
v 1.279707 0.045293 1.221000
v 1.279000 0.045293 1.220293
v 1.279000 0.046000 2.090000
v 1.279000 0.045000 2.089000
v 1.280000 0.046000 2.089000
v 1.279000 0.045293 2.089707
v 1.279577 0.045423 2.089577
v 1.279707 0.045293 2.089000
v 1.279707 0.046000 2.089707
v 1.279000 0.594000 1.220000
v 1.279000 0.595000 1.221000
v 1.280000 0.594000 1.221000
v 1.279000 0.594707 1.220293
v 1.279577 0.594577 1.220423
v 1.279707 0.594707 1.221000
v 1.279707 0.594000 1.220293
v 1.279000 0.594000 2.090000
v 1.280000 0.594000 2.089000
v 1.279000 0.595000 2.089000
v 1.279707 0.594000 2.089707
v 1.279577 0.594577 2.089577
v 1.279707 0.594707 2.089000
v 1.279000 0.594707 2.089707
v 1.269000 0.045293 1.220293
v 1.268423 0.045423 1.220423
v 1.268423 0.045423 1.220423
v 1.268293 0.046000 1.220293
v 1.268293 0.045293 1.221000
v 1.269000 0.045293 2.089707
v 1.268423 0.045423 2.089577
v 1.268423 0.045423 2.089577
v 1.268293 0.045293 2.089000
v 1.268293 0.046000 2.089707
v 1.268293 0.594000 1.220293
v 1.268423 0.594577 1.220423
v 1.268423 0.594577 1.220423
v 1.269000 0.594707 1.220293
v 1.268293 0.594707 1.221000
v 1.269000 0.594707 2.089707
v 1.268423 0.594577 2.089577
v 1.268423 0.594577 2.089577
v 1.268293 0.594000 2.089707
v 1.268293 0.594707 2.089000
v 1.279707 0.046000 1.220293
v 1.279577 0.045423 1.220423
v 1.279577 0.045423 1.220423
v 1.279000 0.045293 1.220293
v 1.279707 0.045293 1.221000
v 1.279000 0.045293 2.089707
v 1.279577 0.045423 2.089577
v 1.279577 0.045423 2.089577
v 1.279707 0.046000 2.089707
v 1.279707 0.045293 2.089000
v 1.279000 0.594707 1.220293
v 1.279577 0.594577 1.220423
v 1.279577 0.594577 1.220423
v 1.279707 0.594000 1.220293
v 1.279707 0.594707 1.221000
v 1.279707 0.594000 2.089707
v 1.279577 0.594577 2.089577
v 1.279577 0.594577 2.089577
v 1.279000 0.594707 2.089707
v 1.279707 0.594707 2.089000
s 0
f 3391 3397 3368 3362
f 3405 3411 3398 3390
f 3410 3382 3369 3396
f 3363 3370 3384 3376
f 3377 3383 3412 3404
f 3361 3417 3418 3420
f 3362 3421 3419 3364
f 3363 3367 3365 3366
f 3368 3422 3423 3425
f 3369 3426 3424 3371
f 3370 3374 3372 3373
f 3375 3427 3428 3430
f 3376 3431 3429 3378
f 3377 3381 3379 3380
f 3382 3432 3433 3435
f 3383 3436 3434 3385
f 3384 3388 3386 3387
f 3389 3437 3438 3440
f 3390 3441 3439 3392
f 3391 3395 3393 3394
f 3396 3442 3443 3445
f 3397 3446 3444 3399
f 3398 3402 3400 3401
f 3403 3447 3448 3450
f 3404 3451 3449 3406
f 3405 3409 3407 3408
f 3410 3452 3453 3455
f 3411 3456 3454 3413
f 3412 3416 3414 3415
f 3375 3361 3420 3427
f 3378 3367 3363 3376
f 3362 3368 3425 3421
f 3366 3374 3370 3363
f 3369 3382 3435 3426
f 3373 3388 3384 3370
f 3383 3377 3380 3436
f 3387 3431 3376 3384
f 3403 3375 3430 3447
f 3406 3381 3377 3404
f 3382 3410 3455 3432
f 3385 3416 3412 3383
f 3411 3405 3408 3456
f 3415 3451 3404 3412
f 3389 3403 3450 3437
f 3392 3409 3405 3390
f 3410 3396 3445 3452
f 3413 3402 3398 3411
f 3397 3391 3394 3446
f 3401 3441 3390 3398
f 3361 3389 3440 3417
f 3364 3395 3391 3362
f 3396 3369 3371 3442
f 3399 3422 3368 3397
f 3375 3403 3389 3361
o fridge_int_top
v 0.211000 0.031000 2.078000
v 0.211000 0.030000 2.079000
v 0.210000 0.031000 2.079000
v 0.211000 0.030293 2.078293
v 0.210423 0.030423 2.078423
v 0.210293 0.030293 2.079000
v 0.210293 0.031000 2.078293
v 0.211000 0.030000 2.089000
v 0.211000 0.031000 2.090000
v 0.210000 0.031000 2.089000
v 0.211000 0.030293 2.089707
v 0.210423 0.030423 2.089577
v 0.210293 0.031000 2.089707
v 0.210293 0.030293 2.089000
v 0.211000 0.609000 2.078000
v 0.210000 0.609000 2.079000
v 0.211000 0.610000 2.079000
v 0.210293 0.609000 2.078293
v 0.210423 0.609577 2.078423
v 0.210293 0.609707 2.079000
v 0.211000 0.609707 2.078293
v 0.211000 0.609000 2.090000
v 0.211000 0.610000 2.089000
v 0.210000 0.609000 2.089000
v 0.211000 0.609707 2.089707
v 0.210423 0.609577 2.089577
v 0.210293 0.609707 2.089000
v 0.210293 0.609000 2.089707
v 1.289000 0.031000 2.078000
v 1.290000 0.031000 2.079000
v 1.289000 0.030000 2.079000
v 1.289707 0.031000 2.078293
v 1.289577 0.030423 2.078423
v 1.289707 0.030293 2.079000
v 1.289000 0.030293 2.078293
v 1.289000 0.031000 2.090000
v 1.289000 0.030000 2.089000
v 1.290000 0.031000 2.089000
v 1.289000 0.030293 2.089707
v 1.289577 0.030423 2.089577
v 1.289707 0.030293 2.089000
v 1.289707 0.031000 2.089707
v 1.289000 0.609000 2.078000
v 1.289000 0.610000 2.079000
v 1.290000 0.609000 2.079000
v 1.289000 0.609707 2.078293
v 1.289577 0.609577 2.078423
v 1.289707 0.609707 2.079000
v 1.289707 0.609000 2.078293
v 1.289000 0.609000 2.090000
v 1.290000 0.609000 2.089000
v 1.289000 0.610000 2.089000
v 1.289707 0.609000 2.089707
v 1.289577 0.609577 2.089577
v 1.289707 0.609707 2.089000
v 1.289000 0.609707 2.089707
v 0.211000 0.030293 2.078293
v 0.210423 0.030423 2.078423
v 0.210423 0.030423 2.078423
v 0.210293 0.031000 2.078293
v 0.210293 0.030293 2.079000
v 0.211000 0.030293 2.089707
v 0.210423 0.030423 2.089577
v 0.210423 0.030423 2.089577
v 0.210293 0.030293 2.089000
v 0.210293 0.031000 2.089707
v 0.210293 0.609000 2.078293
v 0.210423 0.609577 2.078423
v 0.210423 0.609577 2.078423
v 0.211000 0.609707 2.078293
v 0.210293 0.609707 2.079000
v 0.211000 0.609707 2.089707
v 0.210423 0.609577 2.089577
v 0.210423 0.609577 2.089577
v 0.210293 0.609000 2.089707
v 0.210293 0.609707 2.089000
v 1.289707 0.031000 2.078293
v 1.289577 0.030423 2.078423
v 1.289577 0.030423 2.078423
v 1.289000 0.030293 2.078293
v 1.289707 0.030293 2.079000
v 1.289000 0.030293 2.089707
v 1.289577 0.030423 2.089577
v 1.289577 0.030423 2.089577
v 1.289707 0.031000 2.089707
v 1.289707 0.030293 2.089000
v 1.289000 0.609707 2.078293
v 1.289577 0.609577 2.078423
v 1.289577 0.609577 2.078423
v 1.289707 0.609000 2.078293
v 1.289707 0.609707 2.079000
v 1.289707 0.609000 2.089707
v 1.289577 0.609577 2.089577
v 1.289577 0.609577 2.089577
v 1.289000 0.609707 2.089707
v 1.289707 0.609707 2.089000
s 0
f 3487 3493 3464 3458
f 3501 3507 3494 3486
f 3506 3478 3465 3492
f 3459 3466 3480 3472
f 3473 3479 3508 3500
f 3457 3513 3514 3516
f 3458 3517 3515 3460
f 3459 3463 3461 3462
f 3464 3518 3519 3521
f 3465 3522 3520 3467
f 3466 3470 3468 3469
f 3471 3523 3524 3526
f 3472 3527 3525 3474
f 3473 3477 3475 3476
f 3478 3528 3529 3531
f 3479 3532 3530 3481
f 3480 3484 3482 3483
f 3485 3533 3534 3536
f 3486 3537 3535 3488
f 3487 3491 3489 3490
f 3492 3538 3539 3541
f 3493 3542 3540 3495
f 3494 3498 3496 3497
f 3499 3543 3544 3546
f 3500 3547 3545 3502
f 3501 3505 3503 3504
f 3506 3548 3549 3551
f 3507 3552 3550 3509
f 3508 3512 3510 3511
f 3471 3457 3516 3523
f 3474 3463 3459 3472
f 3458 3464 3521 3517
f 3462 3470 3466 3459
f 3465 3478 3531 3522
f 3469 3484 3480 3466
f 3479 3473 3476 3532
f 3483 3527 3472 3480
f 3499 3471 3526 3543
f 3502 3477 3473 3500
f 3478 3506 3551 3528
f 3481 3512 3508 3479
f 3507 3501 3504 3552
f 3511 3547 3500 3508
f 3485 3499 3546 3533
f 3488 3505 3501 3486
f 3506 3492 3541 3548
f 3509 3498 3494 3507
f 3493 3487 3490 3542
f 3497 3537 3486 3494
f 3457 3485 3536 3513
f 3460 3491 3487 3458
f 3492 3465 3467 3538
f 3495 3518 3464 3493
f 3471 3499 3485 3457
o fridge_int_mid
v 0.211000 0.031000 1.210000
v 0.211000 0.030000 1.211000
v 0.210000 0.031000 1.211000
v 0.211000 0.030293 1.210293
v 0.210423 0.030423 1.210423
v 0.210293 0.030293 1.211000
v 0.210293 0.031000 1.210293
v 0.211000 0.030000 1.221000
v 0.211000 0.031000 1.222000
v 0.210000 0.031000 1.221000
v 0.211000 0.030293 1.221707
v 0.210423 0.030423 1.221577
v 0.210293 0.031000 1.221707
v 0.210293 0.030293 1.221000
v 0.211000 0.609000 1.210000
v 0.210000 0.609000 1.211000
v 0.211000 0.610000 1.211000
v 0.210293 0.609000 1.210293
v 0.210423 0.609577 1.210423
v 0.210293 0.609707 1.211000
v 0.211000 0.609707 1.210293
v 0.211000 0.609000 1.222000
v 0.211000 0.610000 1.221000
v 0.210000 0.609000 1.221000
v 0.211000 0.609707 1.221707
v 0.210423 0.609577 1.221577
v 0.210293 0.609707 1.221000
v 0.210293 0.609000 1.221707
v 1.289000 0.031000 1.210000
v 1.290000 0.031000 1.211000
v 1.289000 0.030000 1.211000
v 1.289707 0.031000 1.210293
v 1.289577 0.030423 1.210423
v 1.289707 0.030293 1.211000
v 1.289000 0.030293 1.210293
v 1.289000 0.031000 1.222000
v 1.289000 0.030000 1.221000
v 1.290000 0.031000 1.221000
v 1.289000 0.030293 1.221707
v 1.289577 0.030423 1.221577
v 1.289707 0.030293 1.221000
v 1.289707 0.031000 1.221707
v 1.289000 0.609000 1.210000
v 1.289000 0.610000 1.211000
v 1.290000 0.609000 1.211000
v 1.289000 0.609707 1.210293
v 1.289577 0.609577 1.210423
v 1.289707 0.609707 1.211000
v 1.289707 0.609000 1.210293
v 1.289000 0.609000 1.222000
v 1.290000 0.609000 1.221000
v 1.289000 0.610000 1.221000
v 1.289707 0.609000 1.221707
v 1.289577 0.609577 1.221577
v 1.289707 0.609707 1.221000
v 1.289000 0.609707 1.221707
v 0.211000 0.030293 1.210293
v 0.210423 0.030423 1.210423
v 0.210423 0.030423 1.210423
v 0.210293 0.031000 1.210293
v 0.210293 0.030293 1.211000
v 0.211000 0.030293 1.221707
v 0.210423 0.030423 1.221577
v 0.210423 0.030423 1.221577
v 0.210293 0.030293 1.221000
v 0.210293 0.031000 1.221707
v 0.210293 0.609000 1.210293
v 0.210423 0.609577 1.210423
v 0.210423 0.609577 1.210423
v 0.211000 0.609707 1.210293
v 0.210293 0.609707 1.211000
v 0.211000 0.609707 1.221707
v 0.210423 0.609577 1.221577
v 0.210423 0.609577 1.221577
v 0.210293 0.609000 1.221707
v 0.210293 0.609707 1.221000
v 1.289707 0.031000 1.210293
v 1.289577 0.030423 1.210423
v 1.289577 0.030423 1.210423
v 1.289000 0.030293 1.210293
v 1.289707 0.030293 1.211000
v 1.289000 0.030293 1.221707
v 1.289577 0.030423 1.221577
v 1.289577 0.030423 1.221577
v 1.289707 0.031000 1.221707
v 1.289707 0.030293 1.221000
v 1.289000 0.609707 1.210293
v 1.289577 0.609577 1.210423
v 1.289577 0.609577 1.210423
v 1.289707 0.609000 1.210293
v 1.289707 0.609707 1.211000
v 1.289707 0.609000 1.221707
v 1.289577 0.609577 1.221577
v 1.289577 0.609577 1.221577
v 1.289000 0.609707 1.221707
v 1.289707 0.609707 1.221000
s 0
f 3583 3589 3560 3554
f 3597 3603 3590 3582
f 3602 3574 3561 3588
f 3555 3562 3576 3568
f 3569 3575 3604 3596
f 3553 3609 3610 3612
f 3554 3613 3611 3556
f 3555 3559 3557 3558
f 3560 3614 3615 3617
f 3561 3618 3616 3563
f 3562 3566 3564 3565
f 3567 3619 3620 3622
f 3568 3623 3621 3570
f 3569 3573 3571 3572
f 3574 3624 3625 3627
f 3575 3628 3626 3577
f 3576 3580 3578 3579
f 3581 3629 3630 3632
f 3582 3633 3631 3584
f 3583 3587 3585 3586
f 3588 3634 3635 3637
f 3589 3638 3636 3591
f 3590 3594 3592 3593
f 3595 3639 3640 3642
f 3596 3643 3641 3598
f 3597 3601 3599 3600
f 3602 3644 3645 3647
f 3603 3648 3646 3605
f 3604 3608 3606 3607
f 3567 3553 3612 3619
f 3570 3559 3555 3568
f 3554 3560 3617 3613
f 3558 3566 3562 3555
f 3561 3574 3627 3618
f 3565 3580 3576 3562
f 3575 3569 3572 3628
f 3579 3623 3568 3576
f 3595 3567 3622 3639
f 3598 3573 3569 3596
f 3574 3602 3647 3624
f 3577 3608 3604 3575
f 3603 3597 3600 3648
f 3607 3643 3596 3604
f 3581 3595 3642 3629
f 3584 3601 3597 3582
f 3602 3588 3637 3644
f 3605 3594 3590 3603
f 3589 3583 3586 3638
f 3593 3633 3582 3590
f 3553 3581 3632 3609
f 3556 3587 3583 3554
f 3588 3561 3563 3634
f 3591 3614 3560 3589
f 3567 3595 3581 3553
o fridge_int_bot
v 0.211000 0.031000 0.108000
v 0.211000 0.030000 0.109000
v 0.210000 0.031000 0.109000
v 0.211000 0.030293 0.108293
v 0.210423 0.030423 0.108423
v 0.210293 0.030293 0.109000
v 0.210293 0.031000 0.108293
v 0.211000 0.030000 0.119000
v 0.211000 0.031000 0.120000
v 0.210000 0.031000 0.119000
v 0.211000 0.030293 0.119707
v 0.210423 0.030423 0.119577
v 0.210293 0.031000 0.119707
v 0.210293 0.030293 0.119000
v 0.211000 0.609000 0.108000
v 0.210000 0.609000 0.109000
v 0.211000 0.610000 0.109000
v 0.210293 0.609000 0.108293
v 0.210423 0.609577 0.108423
v 0.210293 0.609707 0.109000
v 0.211000 0.609707 0.108293
v 0.211000 0.609000 0.120000
v 0.211000 0.610000 0.119000
v 0.210000 0.609000 0.119000
v 0.211000 0.609707 0.119707
v 0.210423 0.609577 0.119577
v 0.210293 0.609707 0.119000
v 0.210293 0.609000 0.119707
v 1.289000 0.031000 0.108000
v 1.290000 0.031000 0.109000
v 1.289000 0.030000 0.109000
v 1.289707 0.031000 0.108293
v 1.289577 0.030423 0.108423
v 1.289707 0.030293 0.109000
v 1.289000 0.030293 0.108293
v 1.289000 0.031000 0.120000
v 1.289000 0.030000 0.119000
v 1.290000 0.031000 0.119000
v 1.289000 0.030293 0.119707
v 1.289577 0.030423 0.119577
v 1.289707 0.030293 0.119000
v 1.289707 0.031000 0.119707
v 1.289000 0.609000 0.108000
v 1.289000 0.610000 0.109000
v 1.290000 0.609000 0.109000
v 1.289000 0.609707 0.108293
v 1.289577 0.609577 0.108423
v 1.289707 0.609707 0.109000
v 1.289707 0.609000 0.108293
v 1.289000 0.609000 0.120000
v 1.290000 0.609000 0.119000
v 1.289000 0.610000 0.119000
v 1.289707 0.609000 0.119707
v 1.289577 0.609577 0.119577
v 1.289707 0.609707 0.119000
v 1.289000 0.609707 0.119707
v 0.211000 0.030293 0.108293
v 0.210423 0.030423 0.108423
v 0.210423 0.030423 0.108423
v 0.210293 0.031000 0.108293
v 0.210293 0.030293 0.109000
v 0.211000 0.030293 0.119707
v 0.210423 0.030423 0.119577
v 0.210423 0.030423 0.119577
v 0.210293 0.030293 0.119000
v 0.210293 0.031000 0.119707
v 0.210293 0.609000 0.108293
v 0.210423 0.609577 0.108423
v 0.210423 0.609577 0.108423
v 0.211000 0.609707 0.108293
v 0.210293 0.609707 0.109000
v 0.211000 0.609707 0.119707
v 0.210423 0.609577 0.119577
v 0.210423 0.609577 0.119577
v 0.210293 0.609000 0.119707
v 0.210293 0.609707 0.119000
v 1.289707 0.031000 0.108293
v 1.289577 0.030423 0.108423
v 1.289577 0.030423 0.108423
v 1.289000 0.030293 0.108293
v 1.289707 0.030293 0.109000
v 1.289000 0.030293 0.119707
v 1.289577 0.030423 0.119577
v 1.289577 0.030423 0.119577
v 1.289707 0.031000 0.119707
v 1.289707 0.030293 0.119000
v 1.289000 0.609707 0.108293
v 1.289577 0.609577 0.108423
v 1.289577 0.609577 0.108423
v 1.289707 0.609000 0.108293
v 1.289707 0.609707 0.109000
v 1.289707 0.609000 0.119707
v 1.289577 0.609577 0.119577
v 1.289577 0.609577 0.119577
v 1.289000 0.609707 0.119707
v 1.289707 0.609707 0.119000
s 0
f 3679 3685 3656 3650
f 3693 3699 3686 3678
f 3698 3670 3657 3684
f 3651 3658 3672 3664
f 3665 3671 3700 3692
f 3649 3705 3706 3708
f 3650 3709 3707 3652
f 3651 3655 3653 3654
f 3656 3710 3711 3713
f 3657 3714 3712 3659
f 3658 3662 3660 3661
f 3663 3715 3716 3718
f 3664 3719 3717 3666
f 3665 3669 3667 3668
f 3670 3720 3721 3723
f 3671 3724 3722 3673
f 3672 3676 3674 3675
f 3677 3725 3726 3728
f 3678 3729 3727 3680
f 3679 3683 3681 3682
f 3684 3730 3731 3733
f 3685 3734 3732 3687
f 3686 3690 3688 3689
f 3691 3735 3736 3738
f 3692 3739 3737 3694
f 3693 3697 3695 3696
f 3698 3740 3741 3743
f 3699 3744 3742 3701
f 3700 3704 3702 3703
f 3663 3649 3708 3715
f 3666 3655 3651 3664
f 3650 3656 3713 3709
f 3654 3662 3658 3651
f 3657 3670 3723 3714
f 3661 3676 3672 3658
f 3671 3665 3668 3724
f 3675 3719 3664 3672
f 3691 3663 3718 3735
f 3694 3669 3665 3692
f 3670 3698 3743 3720
f 3673 3704 3700 3671
f 3699 3693 3696 3744
f 3703 3739 3692 3700
f 3677 3691 3738 3725
f 3680 3697 3693 3678
f 3698 3684 3733 3740
f 3701 3690 3686 3699
f 3685 3679 3682 3734
f 3689 3729 3678 3686
f 3649 3677 3728 3705
f 3652 3683 3679 3650
f 3684 3657 3659 3730
f 3687 3710 3656 3685
f 3663 3691 3677 3649
o coffee_body
v 0.245000 5.755000 0.910000
v 0.245000 5.730000 0.935000
v 0.220000 5.755000 0.935000
v 0.245000 5.737322 0.917322
v 0.230566 5.740566 0.920566
v 0.227322 5.737322 0.935000
v 0.227322 5.755000 0.917322
v 0.245000 5.730000 1.245000
v 0.245000 5.755000 1.270000
v 0.220000 5.755000 1.245000
v 0.245000 5.737322 1.262678
v 0.230566 5.740566 1.259434
v 0.227322 5.755000 1.262678
v 0.227322 5.737322 1.245000
v 0.245000 6.085000 0.910000
v 0.220000 6.085000 0.935000
v 0.245000 6.110000 0.935000
v 0.227322 6.085000 0.917322
v 0.230566 6.099434 0.920566
v 0.227322 6.102678 0.935000
v 0.245000 6.102678 0.917322
v 0.245000 6.085000 1.270000
v 0.245000 6.110000 1.245000
v 0.220000 6.085000 1.245000
v 0.245000 6.102678 1.262678
v 0.230566 6.099434 1.259434
v 0.227322 6.102678 1.245000
v 0.227322 6.085000 1.262678
v 0.435000 5.755000 0.910000
v 0.460000 5.755000 0.935000
v 0.435000 5.730000 0.935000
v 0.452678 5.755000 0.917322
v 0.449434 5.740566 0.920566
v 0.452678 5.737322 0.935000
v 0.435000 5.737322 0.917322
v 0.435000 5.755000 1.270000
v 0.435000 5.730000 1.245000
v 0.460000 5.755000 1.245000
v 0.435000 5.737322 1.262678
v 0.449434 5.740566 1.259434
v 0.452678 5.737322 1.245000
v 0.452678 5.755000 1.262678
v 0.435000 6.085000 0.910000
v 0.435000 6.110000 0.935000
v 0.460000 6.085000 0.935000
v 0.435000 6.102678 0.917322
v 0.449434 6.099434 0.920566
v 0.452678 6.102678 0.935000
v 0.452678 6.085000 0.917322
v 0.435000 6.085000 1.270000
v 0.460000 6.085000 1.245000
v 0.435000 6.110000 1.245000
v 0.452678 6.085000 1.262678
v 0.449434 6.099434 1.259434
v 0.452678 6.102678 1.245000
v 0.435000 6.102678 1.262678
v 0.245000 5.737322 0.917322
v 0.230566 5.740566 0.920566
v 0.230566 5.740566 0.920566
v 0.227322 5.755000 0.917322
v 0.227322 5.737322 0.935000
v 0.245000 5.737322 1.262678
v 0.230566 5.740566 1.259434
v 0.230566 5.740566 1.259434
v 0.227322 5.737322 1.245000
v 0.227322 5.755000 1.262678
v 0.227322 6.085000 0.917322
v 0.230566 6.099434 0.920566
v 0.230566 6.099434 0.920566
v 0.245000 6.102678 0.917322
v 0.227322 6.102678 0.935000
v 0.245000 6.102678 1.262678
v 0.230566 6.099434 1.259434
v 0.230566 6.099434 1.259434
v 0.227322 6.085000 1.262678
v 0.227322 6.102678 1.245000
v 0.452678 5.755000 0.917322
v 0.449434 5.740566 0.920566
v 0.449434 5.740566 0.920566
v 0.435000 5.737322 0.917322
v 0.452678 5.737322 0.935000
v 0.435000 5.737322 1.262678
v 0.449434 5.740566 1.259434
v 0.449434 5.740566 1.259434
v 0.452678 5.755000 1.262678
v 0.452678 5.737322 1.245000
v 0.435000 6.102678 0.917322
v 0.449434 6.099434 0.920566
v 0.449434 6.099434 0.920566
v 0.452678 6.085000 0.917322
v 0.452678 6.102678 0.935000
v 0.452678 6.085000 1.262678
v 0.449434 6.099434 1.259434
v 0.449434 6.099434 1.259434
v 0.435000 6.102678 1.262678
v 0.452678 6.102678 1.245000
s 0
f 3775 3781 3752 3746
f 3789 3795 3782 3774
f 3794 3766 3753 3780
f 3747 3754 3768 3760
f 3761 3767 3796 3788
f 3745 3801 3802 3804
f 3746 3805 3803 3748
f 3747 3751 3749 3750
f 3752 3806 3807 3809
f 3753 3810 3808 3755
f 3754 3758 3756 3757
f 3759 3811 3812 3814
f 3760 3815 3813 3762
f 3761 3765 3763 3764
f 3766 3816 3817 3819
f 3767 3820 3818 3769
f 3768 3772 3770 3771
f 3773 3821 3822 3824
f 3774 3825 3823 3776
f 3775 3779 3777 3778
f 3780 3826 3827 3829
f 3781 3830 3828 3783
f 3782 3786 3784 3785
f 3787 3831 3832 3834
f 3788 3835 3833 3790
f 3789 3793 3791 3792
f 3794 3836 3837 3839
f 3795 3840 3838 3797
f 3796 3800 3798 3799
f 3759 3745 3804 3811
f 3762 3751 3747 3760
f 3746 3752 3809 3805
f 3750 3758 3754 3747
f 3753 3766 3819 3810
f 3757 3772 3768 3754
f 3767 3761 3764 3820
f 3771 3815 3760 3768
f 3787 3759 3814 3831
f 3790 3765 3761 3788
f 3766 3794 3839 3816
f 3769 3800 3796 3767
f 3795 3789 3792 3840
f 3799 3835 3788 3796
f 3773 3787 3834 3821
f 3776 3793 3789 3774
f 3794 3780 3829 3836
f 3797 3786 3782 3795
f 3781 3775 3778 3830
f 3785 3825 3774 3782
f 3745 3773 3824 3801
f 3748 3779 3775 3746
f 3780 3753 3755 3826
f 3783 3806 3752 3781
f 3759 3787 3773 3745
o stool_0_footring
v 3.340000 3.867000 0.220000
v 3.340000 3.863500 0.226062
v 3.340000 3.856500 0.226062
v 3.340000 3.853000 0.220000
v 3.340000 3.856500 0.213938
v 3.340000 3.863500 0.213938
v 3.301954 3.861991 0.220000
v 3.302859 3.858610 0.226062
v 3.304671 3.851849 0.226062
v 3.305577 3.848468 0.220000
v 3.304671 3.851849 0.213938
v 3.302859 3.858610 0.213938
v 3.266500 3.847306 0.220000
v 3.268250 3.844275 0.226062
v 3.271750 3.838212 0.226062
v 3.273500 3.835181 0.220000
v 3.271750 3.838212 0.213938
v 3.268250 3.844275 0.213938
v 3.236055 3.823945 0.220000
v 3.238530 3.821470 0.226062
v 3.243480 3.816520 0.226062
v 3.245955 3.814045 0.220000
v 3.243480 3.816520 0.213938
v 3.238530 3.821470 0.213938
v 3.212694 3.793500 0.220000
v 3.215725 3.791750 0.226062
v 3.221787 3.788250 0.226062
v 3.224818 3.786500 0.220000
v 3.221787 3.788250 0.213938
v 3.215725 3.791750 0.213938
v 3.198009 3.758046 0.220000
v 3.201390 3.757141 0.226062
v 3.208151 3.755329 0.226062
v 3.211532 3.754423 0.220000
v 3.208151 3.755329 0.213938
v 3.201390 3.757141 0.213938
v 3.193000 3.720000 0.220000
v 3.196500 3.720000 0.226062
v 3.203500 3.720000 0.226062
v 3.207000 3.720000 0.220000
v 3.203500 3.720000 0.213938
v 3.196500 3.720000 0.213938
v 3.198009 3.681954 0.220000
v 3.201390 3.682859 0.226062
v 3.208151 3.684671 0.226062
v 3.211532 3.685577 0.220000
v 3.208151 3.684671 0.213938
v 3.201390 3.682859 0.213938
v 3.212694 3.646500 0.220000
v 3.215725 3.648250 0.226062
v 3.221787 3.651750 0.226062
v 3.224818 3.653500 0.220000
v 3.221787 3.651750 0.213938
v 3.215725 3.648250 0.213938
v 3.236055 3.616055 0.220000
v 3.238530 3.618530 0.226062
v 3.243480 3.623480 0.226062
v 3.245955 3.625955 0.220000
v 3.243480 3.623480 0.213938
v 3.238530 3.618530 0.213938
v 3.266500 3.592694 0.220000
v 3.268250 3.595725 0.226062
v 3.271750 3.601788 0.226062
v 3.273500 3.604819 0.220000
v 3.271750 3.601788 0.213938
v 3.268250 3.595725 0.213938
v 3.301954 3.578009 0.220000
v 3.302859 3.581390 0.226062
v 3.304671 3.588151 0.226062
v 3.305577 3.591532 0.220000
v 3.304671 3.588151 0.213938
v 3.302859 3.581390 0.213938
v 3.340000 3.573000 0.220000
v 3.340000 3.576500 0.226062
v 3.340000 3.583500 0.226062
v 3.340000 3.587000 0.220000
v 3.340000 3.583500 0.213938
v 3.340000 3.576500 0.213938
v 3.378046 3.578009 0.220000
v 3.377141 3.581390 0.226062
v 3.375329 3.588151 0.226062
v 3.374423 3.591532 0.220000
v 3.375329 3.588151 0.213938
v 3.377141 3.581390 0.213938
v 3.413500 3.592694 0.220000
v 3.411750 3.595725 0.226062
v 3.408250 3.601788 0.226062
v 3.406500 3.604819 0.220000
v 3.408250 3.601788 0.213938
v 3.411750 3.595725 0.213938
v 3.443945 3.616055 0.220000
v 3.441470 3.618530 0.226062
v 3.436520 3.623480 0.226062
v 3.434045 3.625955 0.220000
v 3.436520 3.623480 0.213938
v 3.441470 3.618530 0.213938
v 3.467306 3.646500 0.220000
v 3.464275 3.648250 0.226062
v 3.458212 3.651750 0.226062
v 3.455181 3.653500 0.220000
v 3.458212 3.651750 0.213938
v 3.464275 3.648250 0.213938
v 3.481991 3.681954 0.220000
v 3.478610 3.682859 0.226062
v 3.471849 3.684671 0.226062
v 3.468468 3.685577 0.220000
v 3.471849 3.684671 0.213938
v 3.478610 3.682859 0.213938
v 3.487000 3.720000 0.220000
v 3.483500 3.720000 0.226062
v 3.476500 3.720000 0.226062
v 3.473000 3.720000 0.220000
v 3.476500 3.720000 0.213938
v 3.483500 3.720000 0.213938
v 3.481991 3.758046 0.220000
v 3.478610 3.757141 0.226062
v 3.471849 3.755329 0.226062
v 3.468468 3.754423 0.220000
v 3.471849 3.755329 0.213938
v 3.478610 3.757141 0.213938
v 3.467306 3.793500 0.220000
v 3.464275 3.791750 0.226062
v 3.458212 3.788250 0.226062
v 3.455181 3.786500 0.220000
v 3.458212 3.788250 0.213938
v 3.464275 3.791750 0.213938
v 3.443945 3.823945 0.220000
v 3.441470 3.821470 0.226062
v 3.436520 3.816520 0.226062
v 3.434045 3.814045 0.220000
v 3.436520 3.816520 0.213938
v 3.441470 3.821470 0.213938
v 3.413500 3.847306 0.220000
v 3.411750 3.844275 0.226062
v 3.408250 3.838212 0.226062
v 3.406500 3.835181 0.220000
v 3.408250 3.838212 0.213938
v 3.411750 3.844275 0.213938
v 3.378046 3.861991 0.220000
v 3.377141 3.858610 0.226062
v 3.375329 3.851849 0.226062
v 3.374423 3.848468 0.220000
v 3.375329 3.851849 0.213938
v 3.377141 3.858610 0.213938
v 3.340000 3.867000 0.220000
v 3.340000 3.863500 0.226062
v 3.340000 3.856500 0.226062
v 3.340000 3.853000 0.220000
v 3.340000 3.856500 0.213938
v 3.340000 3.863500 0.213938
s 1
f 3841 3842 3848 3847
f 3842 3843 3849 3848
f 3843 3844 3850 3849
f 3844 3845 3851 3850
f 3845 3846 3852 3851
f 3846 3841 3847 3852
f 3847 3848 3854 3853
f 3848 3849 3855 3854
f 3849 3850 3856 3855
f 3850 3851 3857 3856
f 3851 3852 3858 3857
f 3852 3847 3853 3858
f 3853 3854 3860 3859
f 3854 3855 3861 3860
f 3855 3856 3862 3861
f 3856 3857 3863 3862
f 3857 3858 3864 3863
f 3858 3853 3859 3864
f 3859 3860 3866 3865
f 3860 3861 3867 3866
f 3861 3862 3868 3867
f 3862 3863 3869 3868
f 3863 3864 3870 3869
f 3864 3859 3865 3870
f 3865 3866 3872 3871
f 3866 3867 3873 3872
f 3867 3868 3874 3873
f 3868 3869 3875 3874
f 3869 3870 3876 3875
f 3870 3865 3871 3876
f 3871 3872 3878 3877
f 3872 3873 3879 3878
f 3873 3874 3880 3879
f 3874 3875 3881 3880
f 3875 3876 3882 3881
f 3876 3871 3877 3882
f 3877 3878 3884 3883
f 3878 3879 3885 3884
f 3879 3880 3886 3885
f 3880 3881 3887 3886
f 3881 3882 3888 3887
f 3882 3877 3883 3888
f 3883 3884 3890 3889
f 3884 3885 3891 3890
f 3885 3886 3892 3891
f 3886 3887 3893 3892
f 3887 3888 3894 3893
f 3888 3883 3889 3894
f 3889 3890 3896 3895
f 3890 3891 3897 3896
f 3891 3892 3898 3897
f 3892 3893 3899 3898
f 3893 3894 3900 3899
f 3894 3889 3895 3900
f 3895 3896 3902 3901
f 3896 3897 3903 3902
f 3897 3898 3904 3903
f 3898 3899 3905 3904
f 3899 3900 3906 3905
f 3900 3895 3901 3906
f 3901 3902 3908 3907
f 3902 3903 3909 3908
f 3903 3904 3910 3909
f 3904 3905 3911 3910
f 3905 3906 3912 3911
f 3906 3901 3907 3912
f 3907 3908 3914 3913
f 3908 3909 3915 3914
f 3909 3910 3916 3915
f 3910 3911 3917 3916
f 3911 3912 3918 3917
f 3912 3907 3913 3918
f 3913 3914 3920 3919
f 3914 3915 3921 3920
f 3915 3916 3922 3921
f 3916 3917 3923 3922
f 3917 3918 3924 3923
f 3918 3913 3919 3924
f 3919 3920 3926 3925
f 3920 3921 3927 3926
f 3921 3922 3928 3927
f 3922 3923 3929 3928
f 3923 3924 3930 3929
f 3924 3919 3925 3930
f 3925 3926 3932 3931
f 3926 3927 3933 3932
f 3927 3928 3934 3933
f 3928 3929 3935 3934
f 3929 3930 3936 3935
f 3930 3925 3931 3936
f 3931 3932 3938 3937
f 3932 3933 3939 3938
f 3933 3934 3940 3939
f 3934 3935 3941 3940
f 3935 3936 3942 3941
f 3936 3931 3937 3942
f 3937 3938 3944 3943
f 3938 3939 3945 3944
f 3939 3940 3946 3945
f 3940 3941 3947 3946
f 3941 3942 3948 3947
f 3942 3937 3943 3948
f 3943 3944 3950 3949
f 3944 3945 3951 3950
f 3945 3946 3952 3951
f 3946 3947 3953 3952
f 3947 3948 3954 3953
f 3948 3943 3949 3954
f 3949 3950 3956 3955
f 3950 3951 3957 3956
f 3951 3952 3958 3957
f 3952 3953 3959 3958
f 3953 3954 3960 3959
f 3954 3949 3955 3960
f 3955 3956 3962 3961
f 3956 3957 3963 3962
f 3957 3958 3964 3963
f 3958 3959 3965 3964
f 3959 3960 3966 3965
f 3960 3955 3961 3966
f 3961 3962 3968 3967
f 3962 3963 3969 3968
f 3963 3964 3970 3969
f 3964 3965 3971 3970
f 3965 3966 3972 3971
f 3966 3961 3967 3972
f 3967 3968 3974 3973
f 3968 3969 3975 3974
f 3969 3970 3976 3975
f 3970 3971 3977 3976
f 3971 3972 3978 3977
f 3972 3967 3973 3978
f 3973 3974 3980 3979
f 3974 3975 3981 3980
f 3975 3976 3982 3981
f 3976 3977 3983 3982
f 3977 3978 3984 3983
f 3978 3973 3979 3984
f 3979 3980 3986 3985
f 3980 3981 3987 3986
f 3981 3982 3988 3987
f 3982 3983 3989 3988
f 3983 3984 3990 3989
f 3984 3979 3985 3990
o stool_1_footring
v 3.340000 4.567000 0.220000
v 3.340000 4.563500 0.226062
v 3.340000 4.556500 0.226062
v 3.340000 4.553000 0.220000
v 3.340000 4.556500 0.213938
v 3.340000 4.563500 0.213938
v 3.301954 4.561991 0.220000
v 3.302859 4.558610 0.226062
v 3.304671 4.551849 0.226062
v 3.305577 4.548468 0.220000
v 3.304671 4.551849 0.213938
v 3.302859 4.558610 0.213938
v 3.266500 4.547306 0.220000
v 3.268250 4.544275 0.226062
v 3.271750 4.538213 0.226062
v 3.273500 4.535182 0.220000
v 3.271750 4.538213 0.213938
v 3.268250 4.544275 0.213938
v 3.236055 4.523945 0.220000
v 3.238530 4.521470 0.226062
v 3.243480 4.516520 0.226062
v 3.245955 4.514045 0.220000
v 3.243480 4.516520 0.213938
v 3.238530 4.521470 0.213938
v 3.212694 4.493500 0.220000
v 3.215725 4.491750 0.226062
v 3.221787 4.488250 0.226062
v 3.224818 4.486500 0.220000
v 3.221787 4.488250 0.213938
v 3.215725 4.491750 0.213938
v 3.198009 4.458046 0.220000
v 3.201390 4.457140 0.226062
v 3.208151 4.455329 0.226062
v 3.211532 4.454423 0.220000
v 3.208151 4.455329 0.213938
v 3.201390 4.457140 0.213938
v 3.193000 4.420000 0.220000
v 3.196500 4.420000 0.226062
v 3.203500 4.420000 0.226062
v 3.207000 4.420000 0.220000
v 3.203500 4.420000 0.213938
v 3.196500 4.420000 0.213938
v 3.198009 4.381954 0.220000
v 3.201390 4.382860 0.226062
v 3.208151 4.384671 0.226062
v 3.211532 4.385577 0.220000
v 3.208151 4.384671 0.213938
v 3.201390 4.382860 0.213938
v 3.212694 4.346500 0.220000
v 3.215725 4.348250 0.226062
v 3.221787 4.351750 0.226062
v 3.224818 4.353500 0.220000
v 3.221787 4.351750 0.213938
v 3.215725 4.348250 0.213938
v 3.236055 4.316055 0.220000
v 3.238530 4.318530 0.226062
v 3.243480 4.323480 0.226062
v 3.245955 4.325955 0.220000
v 3.243480 4.323480 0.213938
v 3.238530 4.318530 0.213938
v 3.266500 4.292695 0.220000
v 3.268250 4.295725 0.226062
v 3.271750 4.301787 0.226062
v 3.273500 4.304819 0.220000
v 3.271750 4.301787 0.213938
v 3.268250 4.295725 0.213938
v 3.301954 4.278009 0.220000
v 3.302859 4.281390 0.226062
v 3.304671 4.288151 0.226062
v 3.305577 4.291532 0.220000
v 3.304671 4.288151 0.213938
v 3.302859 4.281390 0.213938
v 3.340000 4.273000 0.220000
v 3.340000 4.276500 0.226062
v 3.340000 4.283500 0.226062
v 3.340000 4.287000 0.220000
v 3.340000 4.283500 0.213938
v 3.340000 4.276500 0.213938
v 3.378046 4.278009 0.220000
v 3.377141 4.281390 0.226062
v 3.375329 4.288151 0.226062
v 3.374423 4.291532 0.220000
v 3.375329 4.288151 0.213938
v 3.377141 4.281390 0.213938
v 3.413500 4.292695 0.220000
v 3.411750 4.295725 0.226062
v 3.408250 4.301787 0.226062
v 3.406500 4.304819 0.220000
v 3.408250 4.301787 0.213938
v 3.411750 4.295725 0.213938
v 3.443945 4.316055 0.220000
v 3.441470 4.318530 0.226062
v 3.436520 4.323480 0.226062
v 3.434045 4.325955 0.220000
v 3.436520 4.323480 0.213938
v 3.441470 4.318530 0.213938
v 3.467306 4.346500 0.220000
v 3.464275 4.348250 0.226062
v 3.458212 4.351750 0.226062
v 3.455181 4.353500 0.220000
v 3.458212 4.351750 0.213938
v 3.464275 4.348250 0.213938
v 3.481991 4.381954 0.220000
v 3.478610 4.382860 0.226062
v 3.471849 4.384671 0.226062
v 3.468468 4.385577 0.220000
v 3.471849 4.384671 0.213938
v 3.478610 4.382860 0.213938
v 3.487000 4.420000 0.220000
v 3.483500 4.420000 0.226062
v 3.476500 4.420000 0.226062
v 3.473000 4.420000 0.220000
v 3.476500 4.420000 0.213938
v 3.483500 4.420000 0.213938
v 3.481991 4.458046 0.220000
v 3.478610 4.457140 0.226062
v 3.471849 4.455329 0.226062
v 3.468468 4.454423 0.220000
v 3.471849 4.455329 0.213938
v 3.478610 4.457140 0.213938
v 3.467306 4.493500 0.220000
v 3.464275 4.491750 0.226062
v 3.458212 4.488250 0.226062
v 3.455181 4.486500 0.220000
v 3.458212 4.488250 0.213938
v 3.464275 4.491750 0.213938
v 3.443945 4.523945 0.220000
v 3.441470 4.521470 0.226062
v 3.436520 4.516520 0.226062
v 3.434045 4.514045 0.220000
v 3.436520 4.516520 0.213938
v 3.441470 4.521470 0.213938
v 3.413500 4.547306 0.220000
v 3.411750 4.544275 0.226062
v 3.408250 4.538213 0.226062
v 3.406500 4.535182 0.220000
v 3.408250 4.538213 0.213938
v 3.411750 4.544275 0.213938
v 3.378046 4.561991 0.220000
v 3.377141 4.558610 0.226062
v 3.375329 4.551849 0.226062
v 3.374423 4.548468 0.220000
v 3.375329 4.551849 0.213938
v 3.377141 4.558610 0.213938
v 3.340000 4.567000 0.220000
v 3.340000 4.563500 0.226062
v 3.340000 4.556500 0.226062
v 3.340000 4.553000 0.220000
v 3.340000 4.556500 0.213938
v 3.340000 4.563500 0.213938
s 1
f 3991 3992 3998 3997
f 3992 3993 3999 3998
f 3993 3994 4000 3999
f 3994 3995 4001 4000
f 3995 3996 4002 4001
f 3996 3991 3997 4002
f 3997 3998 4004 4003
f 3998 3999 4005 4004
f 3999 4000 4006 4005
f 4000 4001 4007 4006
f 4001 4002 4008 4007
f 4002 3997 4003 4008
f 4003 4004 4010 4009
f 4004 4005 4011 4010
f 4005 4006 4012 4011
f 4006 4007 4013 4012
f 4007 4008 4014 4013
f 4008 4003 4009 4014
f 4009 4010 4016 4015
f 4010 4011 4017 4016
f 4011 4012 4018 4017
f 4012 4013 4019 4018
f 4013 4014 4020 4019
f 4014 4009 4015 4020
f 4015 4016 4022 4021
f 4016 4017 4023 4022
f 4017 4018 4024 4023
f 4018 4019 4025 4024
f 4019 4020 4026 4025
f 4020 4015 4021 4026
f 4021 4022 4028 4027
f 4022 4023 4029 4028
f 4023 4024 4030 4029
f 4024 4025 4031 4030
f 4025 4026 4032 4031
f 4026 4021 4027 4032
f 4027 4028 4034 4033
f 4028 4029 4035 4034
f 4029 4030 4036 4035
f 4030 4031 4037 4036
f 4031 4032 4038 4037
f 4032 4027 4033 4038
f 4033 4034 4040 4039
f 4034 4035 4041 4040
f 4035 4036 4042 4041
f 4036 4037 4043 4042
f 4037 4038 4044 4043
f 4038 4033 4039 4044
f 4039 4040 4046 4045
f 4040 4041 4047 4046
f 4041 4042 4048 4047
f 4042 4043 4049 4048
f 4043 4044 4050 4049
f 4044 4039 4045 4050
f 4045 4046 4052 4051
f 4046 4047 4053 4052
f 4047 4048 4054 4053
f 4048 4049 4055 4054
f 4049 4050 4056 4055
f 4050 4045 4051 4056
f 4051 4052 4058 4057
f 4052 4053 4059 4058
f 4053 4054 4060 4059
f 4054 4055 4061 4060
f 4055 4056 4062 4061
f 4056 4051 4057 4062
f 4057 4058 4064 4063
f 4058 4059 4065 4064
f 4059 4060 4066 4065
f 4060 4061 4067 4066
f 4061 4062 4068 4067
f 4062 4057 4063 4068
f 4063 4064 4070 4069
f 4064 4065 4071 4070
f 4065 4066 4072 4071
f 4066 4067 4073 4072
f 4067 4068 4074 4073
f 4068 4063 4069 4074
f 4069 4070 4076 4075
f 4070 4071 4077 4076
f 4071 4072 4078 4077
f 4072 4073 4079 4078
f 4073 4074 4080 4079
f 4074 4069 4075 4080
f 4075 4076 4082 4081
f 4076 4077 4083 4082
f 4077 4078 4084 4083
f 4078 4079 4085 4084
f 4079 4080 4086 4085
f 4080 4075 4081 4086
f 4081 4082 4088 4087
f 4082 4083 4089 4088
f 4083 4084 4090 4089
f 4084 4085 4091 4090
f 4085 4086 4092 4091
f 4086 4081 4087 4092
f 4087 4088 4094 4093
f 4088 4089 4095 4094
f 4089 4090 4096 4095
f 4090 4091 4097 4096
f 4091 4092 4098 4097
f 4092 4087 4093 4098
f 4093 4094 4100 4099
f 4094 4095 4101 4100
f 4095 4096 4102 4101
f 4096 4097 4103 4102
f 4097 4098 4104 4103
f 4098 4093 4099 4104
f 4099 4100 4106 4105
f 4100 4101 4107 4106
f 4101 4102 4108 4107
f 4102 4103 4109 4108
f 4103 4104 4110 4109
f 4104 4099 4105 4110
f 4105 4106 4112 4111
f 4106 4107 4113 4112
f 4107 4108 4114 4113
f 4108 4109 4115 4114
f 4109 4110 4116 4115
f 4110 4105 4111 4116
f 4111 4112 4118 4117
f 4112 4113 4119 4118
f 4113 4114 4120 4119
f 4114 4115 4121 4120
f 4115 4116 4122 4121
f 4116 4111 4117 4122
f 4117 4118 4124 4123
f 4118 4119 4125 4124
f 4119 4120 4126 4125
f 4120 4121 4127 4126
f 4121 4122 4128 4127
f 4122 4117 4123 4128
f 4123 4124 4130 4129
f 4124 4125 4131 4130
f 4125 4126 4132 4131
f 4126 4127 4133 4132
f 4127 4128 4134 4133
f 4128 4123 4129 4134
f 4129 4130 4136 4135
f 4130 4131 4137 4136
f 4131 4132 4138 4137
f 4132 4133 4139 4138
f 4133 4134 4140 4139
f 4134 4129 4135 4140
o stool_2_footring
v 3.324634 5.266195 0.220000
v 3.325000 5.262714 0.226062
v 3.325732 5.255752 0.226062
v 3.326098 5.252271 0.220000
v 3.325732 5.255752 0.213938
v 3.325000 5.262714 0.213938
v 3.287320 5.257236 0.220000
v 3.288574 5.253969 0.226062
v 3.291083 5.247434 0.226062
v 3.292337 5.244166 0.220000
v 3.291083 5.247434 0.213938
v 3.288574 5.253969 0.213938
v 3.253595 5.238925 0.220000
v 3.255653 5.236094 0.226062
v 3.259767 5.230431 0.226062
v 3.261824 5.227599 0.220000
v 3.259767 5.230431 0.213938
v 3.255653 5.236094 0.213938
v 3.225760 5.212510 0.220000
v 3.228479 5.210307 0.226062
v 3.233919 5.205902 0.226062
v 3.236639 5.203700 0.220000
v 3.233919 5.205902 0.213938
v 3.228479 5.210307 0.213938
v 3.205709 5.179790 0.220000
v 3.208906 5.178367 0.226062
v 3.215301 5.175519 0.226062
v 3.218498 5.174096 0.220000
v 3.215301 5.175519 0.213938
v 3.208906 5.178367 0.213938
v 3.194810 5.142996 0.220000
v 3.198267 5.142448 0.226062
v 3.205180 5.141353 0.226062
v 3.208637 5.140806 0.220000
v 3.205180 5.141353 0.213938
v 3.198267 5.142448 0.213938
v 3.193805 5.104634 0.220000
v 3.197286 5.105000 0.226062
v 3.204248 5.105732 0.226062
v 3.207728 5.106098 0.220000
v 3.204248 5.105732 0.213938
v 3.197286 5.105000 0.213938
v 3.202764 5.067320 0.220000
v 3.206031 5.068574 0.226062
v 3.212566 5.071083 0.226062
v 3.215834 5.072337 0.220000
v 3.212566 5.071083 0.213938
v 3.206031 5.068574 0.213938
v 3.221074 5.033596 0.220000
v 3.223906 5.035653 0.226062
v 3.229569 5.039767 0.226062
v 3.232401 5.041824 0.220000
v 3.229569 5.039767 0.213938
v 3.223906 5.035653 0.213938
v 3.247490 5.005759 0.220000
v 3.249692 5.008480 0.226062
v 3.254098 5.013919 0.226062
v 3.256300 5.016640 0.220000
v 3.254098 5.013919 0.213938
v 3.249692 5.008480 0.213938
v 3.280210 4.985709 0.220000
v 3.281633 4.988906 0.226062
v 3.284480 4.995301 0.226062
v 3.285904 4.998498 0.220000
v 3.284480 4.995301 0.213938
v 3.281633 4.988906 0.213938
v 3.317004 4.974810 0.220000
v 3.317552 4.978267 0.226062
v 3.318647 4.985180 0.226062
v 3.319194 4.988637 0.220000
v 3.318647 4.985180 0.213938
v 3.317552 4.978267 0.213938
v 3.355366 4.973805 0.220000
v 3.355000 4.977286 0.226062
v 3.354268 4.984248 0.226062
v 3.353902 4.987729 0.220000
v 3.354268 4.984248 0.213938
v 3.355000 4.977286 0.213938
v 3.392680 4.982764 0.220000
v 3.391426 4.986031 0.226062
v 3.388917 4.992566 0.226062
v 3.387663 4.995834 0.220000
v 3.388917 4.992566 0.213938
v 3.391426 4.986031 0.213938
v 3.426404 5.001074 0.220000
v 3.424347 5.003906 0.226062
v 3.420233 5.009569 0.226062
v 3.418175 5.012401 0.220000
v 3.420233 5.009569 0.213938
v 3.424347 5.003906 0.213938
v 3.454240 5.027490 0.220000
v 3.451520 5.029693 0.226062
v 3.446080 5.034098 0.226062
v 3.443360 5.036300 0.220000
v 3.446080 5.034098 0.213938
v 3.451520 5.029693 0.213938
v 3.474291 5.060210 0.220000
v 3.471094 5.061633 0.226062
v 3.464699 5.064480 0.226062
v 3.461501 5.065904 0.220000
v 3.464699 5.064480 0.213938
v 3.471094 5.061633 0.213938
v 3.485190 5.097004 0.220000
v 3.481733 5.097551 0.226062
v 3.474819 5.098647 0.226062
v 3.471363 5.099194 0.220000
v 3.474819 5.098647 0.213938
v 3.481733 5.097551 0.213938
v 3.486195 5.135365 0.220000
v 3.482714 5.135000 0.226062
v 3.475752 5.134268 0.226062
v 3.472271 5.133902 0.220000
v 3.475752 5.134268 0.213938
v 3.482714 5.135000 0.213938
v 3.477236 5.172680 0.220000
v 3.473969 5.171426 0.226062
v 3.467434 5.168917 0.226062
v 3.464166 5.167663 0.220000
v 3.467434 5.168917 0.213938
v 3.473969 5.171426 0.213938
v 3.458925 5.206404 0.220000
v 3.456094 5.204347 0.226062
v 3.450431 5.200233 0.226062
v 3.447599 5.198175 0.220000
v 3.450431 5.200233 0.213938
v 3.456094 5.204347 0.213938
v 3.432510 5.234241 0.220000
v 3.430307 5.231520 0.226062
v 3.425902 5.226080 0.226062
v 3.423700 5.223360 0.220000
v 3.425902 5.226080 0.213938
v 3.430307 5.231520 0.213938
v 3.399790 5.254291 0.220000
v 3.398367 5.251094 0.226062
v 3.395519 5.244699 0.226062
v 3.394096 5.241501 0.220000
v 3.395519 5.244699 0.213938
v 3.398367 5.251094 0.213938
v 3.362996 5.265190 0.220000
v 3.362448 5.261733 0.226062
v 3.361353 5.254819 0.226062
v 3.360806 5.251362 0.220000
v 3.361353 5.254819 0.213938
v 3.362448 5.261733 0.213938
v 3.324634 5.266195 0.220000
v 3.325000 5.262714 0.226062
v 3.325732 5.255752 0.226062
v 3.326098 5.252271 0.220000
v 3.325732 5.255752 0.213938
v 3.325000 5.262714 0.213938
s 1
f 4141 4142 4148 4147
f 4142 4143 4149 4148
f 4143 4144 4150 4149
f 4144 4145 4151 4150
f 4145 4146 4152 4151
f 4146 4141 4147 4152
f 4147 4148 4154 4153
f 4148 4149 4155 4154
f 4149 4150 4156 4155
f 4150 4151 4157 4156
f 4151 4152 4158 4157
f 4152 4147 4153 4158
f 4153 4154 4160 4159
f 4154 4155 4161 4160
f 4155 4156 4162 4161
f 4156 4157 4163 4162
f 4157 4158 4164 4163
f 4158 4153 4159 4164
f 4159 4160 4166 4165
f 4160 4161 4167 4166
f 4161 4162 4168 4167
f 4162 4163 4169 4168
f 4163 4164 4170 4169
f 4164 4159 4165 4170
f 4165 4166 4172 4171
f 4166 4167 4173 4172
f 4167 4168 4174 4173
f 4168 4169 4175 4174
f 4169 4170 4176 4175
f 4170 4165 4171 4176
f 4171 4172 4178 4177
f 4172 4173 4179 4178
f 4173 4174 4180 4179
f 4174 4175 4181 4180
f 4175 4176 4182 4181
f 4176 4171 4177 4182
f 4177 4178 4184 4183
f 4178 4179 4185 4184
f 4179 4180 4186 4185
f 4180 4181 4187 4186
f 4181 4182 4188 4187
f 4182 4177 4183 4188
f 4183 4184 4190 4189
f 4184 4185 4191 4190
f 4185 4186 4192 4191
f 4186 4187 4193 4192
f 4187 4188 4194 4193
f 4188 4183 4189 4194
f 4189 4190 4196 4195
f 4190 4191 4197 4196
f 4191 4192 4198 4197
f 4192 4193 4199 4198
f 4193 4194 4200 4199
f 4194 4189 4195 4200
f 4195 4196 4202 4201
f 4196 4197 4203 4202
f 4197 4198 4204 4203
f 4198 4199 4205 4204
f 4199 4200 4206 4205
f 4200 4195 4201 4206
f 4201 4202 4208 4207
f 4202 4203 4209 4208
f 4203 4204 4210 4209
f 4204 4205 4211 4210
f 4205 4206 4212 4211
f 4206 4201 4207 4212
f 4207 4208 4214 4213
f 4208 4209 4215 4214
f 4209 4210 4216 4215
f 4210 4211 4217 4216
f 4211 4212 4218 4217
f 4212 4207 4213 4218
f 4213 4214 4220 4219
f 4214 4215 4221 4220
f 4215 4216 4222 4221
f 4216 4217 4223 4222
f 4217 4218 4224 4223
f 4218 4213 4219 4224
f 4219 4220 4226 4225
f 4220 4221 4227 4226
f 4221 4222 4228 4227
f 4222 4223 4229 4228
f 4223 4224 4230 4229
f 4224 4219 4225 4230
f 4225 4226 4232 4231
f 4226 4227 4233 4232
f 4227 4228 4234 4233
f 4228 4229 4235 4234
f 4229 4230 4236 4235
f 4230 4225 4231 4236
f 4231 4232 4238 4237
f 4232 4233 4239 4238
f 4233 4234 4240 4239
f 4234 4235 4241 4240
f 4235 4236 4242 4241
f 4236 4231 4237 4242
f 4237 4238 4244 4243
f 4238 4239 4245 4244
f 4239 4240 4246 4245
f 4240 4241 4247 4246
f 4241 4242 4248 4247
f 4242 4237 4243 4248
f 4243 4244 4250 4249
f 4244 4245 4251 4250
f 4245 4246 4252 4251
f 4246 4247 4253 4252
f 4247 4248 4254 4253
f 4248 4243 4249 4254
f 4249 4250 4256 4255
f 4250 4251 4257 4256
f 4251 4252 4258 4257
f 4252 4253 4259 4258
f 4253 4254 4260 4259
f 4254 4249 4255 4260
f 4255 4256 4262 4261
f 4256 4257 4263 4262
f 4257 4258 4264 4263
f 4258 4259 4265 4264
f 4259 4260 4266 4265
f 4260 4255 4261 4266
f 4261 4262 4268 4267
f 4262 4263 4269 4268
f 4263 4264 4270 4269
f 4264 4265 4271 4270
f 4265 4266 4272 4271
f 4266 4261 4267 4272
f 4267 4268 4274 4273
f 4268 4269 4275 4274
f 4269 4270 4276 4275
f 4270 4271 4277 4276
f 4271 4272 4278 4277
f 4272 4267 4273 4278
f 4273 4274 4280 4279
f 4274 4275 4281 4280
f 4275 4276 4282 4281
f 4276 4277 4283 4282
f 4277 4278 4284 4283
f 4278 4273 4279 4284
f 4279 4280 4286 4285
f 4280 4281 4287 4286
f 4281 4282 4288 4287
f 4282 4283 4289 4288
f 4283 4284 4290 4289
f 4284 4279 4285 4290
o key_tray
v 9.580000 3.060000 0.815000
v 9.580000 3.060000 0.815000
v 9.580000 3.060000 0.815000
v 9.580000 3.060000 0.815000
v 9.580000 3.060000 0.815000
v 9.580000 3.060000 0.815000
v 9.580000 3.060000 0.815000
v 9.580000 3.060000 0.815000
v 9.580000 3.060000 0.815000
v 9.580000 3.060000 0.815000
v 9.580000 3.060000 0.815000
v 9.580000 3.060000 0.815000
v 9.580000 3.060000 0.815000
v 9.580000 3.060000 0.815000
v 9.580000 3.060000 0.815000
v 9.580000 3.060000 0.815000
v 9.580000 3.060000 0.815000
v 9.580000 3.060000 0.815000
v 9.580000 3.060000 0.815000
v 9.580000 3.060000 0.815000
v 9.580000 3.060000 0.815000
v 9.580000 3.060000 0.815000
v 9.580000 3.060000 0.815000
v 9.580000 3.060000 0.815000
v 9.580000 3.060000 0.815000
v 9.580000 3.060000 0.815000
v 9.580000 3.060000 0.815000
v 9.580000 3.060000 0.815000
v 9.680000 3.060000 0.819000
v 9.677493 3.082252 0.819000
v 9.670096 3.103388 0.819000
v 9.658183 3.122349 0.819000
v 9.642349 3.138183 0.819000
v 9.623388 3.150097 0.819000
v 9.602252 3.157493 0.819000
v 9.580000 3.160000 0.819000
v 9.557748 3.157493 0.819000
v 9.536612 3.150097 0.819000
v 9.517651 3.138183 0.819000
v 9.501817 3.122349 0.819000
v 9.489903 3.103388 0.819000
v 9.482507 3.082252 0.819000
v 9.480000 3.060000 0.819000
v 9.482507 3.037748 0.819000
v 9.489903 3.016612 0.819000
v 9.501817 2.997651 0.819000
v 9.517651 2.981817 0.819000
v 9.536612 2.969903 0.819000
v 9.557748 2.962507 0.819000
v 9.580000 2.960000 0.819000
v 9.602252 2.962507 0.819000
v 9.623388 2.969903 0.819000
v 9.642349 2.981817 0.819000
v 9.658183 2.997651 0.819000
v 9.670096 3.016612 0.819000
v 9.677493 3.037748 0.819000
v 9.695000 3.060000 0.839000
v 9.692117 3.085590 0.839000
v 9.683611 3.109897 0.839000
v 9.669910 3.131701 0.839000
v 9.651701 3.149910 0.839000
v 9.629896 3.163611 0.839000
v 9.605590 3.172117 0.839000
v 9.580000 3.175000 0.839000
v 9.554410 3.172117 0.839000
v 9.530104 3.163611 0.839000
v 9.508299 3.149910 0.839000
v 9.490089 3.131701 0.839000
v 9.476389 3.109897 0.839000
v 9.467883 3.085590 0.839000
v 9.465000 3.060000 0.839000
v 9.467883 3.034410 0.839000
v 9.476389 3.010103 0.839000
v 9.490089 2.988299 0.839000
v 9.508299 2.970089 0.839000
v 9.530104 2.956388 0.839000
v 9.554410 2.947883 0.839000
v 9.580000 2.945000 0.839000
v 9.605590 2.947883 0.839000
v 9.629896 2.956388 0.839000
v 9.651701 2.970089 0.839000
v 9.669910 2.988299 0.839000
v 9.683611 3.010103 0.839000
v 9.692117 3.034410 0.839000
v 9.692000 3.060000 0.841000
v 9.689192 3.084922 0.841000
v 9.680908 3.108595 0.841000
v 9.667565 3.129831 0.841000
v 9.649831 3.147565 0.841000
v 9.628595 3.160908 0.841000
v 9.604922 3.169192 0.841000
v 9.580000 3.172000 0.841000
v 9.555078 3.169192 0.841000
v 9.531404 3.160908 0.841000
v 9.510169 3.147565 0.841000
v 9.492435 3.129831 0.841000
v 9.479092 3.108595 0.841000
v 9.470808 3.084922 0.841000
v 9.467999 3.060000 0.841000
v 9.470808 3.035078 0.841000
v 9.479092 3.011405 0.841000
v 9.492435 2.990169 0.841000
v 9.510169 2.972435 0.841000
v 9.531404 2.959091 0.841000
v 9.555078 2.950808 0.841000
v 9.580000 2.948000 0.841000
v 9.604922 2.950808 0.841000
v 9.628595 2.959091 0.841000
v 9.649831 2.972435 0.841000
v 9.667565 2.990169 0.841000
v 9.680908 3.011405 0.841000
v 9.689192 3.035078 0.841000
v 9.677999 3.060000 0.823000
v 9.675543 3.081807 0.823000
v 9.668295 3.102520 0.823000
v 9.656619 3.121102 0.823000
v 9.641102 3.136619 0.823000
v 9.622520 3.148295 0.823000
v 9.601807 3.155543 0.823000
v 9.580000 3.158000 0.823000
v 9.558193 3.155543 0.823000
v 9.537479 3.148295 0.823000
v 9.518898 3.136619 0.823000
v 9.503381 3.121102 0.823000
v 9.491705 3.102520 0.823000
v 9.484457 3.081807 0.823000
v 9.482000 3.060000 0.823000
v 9.484457 3.038193 0.823000
v 9.491705 3.017479 0.823000
v 9.503381 2.998898 0.823000
v 9.518898 2.983381 0.823000
v 9.537479 2.971705 0.823000
v 9.558193 2.964457 0.823000
v 9.580000 2.962000 0.823000
v 9.601807 2.964457 0.823000
v 9.622520 2.971705 0.823000
v 9.641102 2.983381 0.823000
v 9.656619 2.998898 0.823000
v 9.668295 3.017479 0.823000
v 9.675543 3.038193 0.823000
v 9.580000 3.060000 0.821000
v 9.580000 3.060000 0.821000
v 9.580000 3.060000 0.821000
v 9.580000 3.060000 0.821000
v 9.580000 3.060000 0.821000
v 9.580000 3.060000 0.821000
v 9.580000 3.060000 0.821000
v 9.580000 3.060000 0.821000
v 9.580000 3.060000 0.821000
v 9.580000 3.060000 0.821000
v 9.580000 3.060000 0.821000
v 9.580000 3.060000 0.821000
v 9.580000 3.060000 0.821000
v 9.580000 3.060000 0.821000
v 9.580000 3.060000 0.821000
v 9.580000 3.060000 0.821000
v 9.580000 3.060000 0.821000
v 9.580000 3.060000 0.821000
v 9.580000 3.060000 0.821000
v 9.580000 3.060000 0.821000
v 9.580000 3.060000 0.821000
v 9.580000 3.060000 0.821000
v 9.580000 3.060000 0.821000
v 9.580000 3.060000 0.821000
v 9.580000 3.060000 0.821000
v 9.580000 3.060000 0.821000
v 9.580000 3.060000 0.821000
v 9.580000 3.060000 0.821000
s 1
f 4291 4319 4320
f 4292 4320 4321
f 4293 4321 4322
f 4294 4322 4323
f 4295 4323 4324
f 4296 4324 4325
f 4297 4325 4326
f 4298 4326 4327
f 4299 4327 4328
f 4300 4328 4329
f 4301 4329 4330
f 4302 4330 4331
f 4303 4331 4332
f 4304 4332 4333
f 4305 4333 4334
f 4306 4334 4335
f 4307 4335 4336
f 4308 4336 4337
f 4309 4337 4338
f 4310 4338 4339
f 4311 4339 4340
f 4312 4340 4341
f 4313 4341 4342
f 4314 4342 4343
f 4315 4343 4344
f 4316 4344 4345
f 4317 4345 4346
f 4318 4346 4319
f 4319 4320 4348 4347
f 4320 4321 4349 4348
f 4321 4322 4350 4349
f 4322 4323 4351 4350
f 4323 4324 4352 4351
f 4324 4325 4353 4352
f 4325 4326 4354 4353
f 4326 4327 4355 4354
f 4327 4328 4356 4355
f 4328 4329 4357 4356
f 4329 4330 4358 4357
f 4330 4331 4359 4358
f 4331 4332 4360 4359
f 4332 4333 4361 4360
f 4333 4334 4362 4361
f 4334 4335 4363 4362
f 4335 4336 4364 4363
f 4336 4337 4365 4364
f 4337 4338 4366 4365
f 4338 4339 4367 4366
f 4339 4340 4368 4367
f 4340 4341 4369 4368
f 4341 4342 4370 4369
f 4342 4343 4371 4370
f 4343 4344 4372 4371
f 4344 4345 4373 4372
f 4345 4346 4374 4373
f 4346 4319 4347 4374
f 4347 4348 4376 4375
f 4348 4349 4377 4376
f 4349 4350 4378 4377
f 4350 4351 4379 4378
f 4351 4352 4380 4379
f 4352 4353 4381 4380
f 4353 4354 4382 4381
f 4354 4355 4383 4382
f 4355 4356 4384 4383
f 4356 4357 4385 4384
f 4357 4358 4386 4385
f 4358 4359 4387 4386
f 4359 4360 4388 4387
f 4360 4361 4389 4388
f 4361 4362 4390 4389
f 4362 4363 4391 4390
f 4363 4364 4392 4391
f 4364 4365 4393 4392
f 4365 4366 4394 4393
f 4366 4367 4395 4394
f 4367 4368 4396 4395
f 4368 4369 4397 4396
f 4369 4370 4398 4397
f 4370 4371 4399 4398
f 4371 4372 4400 4399
f 4372 4373 4401 4400
f 4373 4374 4402 4401
f 4374 4347 4375 4402
f 4375 4376 4404 4403
f 4376 4377 4405 4404
f 4377 4378 4406 4405
f 4378 4379 4407 4406
f 4379 4380 4408 4407
f 4380 4381 4409 4408
f 4381 4382 4410 4409
f 4382 4383 4411 4410
f 4383 4384 4412 4411
f 4384 4385 4413 4412
f 4385 4386 4414 4413
f 4386 4387 4415 4414
f 4387 4388 4416 4415
f 4388 4389 4417 4416
f 4389 4390 4418 4417
f 4390 4391 4419 4418
f 4391 4392 4420 4419
f 4392 4393 4421 4420
f 4393 4394 4422 4421
f 4394 4395 4423 4422
f 4395 4396 4424 4423
f 4396 4397 4425 4424
f 4397 4398 4426 4425
f 4398 4399 4427 4426
f 4399 4400 4428 4427
f 4400 4401 4429 4428
f 4401 4402 4430 4429
f 4402 4375 4403 4430
f 4403 4404 4432
f 4404 4405 4433
f 4405 4406 4434
f 4406 4407 4435
f 4407 4408 4436
f 4408 4409 4437
f 4409 4410 4438
f 4410 4411 4439
f 4411 4412 4440
f 4412 4413 4441
f 4413 4414 4442
f 4414 4415 4443
f 4415 4416 4444
f 4416 4417 4445
f 4417 4418 4446
f 4418 4419 4447
f 4419 4420 4448
f 4420 4421 4449
f 4421 4422 4450
f 4422 4423 4451
f 4423 4424 4452
f 4424 4425 4453
f 4425 4426 4454
f 4426 4427 4455
f 4427 4428 4456
f 4428 4429 4457
f 4429 4430 4458
f 4430 4403 4431
