# Blender 4.1.1
# www.blender.org
o skirt_W_n
v 0.002000 3.352000 0.000000
v 0.002000 3.350000 0.002000
v 0.000000 3.352000 0.002000
v 0.002000 3.350586 0.000586
v 0.000845 3.350845 0.000845
v 0.000586 3.350586 0.002000
v 0.000586 3.352000 0.000586
v 0.002000 3.350000 0.058000
v 0.002000 3.352000 0.060000
v 0.000000 3.352000 0.058000
v 0.002000 3.350586 0.059414
v 0.000845 3.350845 0.059155
v 0.000586 3.352000 0.059414
v 0.000586 3.350586 0.058000
v 0.002000 7.398000 0.000000
v 0.000000 7.398000 0.002000
v 0.002000 7.400000 0.002000
v 0.000586 7.398000 0.000586
v 0.000845 7.399155 0.000845
v 0.000586 7.399414 0.002000
v 0.002000 7.399414 0.000586
v 0.002000 7.398000 0.060000
v 0.002000 7.400000 0.058000
v 0.000000 7.398000 0.058000
v 0.002000 7.399414 0.059414
v 0.000845 7.399155 0.059155
v 0.000586 7.399414 0.058000
v 0.000586 7.398000 0.059414
v 0.012000 3.352000 0.000000
v 0.014000 3.352000 0.002000
v 0.012000 3.350000 0.002000
v 0.013414 3.352000 0.000586
v 0.013155 3.350845 0.000845
v 0.013414 3.350586 0.002000
v 0.012000 3.350586 0.000586
v 0.012000 3.352000 0.060000
v 0.012000 3.350000 0.058000
v 0.014000 3.352000 0.058000
v 0.012000 3.350586 0.059414
v 0.013155 3.350845 0.059155
v 0.013414 3.350586 0.058000
v 0.013414 3.352000 0.059414
v 0.012000 7.398000 0.000000
v 0.012000 7.400000 0.002000
v 0.014000 7.398000 0.002000
v 0.012000 7.399414 0.000586
v 0.013155 7.399155 0.000845
v 0.013414 7.399414 0.002000
v 0.013414 7.398000 0.000586
v 0.012000 7.398000 0.060000
v 0.014000 7.398000 0.058000
v 0.012000 7.400000 0.058000
v 0.013414 7.398000 0.059414
v 0.013155 7.399155 0.059155
v 0.013414 7.399414 0.058000
v 0.012000 7.399414 0.059414
v 0.002000 3.350586 0.000586
v 0.000845 3.350845 0.000845
v 0.000845 3.350845 0.000845
v 0.000586 3.352000 0.000586
v 0.000586 3.350586 0.002000
v 0.002000 3.350586 0.059414
v 0.000845 3.350845 0.059155
v 0.000845 3.350845 0.059155
v 0.000586 3.350586 0.058000
v 0.000586 3.352000 0.059414
v 0.000586 7.398000 0.000586
v 0.000845 7.399155 0.000845
v 0.000845 7.399155 0.000845
v 0.002000 7.399414 0.000586
v 0.000586 7.399414 0.002000
v 0.002000 7.399414 0.059414
v 0.000845 7.399155 0.059155
v 0.000845 7.399155 0.059155
v 0.000586 7.398000 0.059414
v 0.000586 7.399414 0.058000
v 0.013414 3.352000 0.000586
v 0.013155 3.350845 0.000845
v 0.013155 3.350845 0.000845
v 0.012000 3.350586 0.000586
v 0.013414 3.350586 0.002000
v 0.012000 3.350586 0.059414
v 0.013155 3.350845 0.059155
v 0.013155 3.350845 0.059155
v 0.013414 3.352000 0.059414
v 0.013414 3.350586 0.058000
v 0.012000 7.399414 0.000586
v 0.013155 7.399155 0.000845
v 0.013155 7.399155 0.000845
v 0.013414 7.398000 0.000586
v 0.013414 7.399414 0.002000
v 0.013414 7.398000 0.059414
v 0.013155 7.399155 0.059155
v 0.013155 7.399155 0.059155
v 0.012000 7.399414 0.059414
v 0.013414 7.399414 0.058000
s 0
f 31 37 8 2
f 45 51 38 30
f 50 22 9 36
f 3 10 24 16
f 17 23 52 44
f 1 57 58 60
f 2 61 59 4
f 3 7 5 6
f 8 62 63 65
f 9 66 64 11
f 10 14 12 13
f 15 67 68 70
f 16 71 69 18
f 17 21 19 20
f 22 72 73 75
f 23 76 74 25
f 24 28 26 27
f 29 77 78 80
f 30 81 79 32
f 31 35 33 34
f 36 82 83 85
f 37 86 84 39
f 38 42 40 41
f 43 87 88 90
f 44 91 89 46
f 45 49 47 48
f 50 92 93 95
f 51 96 94 53
f 52 56 54 55
f 15 1 60 67
f 18 7 3 16
f 2 8 65 61
f 6 14 10 3
f 9 22 75 66
f 13 28 24 10
f 23 17 20 76
f 27 71 16 24
f 43 15 70 87
f 46 21 17 44
f 22 50 95 72
f 25 56 52 23
f 51 45 48 96
f 55 91 44 52
f 29 43 90 77
f 32 49 45 30
f 50 36 85 92
f 53 42 38 51
f 37 31 34 86
f 41 81 30 38
f 1 29 80 57
f 4 35 31 2
f 36 9 11 82
f 39 62 8 37
f 15 43 29 1
o skirt_E_n
v 9.788000 4.352000 0.000000
v 9.788000 4.350000 0.002000
v 9.786000 4.352000 0.002000
v 9.788000 4.350586 0.000586
v 9.786845 4.350845 0.000845
v 9.786586 4.350586 0.002000
v 9.786586 4.352000 0.000586
v 9.788000 4.350000 0.058000
v 9.788000 4.352000 0.060000
v 9.786000 4.352000 0.058000
v 9.788000 4.350586 0.059414
v 9.786845 4.350845 0.059155
v 9.786586 4.352000 0.059414
v 9.786586 4.350586 0.058000
v 9.788000 7.398000 0.000000
v 9.786000 7.398000 0.002000
v 9.788000 7.400000 0.002000
v 9.786586 7.398000 0.000586
v 9.786845 7.399155 0.000845
v 9.786586 7.399414 0.002000
v 9.788000 7.399414 0.000586
v 9.788000 7.398000 0.060000
v 9.788000 7.400000 0.058000
v 9.786000 7.398000 0.058000
v 9.788000 7.399414 0.059414
v 9.786845 7.399155 0.059155
v 9.786586 7.399414 0.058000
v 9.786586 7.398000 0.059414
v 9.798000 4.352000 0.000000
v 9.800000 4.352000 0.002000
v 9.798000 4.350000 0.002000
v 9.799415 4.352000 0.000586
v 9.799155 4.350845 0.000845
v 9.799415 4.350586 0.002000
v 9.798000 4.350586 0.000586
v 9.798000 4.352000 0.060000
v 9.798000 4.350000 0.058000
v 9.800000 4.352000 0.058000
v 9.798000 4.350586 0.059414
v 9.799155 4.350845 0.059155
v 9.799415 4.350586 0.058000
v 9.799415 4.352000 0.059414
v 9.798000 7.398000 0.000000
v 9.798000 7.400000 0.002000
v 9.800000 7.398000 0.002000
v 9.798000 7.399414 0.000586
v 9.799155 7.399155 0.000845
v 9.799415 7.399414 0.002000
v 9.799415 7.398000 0.000586
v 9.798000 7.398000 0.060000
v 9.800000 7.398000 0.058000
v 9.798000 7.400000 0.058000
v 9.799415 7.398000 0.059414
v 9.799155 7.399155 0.059155
v 9.799415 7.399414 0.058000
v 9.798000 7.399414 0.059414
v 9.788000 4.350586 0.000586
v 9.786845 4.350845 0.000845
v 9.786845 4.350845 0.000845
v 9.786586 4.352000 0.000586
v 9.786586 4.350586 0.002000
v 9.788000 4.350586 0.059414
v 9.786845 4.350845 0.059155
v 9.786845 4.350845 0.059155
v 9.786586 4.350586 0.058000
v 9.786586 4.352000 0.059414
v 9.786586 7.398000 0.000586
v 9.786845 7.399155 0.000845
v 9.786845 7.399155 0.000845
v 9.788000 7.399414 0.000586
v 9.786586 7.399414 0.002000
v 9.788000 7.399414 0.059414
v 9.786845 7.399155 0.059155
v 9.786845 7.399155 0.059155
v 9.786586 7.398000 0.059414
v 9.786586 7.399414 0.058000
v 9.799415 4.352000 0.000586
v 9.799155 4.350845 0.000845
v 9.799155 4.350845 0.000845
v 9.798000 4.350586 0.000586
v 9.799415 4.350586 0.002000
v 9.798000 4.350586 0.059414
v 9.799155 4.350845 0.059155
v 9.799155 4.350845 0.059155
v 9.799415 4.352000 0.059414
v 9.799415 4.350586 0.058000
v 9.798000 7.399414 0.000586
v 9.799155 7.399155 0.000845
v 9.799155 7.399155 0.000845
v 9.799415 7.398000 0.000586
v 9.799415 7.399414 0.002000
v 9.799415 7.398000 0.059414
v 9.799155 7.399155 0.059155
v 9.799155 7.399155 0.059155
v 9.798000 7.399414 0.059414
v 9.799415 7.399414 0.058000
s 0
f 127 133 104 98
f 141 147 134 126
f 146 118 105 132
f 99 106 120 112
f 113 119 148 140
f 97 153 154 156
f 98 157 155 100
f 99 103 101 102
f 104 158 159 161
f 105 162 160 107
f 106 110 108 109
f 111 163 164 166
f 112 167 165 114
f 113 117 115 116
f 118 168 169 171
f 119 172 170 121
f 120 124 122 123
f 125 173 174 176
f 126 177 175 128
f 127 131 129 130
f 132 178 179 181
f 133 182 180 135
f 134 138 136 137
f 139 183 184 186
f 140 187 185 142
f 141 145 143 144
f 146 188 189 191
f 147 192 190 149
f 148 152 150 151
f 111 97 156 163
f 114 103 99 112
f 98 104 161 157
f 102 110 106 99
f 105 118 171 162
f 109 124 120 106
f 119 113 116 172
f 123 167 112 120
f 139 111 166 183
f 142 117 113 140
f 118 146 191 168
f 121 152 148 119
f 147 141 144 192
f 151 187 140 148
f 125 139 186 173
f 128 145 141 126
f 146 132 181 188
f 149 138 134 147
f 133 127 130 182
f 137 177 126 134
f 97 125 176 153
f 100 131 127 98
f 132 105 107 178
f 135 158 104 133
f 111 139 125 97
o skirt_E_s
v 9.788000 0.002000 0.000000
v 9.788000 0.000000 0.002000
v 9.786000 0.002000 0.002000
v 9.788000 0.000586 0.000586
v 9.786845 0.000845 0.000845
v 9.786586 0.000586 0.002000
v 9.786586 0.002000 0.000586
v 9.788000 0.000000 0.058000
v 9.788000 0.002000 0.060000
v 9.786000 0.002000 0.058000
v 9.788000 0.000586 0.059414
v 9.786845 0.000845 0.059155
v 9.786586 0.002000 0.059414
v 9.786586 0.000586 0.058000
v 9.788000 3.348000 0.000000
v 9.786000 3.348000 0.002000
v 9.788000 3.350000 0.002000
v 9.786586 3.348000 0.000586
v 9.786845 3.349154 0.000845
v 9.786586 3.349414 0.002000
v 9.788000 3.349414 0.000586
v 9.788000 3.348000 0.060000
v 9.788000 3.350000 0.058000
v 9.786000 3.348000 0.058000
v 9.788000 3.349414 0.059414
v 9.786845 3.349154 0.059155
v 9.786586 3.349414 0.058000
v 9.786586 3.348000 0.059414
v 9.798000 0.002000 0.000000
v 9.800000 0.002000 0.002000
v 9.798000 0.000000 0.002000
v 9.799415 0.002000 0.000586
v 9.799155 0.000845 0.000845
v 9.799415 0.000586 0.002000
v 9.798000 0.000586 0.000586
v 9.798000 0.002000 0.060000
v 9.798000 0.000000 0.058000
v 9.800000 0.002000 0.058000
v 9.798000 0.000586 0.059414
v 9.799155 0.000845 0.059155
v 9.799415 0.000586 0.058000
v 9.799415 0.002000 0.059414
v 9.798000 3.348000 0.000000
v 9.798000 3.350000 0.002000
v 9.800000 3.348000 0.002000
v 9.798000 3.349414 0.000586
v 9.799155 3.349154 0.000845
v 9.799415 3.349414 0.002000
v 9.799415 3.348000 0.000586
v 9.798000 3.348000 0.060000
v 9.800000 3.348000 0.058000
v 9.798000 3.350000 0.058000
v 9.799415 3.348000 0.059414
v 9.799155 3.349154 0.059155
v 9.799415 3.349414 0.058000
v 9.798000 3.349414 0.059414
v 9.788000 0.000586 0.000586
v 9.786845 0.000845 0.000845
v 9.786845 0.000845 0.000845
v 9.786586 0.002000 0.000586
v 9.786586 0.000586 0.002000
v 9.788000 0.000586 0.059414
v 9.786845 0.000845 0.059155
v 9.786845 0.000845 0.059155
v 9.786586 0.000586 0.058000
v 9.786586 0.002000 0.059414
v 9.786586 3.348000 0.000586
v 9.786845 3.349154 0.000845
v 9.786845 3.349154 0.000845
v 9.788000 3.349414 0.000586
v 9.786586 3.349414 0.002000
v 9.788000 3.349414 0.059414
v 9.786845 3.349154 0.059155
v 9.786845 3.349154 0.059155
v 9.786586 3.348000 0.059414
v 9.786586 3.349414 0.058000
v 9.799415 0.002000 0.000586
v 9.799155 0.000845 0.000845
v 9.799155 0.000845 0.000845
v 9.798000 0.000586 0.000586
v 9.799415 0.000586 0.002000
v 9.798000 0.000586 0.059414
v 9.799155 0.000845 0.059155
v 9.799155 0.000845 0.059155
v 9.799415 0.002000 0.059414
v 9.799415 0.000586 0.058000
v 9.798000 3.349414 0.000586
v 9.799155 3.349154 0.000845
v 9.799155 3.349154 0.000845
v 9.799415 3.348000 0.000586
v 9.799415 3.349414 0.002000
v 9.799415 3.348000 0.059414
v 9.799155 3.349154 0.059155
v 9.799155 3.349154 0.059155
v 9.798000 3.349414 0.059414
v 9.799415 3.349414 0.058000
s 0
f 223 229 200 194
f 237 243 230 222
f 242 214 201 228
f 195 202 216 208
f 209 215 244 236
f 193 249 250 252
f 194 253 251 196
f 195 199 197 198
f 200 254 255 257
f 201 258 256 203
f 202 206 204 205
f 207 259 260 262
f 208 263 261 210
f 209 213 211 212
f 214 264 265 267
f 215 268 266 217
f 216 220 218 219
f 221 269 270 272
f 222 273 271 224
f 223 227 225 226
f 228 274 275 277
f 229 278 276 231
f 230 234 232 233
f 235 279 280 282
f 236 283 281 238
f 237 241 239 240
f 242 284 285 287
f 243 288 286 245
f 244 248 246 247
f 207 193 252 259
f 210 199 195 208
f 194 200 257 253
f 198 206 202 195
f 201 214 267 258
f 205 220 216 202
f 215 209 212 268
f 219 263 208 216
f 235 207 262 279
f 238 213 209 236
f 214 242 287 264
f 217 248 244 215
f 243 237 240 288
f 247 283 236 244
f 221 235 282 269
f 224 241 237 222
f 242 228 277 284
f 245 234 230 243
f 229 223 226 278
f 233 273 222 230
f 193 221 272 249
f 196 227 223 194
f 228 201 203 274
f 231 254 200 229
f 207 235 221 193
o skirt_S_open
v 5.402000 0.002000 0.000000
v 5.402000 0.000000 0.002000
v 5.400000 0.002000 0.002000
v 5.402000 0.000586 0.000586
v 5.400846 0.000845 0.000845
v 5.400586 0.000586 0.002000
v 5.400586 0.002000 0.000586
v 5.402000 0.000000 0.058000
v 5.402000 0.002000 0.060000
v 5.400000 0.002000 0.058000
v 5.402000 0.000586 0.059414
v 5.400846 0.000845 0.059155
v 5.400586 0.002000 0.059414
v 5.400586 0.000586 0.058000
v 5.402000 0.012000 0.000000
v 5.400000 0.012000 0.002000
v 5.402000 0.014000 0.002000
v 5.400586 0.012000 0.000586
v 5.400846 0.013155 0.000845
v 5.400586 0.013414 0.002000
v 5.402000 0.013414 0.000586
v 5.402000 0.012000 0.060000
v 5.402000 0.014000 0.058000
v 5.400000 0.012000 0.058000
v 5.402000 0.013414 0.059414
v 5.400846 0.013155 0.059155
v 5.400586 0.013414 0.058000
v 5.400586 0.012000 0.059414
v 7.398000 0.002000 0.000000
v 7.400000 0.002000 0.002000
v 7.398000 0.000000 0.002000
v 7.399414 0.002000 0.000586
v 7.399155 0.000845 0.000845
v 7.399414 0.000586 0.002000
v 7.398000 0.000586 0.000586
v 7.398000 0.002000 0.060000
v 7.398000 0.000000 0.058000
v 7.400000 0.002000 0.058000
v 7.398000 0.000586 0.059414
v 7.399155 0.000845 0.059155
v 7.399414 0.000586 0.058000
v 7.399414 0.002000 0.059414
v 7.398000 0.012000 0.000000
v 7.398000 0.014000 0.002000
v 7.400000 0.012000 0.002000
v 7.398000 0.013414 0.000586
v 7.399155 0.013155 0.000845
v 7.399414 0.013414 0.002000
v 7.399414 0.012000 0.000586
v 7.398000 0.012000 0.060000
v 7.400000 0.012000 0.058000
v 7.398000 0.014000 0.058000
v 7.399414 0.012000 0.059414
v 7.399155 0.013155 0.059155
v 7.399414 0.013414 0.058000
v 7.398000 0.013414 0.059414
v 5.402000 0.000586 0.000586
v 5.400846 0.000845 0.000845
v 5.400846 0.000845 0.000845
v 5.400586 0.002000 0.000586
v 5.400586 0.000586 0.002000
v 5.402000 0.000586 0.059414
v 5.400846 0.000845 0.059155
v 5.400846 0.000845 0.059155
v 5.400586 0.000586 0.058000
v 5.400586 0.002000 0.059414
v 5.400586 0.012000 0.000586
v 5.400846 0.013155 0.000845
v 5.400846 0.013155 0.000845
v 5.402000 0.013414 0.000586
v 5.400586 0.013414 0.002000
v 5.402000 0.013414 0.059414
v 5.400846 0.013155 0.059155
v 5.400846 0.013155 0.059155
v 5.400586 0.012000 0.059414
v 5.400586 0.013414 0.058000
v 7.399414 0.002000 0.000586
v 7.399155 0.000845 0.000845
v 7.399155 0.000845 0.000845
v 7.398000 0.000586 0.000586
v 7.399414 0.000586 0.002000
v 7.398000 0.000586 0.059414
v 7.399155 0.000845 0.059155
v 7.399155 0.000845 0.059155
v 7.399414 0.002000 0.059414
v 7.399414 0.000586 0.058000
v 7.398000 0.013414 0.000586
v 7.399155 0.013155 0.000845
v 7.399155 0.013155 0.000845
v 7.399414 0.012000 0.000586
v 7.399414 0.013414 0.002000
v 7.399414 0.012000 0.059414
v 7.399155 0.013155 0.059155
v 7.399155 0.013155 0.059155
v 7.398000 0.013414 0.059414
v 7.399414 0.013414 0.058000
s 0
f 319 325 296 290
f 333 339 326 318
f 338 310 297 324
f 291 298 312 304
f 305 311 340 332
f 289 345 346 348
f 290 349 347 292
f 291 295 293 294
f 296 350 351 353
f 297 354 352 299
f 298 302 300 301
f 303 355 356 358
f 304 359 357 306
f 305 309 307 308
f 310 360 361 363
f 311 364 362 313
f 312 316 314 315
f 317 365 366 368
f 318 369 367 320
f 319 323 321 322
f 324 370 371 373
f 325 374 372 327
f 326 330 328 329
f 331 375 376 378
f 332 379 377 334
f 333 337 335 336
f 338 380 381 383
f 339 384 382 341
f 340 344 342 343
f 303 289 348 355
f 306 295 291 304
f 290 296 353 349
f 294 302 298 291
f 297 310 363 354
f 301 316 312 298
f 311 305 308 364
f 315 359 304 312
f 331 303 358 375
f 334 309 305 332
f 310 338 383 360
f 313 344 340 311
f 339 333 336 384
f 343 379 332 340
f 317 331 378 365
f 320 337 333 318
f 338 324 373 380
f 341 330 326 339
f 325 319 322 374
f 329 369 318 326
f 289 317 368 345
f 292 323 319 290
f 324 297 299 370
f 327 350 296 325
f 303 331 317 289
o skirt_N_w
v 0.002000 7.388000 0.000000
v 0.002000 7.386000 0.002000
v 0.000000 7.388000 0.002000
v 0.002000 7.386586 0.000586
v 0.000845 7.386846 0.000845
v 0.000586 7.386586 0.002000
v 0.000586 7.388000 0.000586
v 0.002000 7.386000 0.058000
v 0.002000 7.388000 0.060000
v 0.000000 7.388000 0.058000
v 0.002000 7.386586 0.059414
v 0.000845 7.386846 0.059155
v 0.000586 7.388000 0.059414
v 0.000586 7.386586 0.058000
v 0.002000 7.398000 0.000000
v 0.000000 7.398000 0.002000
v 0.002000 7.400000 0.002000
v 0.000586 7.398000 0.000586
v 0.000845 7.399155 0.000845
v 0.000586 7.399415 0.002000
v 0.002000 7.399415 0.000586
v 0.002000 7.398000 0.060000
v 0.002000 7.400000 0.058000
v 0.000000 7.398000 0.058000
v 0.002000 7.399415 0.059414
v 0.000845 7.399155 0.059155
v 0.000586 7.399415 0.058000
v 0.000586 7.398000 0.059414
v 2.798000 7.388000 0.000000
v 2.800000 7.388000 0.002000
v 2.798000 7.386000 0.002000
v 2.799414 7.388000 0.000586
v 2.799155 7.386846 0.000845
v 2.799414 7.386586 0.002000
v 2.798000 7.386586 0.000586
v 2.798000 7.388000 0.060000
v 2.798000 7.386000 0.058000
v 2.800000 7.388000 0.058000
v 2.798000 7.386586 0.059414
v 2.799155 7.386846 0.059155
v 2.799414 7.386586 0.058000
v 2.799414 7.388000 0.059414
v 2.798000 7.398000 0.000000
v 2.798000 7.400000 0.002000
v 2.800000 7.398000 0.002000
v 2.798000 7.399415 0.000586
v 2.799155 7.399155 0.000845
v 2.799414 7.399415 0.002000
v 2.799414 7.398000 0.000586
v 2.798000 7.398000 0.060000
v 2.800000 7.398000 0.058000
v 2.798000 7.400000 0.058000
v 2.799414 7.398000 0.059414
v 2.799155 7.399155 0.059155
v 2.799414 7.399415 0.058000
v 2.798000 7.399415 0.059414
v 0.002000 7.386586 0.000586
v 0.000845 7.386846 0.000845
v 0.000845 7.386846 0.000845
v 0.000586 7.388000 0.000586
v 0.000586 7.386586 0.002000
v 0.002000 7.386586 0.059414
v 0.000845 7.386846 0.059155
v 0.000845 7.386846 0.059155
v 0.000586 7.386586 0.058000
v 0.000586 7.388000 0.059414
v 0.000586 7.398000 0.000586
v 0.000845 7.399155 0.000845
v 0.000845 7.399155 0.000845
v 0.002000 7.399415 0.000586
v 0.000586 7.399415 0.002000
v 0.002000 7.399415 0.059414
v 0.000845 7.399155 0.059155
v 0.000845 7.399155 0.059155
v 0.000586 7.398000 0.059414
v 0.000586 7.399415 0.058000
v 2.799414 7.388000 0.000586
v 2.799155 7.386846 0.000845
v 2.799155 7.386846 0.000845
v 2.798000 7.386586 0.000586
v 2.799414 7.386586 0.002000
v 2.798000 7.386586 0.059414
v 2.799155 7.386846 0.059155
v 2.799155 7.386846 0.059155
v 2.799414 7.388000 0.059414
v 2.799414 7.386586 0.058000
v 2.798000 7.399415 0.000586
v 2.799155 7.399155 0.000845
v 2.799155 7.399155 0.000845
v 2.799414 7.398000 0.000586
v 2.799414 7.399415 0.002000
v 2.799414 7.398000 0.059414
v 2.799155 7.399155 0.059155
v 2.799155 7.399155 0.059155
v 2.798000 7.399415 0.059414
v 2.799414 7.399415 0.058000
s 0
f 415 421 392 386
f 429 435 422 414
f 434 406 393 420
f 387 394 408 400
f 401 407 436 428
f 385 441 442 444
f 386 445 443 388
f 387 391 389 390
f 392 446 447 449
f 393 450 448 395
f 394 398 396 397
f 399 451 452 454
f 400 455 453 402
f 401 405 403 404
f 406 456 457 459
f 407 460 458 409
f 408 412 410 411
f 413 461 462 464
f 414 465 463 416
f 415 419 417 418
f 420 466 467 469
f 421 470 468 423
f 422 426 424 425
f 427 471 472 474
f 428 475 473 430
f 429 433 431 432
f 434 476 477 479
f 435 480 478 437
f 436 440 438 439
f 399 385 444 451
f 402 391 387 400
f 386 392 449 445
f 390 398 394 387
f 393 406 459 450
f 397 412 408 394
f 407 401 404 460
f 411 455 400 408
f 427 399 454 471
f 430 405 401 428
f 406 434 479 456
f 409 440 436 407
f 435 429 432 480
f 439 475 428 436
f 413 427 474 461
f 416 433 429 414
f 434 420 469 476
f 437 426 422 435
f 421 415 418 470
f 425 465 414 422
f 385 413 464 441
f 388 419 415 386
f 420 393 395 466
f 423 446 392 421
f 399 427 413 385
o skirt_N_e
v 8.601999 7.388000 0.000000
v 8.601999 7.386000 0.002000
v 8.599999 7.388000 0.002000
v 8.601999 7.386586 0.000586
v 8.600845 7.386846 0.000845
v 8.600586 7.386586 0.002000
v 8.600586 7.388000 0.000586
v 8.601999 7.386000 0.058000
v 8.601999 7.388000 0.060000
v 8.599999 7.388000 0.058000
v 8.601999 7.386586 0.059414
v 8.600845 7.386846 0.059155
v 8.600586 7.388000 0.059414
v 8.600586 7.386586 0.058000
v 8.601999 7.398000 0.000000
v 8.599999 7.398000 0.002000
v 8.601999 7.400000 0.002000
v 8.600586 7.398000 0.000586
v 8.600845 7.399155 0.000845
v 8.600586 7.399415 0.002000
v 8.601999 7.399415 0.000586
v 8.601999 7.398000 0.060000
v 8.601999 7.400000 0.058000
v 8.599999 7.398000 0.058000
v 8.601999 7.399415 0.059414
v 8.600845 7.399155 0.059155
v 8.600586 7.399415 0.058000
v 8.600586 7.398000 0.059414
v 9.798000 7.388000 0.000000
v 9.800000 7.388000 0.002000
v 9.798000 7.386000 0.002000
v 9.799414 7.388000 0.000586
v 9.799154 7.386846 0.000845
v 9.799414 7.386586 0.002000
v 9.798000 7.386586 0.000586
v 9.798000 7.388000 0.060000
v 9.798000 7.386000 0.058000
v 9.800000 7.388000 0.058000
v 9.798000 7.386586 0.059414
v 9.799154 7.386846 0.059155
v 9.799414 7.386586 0.058000
v 9.799414 7.388000 0.059414
v 9.798000 7.398000 0.000000
v 9.798000 7.400000 0.002000
v 9.800000 7.398000 0.002000
v 9.798000 7.399415 0.000586
v 9.799154 7.399155 0.000845
v 9.799414 7.399415 0.002000
v 9.799414 7.398000 0.000586
v 9.798000 7.398000 0.060000
v 9.800000 7.398000 0.058000
v 9.798000 7.400000 0.058000
v 9.799414 7.398000 0.059414
v 9.799154 7.399155 0.059155
v 9.799414 7.399415 0.058000
v 9.798000 7.399415 0.059414
v 8.601999 7.386586 0.000586
v 8.600845 7.386846 0.000845
v 8.600845 7.386846 0.000845
v 8.600586 7.388000 0.000586
v 8.600586 7.386586 0.002000
v 8.601999 7.386586 0.059414
v 8.600845 7.386846 0.059155
v 8.600845 7.386846 0.059155
v 8.600586 7.386586 0.058000
v 8.600586 7.388000 0.059414
v 8.600586 7.398000 0.000586
v 8.600845 7.399155 0.000845
v 8.600845 7.399155 0.000845
v 8.601999 7.399415 0.000586
v 8.600586 7.399415 0.002000
v 8.601999 7.399415 0.059414
v 8.600845 7.399155 0.059155
v 8.600845 7.399155 0.059155
v 8.600586 7.398000 0.059414
v 8.600586 7.399415 0.058000
v 9.799414 7.388000 0.000586
v 9.799154 7.386846 0.000845
v 9.799154 7.386846 0.000845
v 9.798000 7.386586 0.000586
v 9.799414 7.386586 0.002000
v 9.798000 7.386586 0.059414
v 9.799154 7.386846 0.059155
v 9.799154 7.386846 0.059155
v 9.799414 7.388000 0.059414
v 9.799414 7.386586 0.058000
v 9.798000 7.399415 0.000586
v 9.799154 7.399155 0.000845
v 9.799154 7.399155 0.000845
v 9.799414 7.398000 0.000586
v 9.799414 7.399415 0.002000
v 9.799414 7.398000 0.059414
v 9.799154 7.399155 0.059155
v 9.799154 7.399155 0.059155
v 9.798000 7.399415 0.059414
v 9.799414 7.399415 0.058000
s 0
f 511 517 488 482
f 525 531 518 510
f 530 502 489 516
f 483 490 504 496
f 497 503 532 524
f 481 537 538 540
f 482 541 539 484
f 483 487 485 486
f 488 542 543 545
f 489 546 544 491
f 490 494 492 493
f 495 547 548 550
f 496 551 549 498
f 497 501 499 500
f 502 552 553 555
f 503 556 554 505
f 504 508 506 507
f 509 557 558 560
f 510 561 559 512
f 511 515 513 514
f 516 562 563 565
f 517 566 564 519
f 518 522 520 521
f 523 567 568 570
f 524 571 569 526
f 525 529 527 528
f 530 572 573 575
f 531 576 574 533
f 532 536 534 535
f 495 481 540 547
f 498 487 483 496
f 482 488 545 541
f 486 494 490 483
f 489 502 555 546
f 493 508 504 490
f 503 497 500 556
f 507 551 496 504
f 523 495 550 567
f 526 501 497 524
f 502 530 575 552
f 505 536 532 503
f 531 525 528 576
f 535 571 524 532
f 509 523 570 557
f 512 529 525 510
f 530 516 565 572
f 533 522 518 531
f 517 511 514 566
f 521 561 510 518
f 481 509 560 537
f 484 515 511 482
f 516 489 491 562
f 519 542 488 517
f 495 523 509 481
o wr_plate_0
v 0.300000 4.700000 0.459000
v 0.300000 4.700000 0.459000
v 0.300000 4.700000 0.459000
v 0.300000 4.700000 0.459000
v 0.300000 4.700000 0.459000
v 0.300000 4.700000 0.459000
v 0.300000 4.700000 0.459000
v 0.300000 4.700000 0.459000
v 0.300000 4.700000 0.459000
v 0.300000 4.700000 0.459000
v 0.300000 4.700000 0.459000
v 0.300000 4.700000 0.459000
v 0.300000 4.700000 0.459000
v 0.300000 4.700000 0.459000
v 0.300000 4.700000 0.459000
v 0.300000 4.700000 0.459000
v 0.300000 4.700000 0.459000
v 0.300000 4.700000 0.459000
v 0.300000 4.700000 0.459000
v 0.300000 4.700000 0.459000
v 0.300000 4.700000 0.459000
v 0.300000 4.700000 0.459000
v 0.300000 4.700000 0.459000
v 0.300000 4.700000 0.459000
v 0.300000 4.700000 0.459000
v 0.300000 4.700000 0.459000
v 0.300000 4.700000 0.459000
v 0.300000 4.700000 0.459000
v 0.400000 4.700000 0.463000
v 0.397493 4.722252 0.463000
v 0.390097 4.743388 0.463000
v 0.378183 4.762349 0.463000
v 0.362349 4.778183 0.463000
v 0.343388 4.790097 0.463000
v 0.322252 4.797493 0.463000
v 0.300000 4.800000 0.463000
v 0.277748 4.797493 0.463000
v 0.256612 4.790097 0.463000
v 0.237651 4.778183 0.463000
v 0.221817 4.762349 0.463000
v 0.209903 4.743388 0.463000
v 0.202507 4.722252 0.463000
v 0.200000 4.700000 0.463000
v 0.202507 4.677748 0.463000
v 0.209903 4.656611 0.463000
v 0.221817 4.637651 0.463000
v 0.237651 4.621817 0.463000
v 0.256612 4.609903 0.463000
v 0.277748 4.602507 0.463000
v 0.300000 4.600000 0.463000
v 0.322252 4.602507 0.463000
v 0.343388 4.609903 0.463000
v 0.362349 4.621817 0.463000
v 0.378183 4.637651 0.463000
v 0.390097 4.656611 0.463000
v 0.397493 4.677748 0.463000
v 0.415000 4.700000 0.471000
v 0.412117 4.725590 0.471000
v 0.403611 4.749897 0.471000
v 0.389911 4.771701 0.471000
v 0.371701 4.789910 0.471000
v 0.349897 4.803611 0.471000
v 0.325590 4.812117 0.471000
v 0.300000 4.815000 0.471000
v 0.274410 4.812117 0.471000
v 0.250103 4.803611 0.471000
v 0.228299 4.789910 0.471000
v 0.210089 4.771701 0.471000
v 0.196389 4.749897 0.471000
v 0.187883 4.725590 0.471000
v 0.185000 4.700000 0.471000
v 0.187883 4.674410 0.471000
v 0.196389 4.650103 0.471000
v 0.210089 4.628298 0.471000
v 0.228299 4.610089 0.471000
v 0.250103 4.596388 0.471000
v 0.274410 4.587883 0.471000
v 0.300000 4.585000 0.471000
v 0.325590 4.587883 0.471000
v 0.349897 4.596388 0.471000
v 0.371701 4.610089 0.471000
v 0.389911 4.628298 0.471000
v 0.403611 4.650103 0.471000
v 0.412117 4.674410 0.471000
v 0.400000 4.700000 0.475000
v 0.397493 4.722252 0.475000
v 0.390097 4.743388 0.475000
v 0.378183 4.762349 0.475000
v 0.362349 4.778183 0.475000
v 0.343388 4.790097 0.475000
v 0.322252 4.797493 0.475000
v 0.300000 4.800000 0.475000
v 0.277748 4.797493 0.475000
v 0.256612 4.790097 0.475000
v 0.237651 4.778183 0.475000
v 0.221817 4.762349 0.475000
v 0.209903 4.743388 0.475000
v 0.202507 4.722252 0.475000
v 0.200000 4.700000 0.475000
v 0.202507 4.677748 0.475000
v 0.209903 4.656611 0.475000
v 0.221817 4.637651 0.475000
v 0.237651 4.621817 0.475000
v 0.256612 4.609903 0.475000
v 0.277748 4.602507 0.475000
v 0.300000 4.600000 0.475000
v 0.322252 4.602507 0.475000
v 0.343388 4.609903 0.475000
v 0.362349 4.621817 0.475000
v 0.378183 4.637651 0.475000
v 0.390097 4.656611 0.475000
v 0.397493 4.677748 0.475000
v 0.300000 4.700000 0.477000
v 0.300000 4.700000 0.477000
v 0.300000 4.700000 0.477000
v 0.300000 4.700000 0.477000
v 0.300000 4.700000 0.477000
v 0.300000 4.700000 0.477000
v 0.300000 4.700000 0.477000
v 0.300000 4.700000 0.477000
v 0.300000 4.700000 0.477000
v 0.300000 4.700000 0.477000
v 0.300000 4.700000 0.477000
v 0.300000 4.700000 0.477000
v 0.300000 4.700000 0.477000
v 0.300000 4.700000 0.477000
v 0.300000 4.700000 0.477000
v 0.300000 4.700000 0.477000
v 0.300000 4.700000 0.477000
v 0.300000 4.700000 0.477000
v 0.300000 4.700000 0.477000
v 0.300000 4.700000 0.477000
v 0.300000 4.700000 0.477000
v 0.300000 4.700000 0.477000
v 0.300000 4.700000 0.477000
v 0.300000 4.700000 0.477000
v 0.300000 4.700000 0.477000
v 0.300000 4.700000 0.477000
v 0.300000 4.700000 0.477000
v 0.300000 4.700000 0.477000
s 1
f 577 605 606
f 578 606 607
f 579 607 608
f 580 608 609
f 581 609 610
f 582 610 611
f 583 611 612
f 584 612 613
f 585 613 614
f 586 614 615
f 587 615 616
f 588 616 617
f 589 617 618
f 590 618 619
f 591 619 620
f 592 620 621
f 593 621 622
f 594 622 623
f 595 623 624
f 596 624 625
f 597 625 626
f 598 626 627
f 599 627 628
f 600 628 629
f 601 629 630
f 602 630 631
f 603 631 632
f 604 632 605
f 605 606 634 633
f 606 607 635 634
f 607 608 636 635
f 608 609 637 636
f 609 610 638 637
f 610 611 639 638
f 611 612 640 639
f 612 613 641 640
f 613 614 642 641
f 614 615 643 642
f 615 616 644 643
f 616 617 645 644
f 617 618 646 645
f 618 619 647 646
f 619 620 648 647
f 620 621 649 648
f 621 622 650 649
f 622 623 651 650
f 623 624 652 651
f 624 625 653 652
f 625 626 654 653
f 626 627 655 654
f 627 628 656 655
f 628 629 657 656
f 629 630 658 657
f 630 631 659 658
f 631 632 660 659
f 632 605 633 660
f 633 634 662 661
f 634 635 663 662
f 635 636 664 663
f 636 637 665 664
f 637 638 666 665
f 638 639 667 666
f 639 640 668 667
f 640 641 669 668
f 641 642 670 669
f 642 643 671 670
f 643 644 672 671
f 644 645 673 672
f 645 646 674 673
f 646 647 675 674
f 647 648 676 675
f 648 649 677 676
f 649 650 678 677
f 650 651 679 678
f 651 652 680 679
f 652 653 681 680
f 653 654 682 681
f 654 655 683 682
f 655 656 684 683
f 656 657 685 684
f 657 658 686 685
f 658 659 687 686
f 659 660 688 687
f 660 633 661 688
f 661 662 690
f 662 663 691
f 663 664 692
f 664 665 693
f 665 666 694
f 666 667 695
f 667 668 696
f 668 669 697
f 669 670 698
f 670 671 699
f 671 672 700
f 672 673 701
f 673 674 702
f 674 675 703
f 675 676 704
f 676 677 705
f 677 678 706
f 678 679 707
f 679 680 708
f 680 681 709
f 681 682 710
f 682 683 711
f 683 684 712
f 684 685 713
f 685 686 714
f 686 687 715
f 687 688 716
f 688 661 689
o wr_plate_1
v 0.300000 4.700000 0.479000
v 0.300000 4.700000 0.479000
v 0.300000 4.700000 0.479000
v 0.300000 4.700000 0.479000
v 0.300000 4.700000 0.479000
v 0.300000 4.700000 0.479000
v 0.300000 4.700000 0.479000
v 0.300000 4.700000 0.479000
v 0.300000 4.700000 0.479000
v 0.300000 4.700000 0.479000
v 0.300000 4.700000 0.479000
v 0.300000 4.700000 0.479000
v 0.300000 4.700000 0.479000
v 0.300000 4.700000 0.479000
v 0.300000 4.700000 0.479000
v 0.300000 4.700000 0.479000
v 0.300000 4.700000 0.479000
v 0.300000 4.700000 0.479000
v 0.300000 4.700000 0.479000
v 0.300000 4.700000 0.479000
v 0.300000 4.700000 0.479000
v 0.300000 4.700000 0.479000
v 0.300000 4.700000 0.479000
v 0.300000 4.700000 0.479000
v 0.300000 4.700000 0.479000
v 0.300000 4.700000 0.479000
v 0.300000 4.700000 0.479000
v 0.300000 4.700000 0.479000
v 0.400000 4.700000 0.483000
v 0.397493 4.722252 0.483000
v 0.390097 4.743388 0.483000
v 0.378183 4.762349 0.483000
v 0.362349 4.778183 0.483000
v 0.343388 4.790097 0.483000
v 0.322252 4.797493 0.483000
v 0.300000 4.800000 0.483000
v 0.277748 4.797493 0.483000
v 0.256612 4.790097 0.483000
v 0.237651 4.778183 0.483000
v 0.221817 4.762349 0.483000
v 0.209903 4.743388 0.483000
v 0.202507 4.722252 0.483000
v 0.200000 4.700000 0.483000
v 0.202507 4.677748 0.483000
v 0.209903 4.656611 0.483000
v 0.221817 4.637651 0.483000
v 0.237651 4.621817 0.483000
v 0.256612 4.609903 0.483000
v 0.277748 4.602507 0.483000
v 0.300000 4.600000 0.483000
v 0.322252 4.602507 0.483000
v 0.343388 4.609903 0.483000
v 0.362349 4.621817 0.483000
v 0.378183 4.637651 0.483000
v 0.390097 4.656611 0.483000
v 0.397493 4.677748 0.483000
v 0.415000 4.700000 0.491000
v 0.412117 4.725590 0.491000
v 0.403611 4.749897 0.491000
v 0.389911 4.771701 0.491000
v 0.371701 4.789910 0.491000
v 0.349897 4.803611 0.491000
v 0.325590 4.812117 0.491000
v 0.300000 4.815000 0.491000
v 0.274410 4.812117 0.491000
v 0.250103 4.803611 0.491000
v 0.228299 4.789910 0.491000
v 0.210089 4.771701 0.491000
v 0.196389 4.749897 0.491000
v 0.187883 4.725590 0.491000
v 0.185000 4.700000 0.491000
v 0.187883 4.674410 0.491000
v 0.196389 4.650103 0.491000
v 0.210089 4.628298 0.491000
v 0.228299 4.610089 0.491000
v 0.250103 4.596388 0.491000
v 0.274410 4.587883 0.491000
v 0.300000 4.585000 0.491000
v 0.325590 4.587883 0.491000
v 0.349897 4.596388 0.491000
v 0.371701 4.610089 0.491000
v 0.389911 4.628298 0.491000
v 0.403611 4.650103 0.491000
v 0.412117 4.674410 0.491000
v 0.400000 4.700000 0.495000
v 0.397493 4.722252 0.495000
v 0.390097 4.743388 0.495000
v 0.378183 4.762349 0.495000
v 0.362349 4.778183 0.495000
v 0.343388 4.790097 0.495000
v 0.322252 4.797493 0.495000
v 0.300000 4.800000 0.495000
v 0.277748 4.797493 0.495000
v 0.256612 4.790097 0.495000
v 0.237651 4.778183 0.495000
v 0.221817 4.762349 0.495000
v 0.209903 4.743388 0.495000
v 0.202507 4.722252 0.495000
v 0.200000 4.700000 0.495000
v 0.202507 4.677748 0.495000
v 0.209903 4.656611 0.495000
v 0.221817 4.637651 0.495000
v 0.237651 4.621817 0.495000
v 0.256612 4.609903 0.495000
v 0.277748 4.602507 0.495000
v 0.300000 4.600000 0.495000
v 0.322252 4.602507 0.495000
v 0.343388 4.609903 0.495000
v 0.362349 4.621817 0.495000
v 0.378183 4.637651 0.495000
v 0.390097 4.656611 0.495000
v 0.397493 4.677748 0.495000
v 0.300000 4.700000 0.497000
v 0.300000 4.700000 0.497000
v 0.300000 4.700000 0.497000
v 0.300000 4.700000 0.497000
v 0.300000 4.700000 0.497000
v 0.300000 4.700000 0.497000
v 0.300000 4.700000 0.497000
v 0.300000 4.700000 0.497000
v 0.300000 4.700000 0.497000
v 0.300000 4.700000 0.497000
v 0.300000 4.700000 0.497000
v 0.300000 4.700000 0.497000
v 0.300000 4.700000 0.497000
v 0.300000 4.700000 0.497000
v 0.300000 4.700000 0.497000
v 0.300000 4.700000 0.497000
v 0.300000 4.700000 0.497000
v 0.300000 4.700000 0.497000
v 0.300000 4.700000 0.497000
v 0.300000 4.700000 0.497000
v 0.300000 4.700000 0.497000
v 0.300000 4.700000 0.497000
v 0.300000 4.700000 0.497000
v 0.300000 4.700000 0.497000
v 0.300000 4.700000 0.497000
v 0.300000 4.700000 0.497000
v 0.300000 4.700000 0.497000
v 0.300000 4.700000 0.497000
s 1
f 717 745 746
f 718 746 747
f 719 747 748
f 720 748 749
f 721 749 750
f 722 750 751
f 723 751 752
f 724 752 753
f 725 753 754
f 726 754 755
f 727 755 756
f 728 756 757
f 729 757 758
f 730 758 759
f 731 759 760
f 732 760 761
f 733 761 762
f 734 762 763
f 735 763 764
f 736 764 765
f 737 765 766
f 738 766 767
f 739 767 768
f 740 768 769
f 741 769 770
f 742 770 771
f 743 771 772
f 744 772 745
f 745 746 774 773
f 746 747 775 774
f 747 748 776 775
f 748 749 777 776
f 749 750 778 777
f 750 751 779 778
f 751 752 780 779
f 752 753 781 780
f 753 754 782 781
f 754 755 783 782
f 755 756 784 783
f 756 757 785 784
f 757 758 786 785
f 758 759 787 786
f 759 760 788 787
f 760 761 789 788
f 761 762 790 789
f 762 763 791 790
f 763 764 792 791
f 764 765 793 792
f 765 766 794 793
f 766 767 795 794
f 767 768 796 795
f 768 769 797 796
f 769 770 798 797
f 770 771 799 798
f 771 772 800 799
f 772 745 773 800
f 773 774 802 801
f 774 775 803 802
f 775 776 804 803
f 776 777 805 804
f 777 778 806 805
f 778 779 807 806
f 779 780 808 807
f 780 781 809 808
f 781 782 810 809
f 782 783 811 810
f 783 784 812 811
f 784 785 813 812
f 785 786 814 813
f 786 787 815 814
f 787 788 816 815
f 788 789 817 816
f 789 790 818 817
f 790 791 819 818
f 791 792 820 819
f 792 793 821 820
f 793 794 822 821
f 794 795 823 822
f 795 796 824 823
f 796 797 825 824
f 797 798 826 825
f 798 799 827 826
f 799 800 828 827
f 800 773 801 828
f 801 802 830
f 802 803 831
f 803 804 832
f 804 805 833
f 805 806 834
f 806 807 835
f 807 808 836
f 808 809 837
f 809 810 838
f 810 811 839
f 811 812 840
f 812 813 841
f 813 814 842
f 814 815 843
f 815 816 844
f 816 817 845
f 817 818 846
f 818 819 847
f 819 820 848
f 820 821 849
f 821 822 850
f 822 823 851
f 823 824 852
f 824 825 853
f 825 826 854
f 826 827 855
f 827 828 856
f 828 801 829
o wr_plate_2
v 0.300000 4.700000 0.499000
v 0.300000 4.700000 0.499000
v 0.300000 4.700000 0.499000
v 0.300000 4.700000 0.499000
v 0.300000 4.700000 0.499000
v 0.300000 4.700000 0.499000
v 0.300000 4.700000 0.499000
v 0.300000 4.700000 0.499000
v 0.300000 4.700000 0.499000
v 0.300000 4.700000 0.499000
v 0.300000 4.700000 0.499000
v 0.300000 4.700000 0.499000
v 0.300000 4.700000 0.499000
v 0.300000 4.700000 0.499000
v 0.300000 4.700000 0.499000
v 0.300000 4.700000 0.499000
v 0.300000 4.700000 0.499000
v 0.300000 4.700000 0.499000
v 0.300000 4.700000 0.499000
v 0.300000 4.700000 0.499000
v 0.300000 4.700000 0.499000
v 0.300000 4.700000 0.499000
v 0.300000 4.700000 0.499000
v 0.300000 4.700000 0.499000
v 0.300000 4.700000 0.499000
v 0.300000 4.700000 0.499000
v 0.300000 4.700000 0.499000
v 0.300000 4.700000 0.499000
v 0.400000 4.700000 0.503000
v 0.397493 4.722252 0.503000
v 0.390097 4.743388 0.503000
v 0.378183 4.762349 0.503000
v 0.362349 4.778183 0.503000
v 0.343388 4.790097 0.503000
v 0.322252 4.797493 0.503000
v 0.300000 4.800000 0.503000
v 0.277748 4.797493 0.503000
v 0.256612 4.790097 0.503000
v 0.237651 4.778183 0.503000
v 0.221817 4.762349 0.503000
v 0.209903 4.743388 0.503000
v 0.202507 4.722252 0.503000
v 0.200000 4.700000 0.503000
v 0.202507 4.677748 0.503000
v 0.209903 4.656611 0.503000
v 0.221817 4.637651 0.503000
v 0.237651 4.621817 0.503000
v 0.256612 4.609903 0.503000
v 0.277748 4.602507 0.503000
v 0.300000 4.600000 0.503000
v 0.322252 4.602507 0.503000
v 0.343388 4.609903 0.503000
v 0.362349 4.621817 0.503000
v 0.378183 4.637651 0.503000
v 0.390097 4.656611 0.503000
v 0.397493 4.677748 0.503000
v 0.415000 4.700000 0.511000
v 0.412117 4.725590 0.511000
v 0.403611 4.749897 0.511000
v 0.389911 4.771701 0.511000
v 0.371701 4.789910 0.511000
v 0.349897 4.803611 0.511000
v 0.325590 4.812117 0.511000
v 0.300000 4.815000 0.511000
v 0.274410 4.812117 0.511000
v 0.250103 4.803611 0.511000
v 0.228299 4.789910 0.511000
v 0.210089 4.771701 0.511000
v 0.196389 4.749897 0.511000
v 0.187883 4.725590 0.511000
v 0.185000 4.700000 0.511000
v 0.187883 4.674410 0.511000
v 0.196389 4.650103 0.511000
v 0.210089 4.628298 0.511000
v 0.228299 4.610089 0.511000
v 0.250103 4.596388 0.511000
v 0.274410 4.587883 0.511000
v 0.300000 4.585000 0.511000
v 0.325590 4.587883 0.511000
v 0.349897 4.596388 0.511000
v 0.371701 4.610089 0.511000
v 0.389911 4.628298 0.511000
v 0.403611 4.650103 0.511000
v 0.412117 4.674410 0.511000
v 0.400000 4.700000 0.515000
v 0.397493 4.722252 0.515000
v 0.390097 4.743388 0.515000
v 0.378183 4.762349 0.515000
v 0.362349 4.778183 0.515000
v 0.343388 4.790097 0.515000
v 0.322252 4.797493 0.515000
v 0.300000 4.800000 0.515000
v 0.277748 4.797493 0.515000
v 0.256612 4.790097 0.515000
v 0.237651 4.778183 0.515000
v 0.221817 4.762349 0.515000
v 0.209903 4.743388 0.515000
v 0.202507 4.722252 0.515000
v 0.200000 4.700000 0.515000
v 0.202507 4.677748 0.515000
v 0.209903 4.656611 0.515000
v 0.221817 4.637651 0.515000
v 0.237651 4.621817 0.515000
v 0.256612 4.609903 0.515000
v 0.277748 4.602507 0.515000
v 0.300000 4.600000 0.515000
v 0.322252 4.602507 0.515000
v 0.343388 4.609903 0.515000
v 0.362349 4.621817 0.515000
v 0.378183 4.637651 0.515000
v 0.390097 4.656611 0.515000
v 0.397493 4.677748 0.515000
v 0.300000 4.700000 0.517000
v 0.300000 4.700000 0.517000
v 0.300000 4.700000 0.517000
v 0.300000 4.700000 0.517000
v 0.300000 4.700000 0.517000
v 0.300000 4.700000 0.517000
v 0.300000 4.700000 0.517000
v 0.300000 4.700000 0.517000
v 0.300000 4.700000 0.517000
v 0.300000 4.700000 0.517000
v 0.300000 4.700000 0.517000
v 0.300000 4.700000 0.517000
v 0.300000 4.700000 0.517000
v 0.300000 4.700000 0.517000
v 0.300000 4.700000 0.517000
v 0.300000 4.700000 0.517000
v 0.300000 4.700000 0.517000
v 0.300000 4.700000 0.517000
v 0.300000 4.700000 0.517000
v 0.300000 4.700000 0.517000
v 0.300000 4.700000 0.517000
v 0.300000 4.700000 0.517000
v 0.300000 4.700000 0.517000
v 0.300000 4.700000 0.517000
v 0.300000 4.700000 0.517000
v 0.300000 4.700000 0.517000
v 0.300000 4.700000 0.517000
v 0.300000 4.700000 0.517000
s 1
f 857 885 886
f 858 886 887
f 859 887 888
f 860 888 889
f 861 889 890
f 862 890 891
f 863 891 892
f 864 892 893
f 865 893 894
f 866 894 895
f 867 895 896
f 868 896 897
f 869 897 898
f 870 898 899
f 871 899 900
f 872 900 901
f 873 901 902
f 874 902 903
f 875 903 904
f 876 904 905
f 877 905 906
f 878 906 907
f 879 907 908
f 880 908 909
f 881 909 910
f 882 910 911
f 883 911 912
f 884 912 885
f 885 886 914 913
f 886 887 915 914
f 887 888 916 915
f 888 889 917 916
f 889 890 918 917
f 890 891 919 918
f 891 892 920 919
f 892 893 921 920
f 893 894 922 921
f 894 895 923 922
f 895 896 924 923
f 896 897 925 924
f 897 898 926 925
f 898 899 927 926
f 899 900 928 927
f 900 901 929 928
f 901 902 930 929
f 902 903 931 930
f 903 904 932 931
f 904 905 933 932
f 905 906 934 933
f 906 907 935 934
f 907 908 936 935
f 908 909 937 936
f 909 910 938 937
f 910 911 939 938
f 911 912 940 939
f 912 885 913 940
f 913 914 942 941
f 914 915 943 942
f 915 916 944 943
f 916 917 945 944
f 917 918 946 945
f 918 919 947 946
f 919 920 948 947
f 920 921 949 948
f 921 922 950 949
f 922 923 951 950
f 923 924 952 951
f 924 925 953 952
f 925 926 954 953
f 926 927 955 954
f 927 928 956 955
f 928 929 957 956
f 929 930 958 957
f 930 931 959 958
f 931 932 960 959
f 932 933 961 960
f 933 934 962 961
f 934 935 963 962
f 935 936 964 963
f 936 937 965 964
f 937 938 966 965
f 938 939 967 966
f 939 940 968 967
f 940 913 941 968
f 941 942 970
f 942 943 971
f 943 944 972
f 944 945 973
f 945 946 974
f 946 947 975
f 947 948 976
f 948 949 977
f 949 950 978
f 950 951 979
f 951 952 980
f 952 953 981
f 953 954 982
f 954 955 983
f 955 956 984
f 956 957 985
f 957 958 986
f 958 959 987
f 959 960 988
f 960 961 989
f 961 962 990
f 962 963 991
f 963 964 992
f 964 965 993
f 965 966 994
f 966 967 995
f 967 968 996
f 968 941 969
o wr_plate_3
v 0.300000 4.700000 0.519000
v 0.300000 4.700000 0.519000
v 0.300000 4.700000 0.519000
v 0.300000 4.700000 0.519000
v 0.300000 4.700000 0.519000
v 0.300000 4.700000 0.519000
v 0.300000 4.700000 0.519000
v 0.300000 4.700000 0.519000
v 0.300000 4.700000 0.519000
v 0.300000 4.700000 0.519000
v 0.300000 4.700000 0.519000
v 0.300000 4.700000 0.519000
v 0.300000 4.700000 0.519000
v 0.300000 4.700000 0.519000
v 0.300000 4.700000 0.519000
v 0.300000 4.700000 0.519000
v 0.300000 4.700000 0.519000
v 0.300000 4.700000 0.519000
v 0.300000 4.700000 0.519000
v 0.300000 4.700000 0.519000
v 0.300000 4.700000 0.519000
v 0.300000 4.700000 0.519000
v 0.300000 4.700000 0.519000
v 0.300000 4.700000 0.519000
v 0.300000 4.700000 0.519000
v 0.300000 4.700000 0.519000
v 0.300000 4.700000 0.519000
v 0.300000 4.700000 0.519000
v 0.400000 4.700000 0.523000
v 0.397493 4.722252 0.523000
v 0.390097 4.743388 0.523000
v 0.378183 4.762349 0.523000
v 0.362349 4.778183 0.523000
v 0.343388 4.790097 0.523000
v 0.322252 4.797493 0.523000
v 0.300000 4.800000 0.523000
v 0.277748 4.797493 0.523000
v 0.256612 4.790097 0.523000
v 0.237651 4.778183 0.523000
v 0.221817 4.762349 0.523000
v 0.209903 4.743388 0.523000
v 0.202507 4.722252 0.523000
v 0.200000 4.700000 0.523000
v 0.202507 4.677748 0.523000
v 0.209903 4.656611 0.523000
v 0.221817 4.637651 0.523000
v 0.237651 4.621817 0.523000
v 0.256612 4.609903 0.523000
v 0.277748 4.602507 0.523000
v 0.300000 4.600000 0.523000
v 0.322252 4.602507 0.523000
v 0.343388 4.609903 0.523000
v 0.362349 4.621817 0.523000
v 0.378183 4.637651 0.523000
v 0.390097 4.656611 0.523000
v 0.397493 4.677748 0.523000
v 0.415000 4.700000 0.531000
v 0.412117 4.725590 0.531000
v 0.403611 4.749897 0.531000
v 0.389911 4.771701 0.531000
v 0.371701 4.789910 0.531000
v 0.349897 4.803611 0.531000
v 0.325590 4.812117 0.531000
v 0.300000 4.815000 0.531000
v 0.274410 4.812117 0.531000
v 0.250103 4.803611 0.531000
v 0.228299 4.789910 0.531000
v 0.210089 4.771701 0.531000
v 0.196389 4.749897 0.531000
v 0.187883 4.725590 0.531000
v 0.185000 4.700000 0.531000
v 0.187883 4.674410 0.531000
v 0.196389 4.650103 0.531000
v 0.210089 4.628298 0.531000
v 0.228299 4.610089 0.531000
v 0.250103 4.596388 0.531000
v 0.274410 4.587883 0.531000
v 0.300000 4.585000 0.531000
v 0.325590 4.587883 0.531000
v 0.349897 4.596388 0.531000
v 0.371701 4.610089 0.531000
v 0.389911 4.628298 0.531000
v 0.403611 4.650103 0.531000
v 0.412117 4.674410 0.531000
v 0.400000 4.700000 0.535000
v 0.397493 4.722252 0.535000
v 0.390097 4.743388 0.535000
v 0.378183 4.762349 0.535000
v 0.362349 4.778183 0.535000
v 0.343388 4.790097 0.535000
v 0.322252 4.797493 0.535000
v 0.300000 4.800000 0.535000
v 0.277748 4.797493 0.535000
v 0.256612 4.790097 0.535000
v 0.237651 4.778183 0.535000
v 0.221817 4.762349 0.535000
v 0.209903 4.743388 0.535000
v 0.202507 4.722252 0.535000
v 0.200000 4.700000 0.535000
v 0.202507 4.677748 0.535000
v 0.209903 4.656611 0.535000
v 0.221817 4.637651 0.535000
v 0.237651 4.621817 0.535000
v 0.256612 4.609903 0.535000
v 0.277748 4.602507 0.535000
v 0.300000 4.600000 0.535000
v 0.322252 4.602507 0.535000
v 0.343388 4.609903 0.535000
v 0.362349 4.621817 0.535000
v 0.378183 4.637651 0.535000
v 0.390097 4.656611 0.535000
v 0.397493 4.677748 0.535000
v 0.300000 4.700000 0.537000
v 0.300000 4.700000 0.537000
v 0.300000 4.700000 0.537000
v 0.300000 4.700000 0.537000
v 0.300000 4.700000 0.537000
v 0.300000 4.700000 0.537000
v 0.300000 4.700000 0.537000
v 0.300000 4.700000 0.537000
v 0.300000 4.700000 0.537000
v 0.300000 4.700000 0.537000
v 0.300000 4.700000 0.537000
v 0.300000 4.700000 0.537000
v 0.300000 4.700000 0.537000
v 0.300000 4.700000 0.537000
v 0.300000 4.700000 0.537000
v 0.300000 4.700000 0.537000
v 0.300000 4.700000 0.537000
v 0.300000 4.700000 0.537000
v 0.300000 4.700000 0.537000
v 0.300000 4.700000 0.537000
v 0.300000 4.700000 0.537000
v 0.300000 4.700000 0.537000
v 0.300000 4.700000 0.537000
v 0.300000 4.700000 0.537000
v 0.300000 4.700000 0.537000
v 0.300000 4.700000 0.537000
v 0.300000 4.700000 0.537000
v 0.300000 4.700000 0.537000
s 1
f 997 1025 1026
f 998 1026 1027
f 999 1027 1028
f 1000 1028 1029
f 1001 1029 1030
f 1002 1030 1031
f 1003 1031 1032
f 1004 1032 1033
f 1005 1033 1034
f 1006 1034 1035
f 1007 1035 1036
f 1008 1036 1037
f 1009 1037 1038
f 1010 1038 1039
f 1011 1039 1040
f 1012 1040 1041
f 1013 1041 1042
f 1014 1042 1043
f 1015 1043 1044
f 1016 1044 1045
f 1017 1045 1046
f 1018 1046 1047
f 1019 1047 1048
f 1020 1048 1049
f 1021 1049 1050
f 1022 1050 1051
f 1023 1051 1052
f 1024 1052 1025
f 1025 1026 1054 1053
f 1026 1027 1055 1054
f 1027 1028 1056 1055
f 1028 1029 1057 1056
f 1029 1030 1058 1057
f 1030 1031 1059 1058
f 1031 1032 1060 1059
f 1032 1033 1061 1060
f 1033 1034 1062 1061
f 1034 1035 1063 1062
f 1035 1036 1064 1063
f 1036 1037 1065 1064
f 1037 1038 1066 1065
f 1038 1039 1067 1066
f 1039 1040 1068 1067
f 1040 1041 1069 1068
f 1041 1042 1070 1069
f 1042 1043 1071 1070
f 1043 1044 1072 1071
f 1044 1045 1073 1072
f 1045 1046 1074 1073
f 1046 1047 1075 1074
f 1047 1048 1076 1075
f 1048 1049 1077 1076
f 1049 1050 1078 1077
f 1050 1051 1079 1078
f 1051 1052 1080 1079
f 1052 1025 1053 1080
f 1053 1054 1082 1081
f 1054 1055 1083 1082
f 1055 1056 1084 1083
f 1056 1057 1085 1084
f 1057 1058 1086 1085
f 1058 1059 1087 1086
f 1059 1060 1088 1087
f 1060 1061 1089 1088
f 1061 1062 1090 1089
f 1062 1063 1091 1090
f 1063 1064 1092 1091
f 1064 1065 1093 1092
f 1065 1066 1094 1093
f 1066 1067 1095 1094
f 1067 1068 1096 1095
f 1068 1069 1097 1096
f 1069 1070 1098 1097
f 1070 1071 1099 1098
f 1071 1072 1100 1099
f 1072 1073 1101 1100
f 1073 1074 1102 1101
f 1074 1075 1103 1102
f 1075 1076 1104 1103
f 1076 1077 1105 1104
f 1077 1078 1106 1105
f 1078 1079 1107 1106
f 1079 1080 1108 1107
f 1080 1053 1081 1108
f 1081 1082 1110
f 1082 1083 1111
f 1083 1084 1112
f 1084 1085 1113
f 1085 1086 1114
f 1086 1087 1115
f 1087 1088 1116
f 1088 1089 1117
f 1089 1090 1118
f 1090 1091 1119
f 1091 1092 1120
f 1092 1093 1121
f 1093 1094 1122
f 1094 1095 1123
f 1095 1096 1124
f 1096 1097 1125
f 1097 1098 1126
f 1098 1099 1127
f 1099 1100 1128
f 1100 1101 1129
f 1101 1102 1130
f 1102 1103 1131
f 1103 1104 1132
f 1104 1105 1133
f 1105 1106 1134
f 1106 1107 1135
f 1107 1108 1136
f 1108 1081 1109
o up_bowl_0
v 0.160000 4.680000 1.480000
v 0.160000 4.680000 1.480000
v 0.160000 4.680000 1.480000
v 0.160000 4.680000 1.480000
v 0.160000 4.680000 1.480000
v 0.160000 4.680000 1.480000
v 0.160000 4.680000 1.480000
v 0.160000 4.680000 1.480000
v 0.160000 4.680000 1.480000
v 0.160000 4.680000 1.480000
v 0.160000 4.680000 1.480000
v 0.160000 4.680000 1.480000
v 0.160000 4.680000 1.480000
v 0.160000 4.680000 1.480000
v 0.160000 4.680000 1.480000
v 0.160000 4.680000 1.480000
v 0.160000 4.680000 1.480000
v 0.160000 4.680000 1.480000
v 0.160000 4.680000 1.480000
v 0.160000 4.680000 1.480000
v 0.160000 4.680000 1.480000
v 0.160000 4.680000 1.480000
v 0.160000 4.680000 1.480000
v 0.160000 4.680000 1.480000
v 0.160000 4.680000 1.480000
v 0.160000 4.680000 1.480000
v 0.230000 4.680000 1.490000
v 0.227966 4.696752 1.490000
v 0.221982 4.712531 1.490000
v 0.212396 4.726418 1.490000
v 0.199765 4.737609 1.490000
v 0.184822 4.745451 1.490000
v 0.168438 4.749489 1.490000
v 0.151562 4.749489 1.490000
v 0.135178 4.745451 1.490000
v 0.120235 4.737609 1.490000
v 0.107604 4.726418 1.490000
v 0.098018 4.712531 1.490000
v 0.092034 4.696752 1.490000
v 0.090000 4.680000 1.490000
v 0.092034 4.663248 1.490000
v 0.098018 4.647469 1.490000
v 0.107604 4.633581 1.490000
v 0.120235 4.622391 1.490000
v 0.135178 4.614549 1.490000
v 0.151562 4.610510 1.490000
v 0.168438 4.610510 1.490000
v 0.184822 4.614549 1.490000
v 0.199765 4.622391 1.490000
v 0.212396 4.633581 1.490000
v 0.221982 4.647469 1.490000
v 0.227966 4.663248 1.490000
v 0.250000 4.680000 1.530000
v 0.247385 4.701538 1.530000
v 0.239691 4.721825 1.530000
v 0.227366 4.739681 1.530000
v 0.211126 4.754068 1.530000
v 0.191914 4.764151 1.530000
v 0.170848 4.769344 1.530000
v 0.149152 4.769344 1.530000
v 0.128086 4.764151 1.530000
v 0.108874 4.754068 1.530000
v 0.092634 4.739681 1.530000
v 0.080309 4.721825 1.530000
v 0.072615 4.701538 1.530000
v 0.070000 4.680000 1.530000
v 0.072615 4.658462 1.530000
v 0.080309 4.638175 1.530000
v 0.092634 4.620319 1.530000
v 0.108874 4.605931 1.530000
v 0.128086 4.595849 1.530000
v 0.149152 4.590656 1.530000
v 0.170848 4.590656 1.530000
v 0.191914 4.595849 1.530000
v 0.211126 4.605931 1.530000
v 0.227366 4.620319 1.530000
v 0.239691 4.638175 1.530000
v 0.247385 4.658462 1.530000
v 0.245000 4.680000 1.535000
v 0.242530 4.700342 1.535000
v 0.235264 4.719501 1.535000
v 0.223623 4.736365 1.535000
v 0.208285 4.749953 1.535000
v 0.190141 4.759476 1.535000
v 0.170246 4.764380 1.535000
v 0.149754 4.764380 1.535000
v 0.129859 4.759476 1.535000
v 0.111714 4.749953 1.535000
v 0.096377 4.736365 1.535000
v 0.084736 4.719501 1.535000
v 0.077470 4.700342 1.535000
v 0.075000 4.680000 1.535000
v 0.077470 4.659658 1.535000
v 0.084736 4.640498 1.535000
v 0.096377 4.623634 1.535000
v 0.111714 4.610046 1.535000
v 0.129859 4.600523 1.535000
v 0.149754 4.595620 1.535000
v 0.170246 4.595620 1.535000
v 0.190141 4.600523 1.535000
v 0.208285 4.610046 1.535000
v 0.223623 4.623634 1.535000
v 0.235264 4.640498 1.535000
v 0.242530 4.659658 1.535000
v 0.160000 4.680000 1.540000
v 0.160000 4.680000 1.540000
v 0.160000 4.680000 1.540000
v 0.160000 4.680000 1.540000
v 0.160000 4.680000 1.540000
v 0.160000 4.680000 1.540000
v 0.160000 4.680000 1.540000
v 0.160000 4.680000 1.540000
v 0.160000 4.680000 1.540000
v 0.160000 4.680000 1.540000
v 0.160000 4.680000 1.540000
v 0.160000 4.680000 1.540000
v 0.160000 4.680000 1.540000
v 0.160000 4.680000 1.540000
v 0.160000 4.680000 1.540000
v 0.160000 4.680000 1.540000
v 0.160000 4.680000 1.540000
v 0.160000 4.680000 1.540000
v 0.160000 4.680000 1.540000
v 0.160000 4.680000 1.540000
v 0.160000 4.680000 1.540000
v 0.160000 4.680000 1.540000
v 0.160000 4.680000 1.540000
v 0.160000 4.680000 1.540000
v 0.160000 4.680000 1.540000
v 0.160000 4.680000 1.540000
s 1
f 1137 1163 1164
f 1138 1164 1165
f 1139 1165 1166
f 1140 1166 1167
f 1141 1167 1168
f 1142 1168 1169
f 1143 1169 1170
f 1144 1170 1171
f 1145 1171 1172
f 1146 1172 1173
f 1147 1173 1174
f 1148 1174 1175
f 1149 1175 1176
f 1150 1176 1177
f 1151 1177 1178
f 1152 1178 1179
f 1153 1179 1180
f 1154 1180 1181
f 1155 1181 1182
f 1156 1182 1183
f 1157 1183 1184
f 1158 1184 1185
f 1159 1185 1186
f 1160 1186 1187
f 1161 1187 1188
f 1162 1188 1163
f 1163 1164 1190 1189
f 1164 1165 1191 1190
f 1165 1166 1192 1191
f 1166 1167 1193 1192
f 1167 1168 1194 1193
f 1168 1169 1195 1194
f 1169 1170 1196 1195
f 1170 1171 1197 1196
f 1171 1172 1198 1197
f 1172 1173 1199 1198
f 1173 1174 1200 1199
f 1174 1175 1201 1200
f 1175 1176 1202 1201
f 1176 1177 1203 1202
f 1177 1178 1204 1203
f 1178 1179 1205 1204
f 1179 1180 1206 1205
f 1180 1181 1207 1206
f 1181 1182 1208 1207
f 1182 1183 1209 1208
f 1183 1184 1210 1209
f 1184 1185 1211 1210
f 1185 1186 1212 1211
f 1186 1187 1213 1212
f 1187 1188 1214 1213
f 1188 1163 1189 1214
f 1189 1190 1216 1215
f 1190 1191 1217 1216
f 1191 1192 1218 1217
f 1192 1193 1219 1218
f 1193 1194 1220 1219
f 1194 1195 1221 1220
f 1195 1196 1222 1221
f 1196 1197 1223 1222
f 1197 1198 1224 1223
f 1198 1199 1225 1224
f 1199 1200 1226 1225
f 1200 1201 1227 1226
f 1201 1202 1228 1227
f 1202 1203 1229 1228
f 1203 1204 1230 1229
f 1204 1205 1231 1230
f 1205 1206 1232 1231
f 1206 1207 1233 1232
f 1207 1208 1234 1233
f 1208 1209 1235 1234
f 1209 1210 1236 1235
f 1210 1211 1237 1236
f 1211 1212 1238 1237
f 1212 1213 1239 1238
f 1213 1214 1240 1239
f 1214 1189 1215 1240
f 1215 1216 1242
f 1216 1217 1243
f 1217 1218 1244
f 1218 1219 1245
f 1219 1220 1246
f 1220 1221 1247
f 1221 1222 1248
f 1222 1223 1249
f 1223 1224 1250
f 1224 1225 1251
f 1225 1226 1252
f 1226 1227 1253
f 1227 1228 1254
f 1228 1229 1255
f 1229 1230 1256
f 1230 1231 1257
f 1231 1232 1258
f 1232 1233 1259
f 1233 1234 1260
f 1234 1235 1261
f 1235 1236 1262
f 1236 1237 1263
f 1237 1238 1264
f 1238 1239 1265
f 1239 1240 1266
f 1240 1215 1241
o up_bowl_1
v 0.160000 4.680000 1.545000
v 0.160000 4.680000 1.545000
v 0.160000 4.680000 1.545000
v 0.160000 4.680000 1.545000
v 0.160000 4.680000 1.545000
v 0.160000 4.680000 1.545000
v 0.160000 4.680000 1.545000
v 0.160000 4.680000 1.545000
v 0.160000 4.680000 1.545000
v 0.160000 4.680000 1.545000
v 0.160000 4.680000 1.545000
v 0.160000 4.680000 1.545000
v 0.160000 4.680000 1.545000
v 0.160000 4.680000 1.545000
v 0.160000 4.680000 1.545000
v 0.160000 4.680000 1.545000
v 0.160000 4.680000 1.545000
v 0.160000 4.680000 1.545000
v 0.160000 4.680000 1.545000
v 0.160000 4.680000 1.545000
v 0.160000 4.680000 1.545000
v 0.160000 4.680000 1.545000
v 0.160000 4.680000 1.545000
v 0.160000 4.680000 1.545000
v 0.160000 4.680000 1.545000
v 0.160000 4.680000 1.545000
v 0.230000 4.680000 1.555000
v 0.227966 4.696752 1.555000
v 0.221982 4.712531 1.555000
v 0.212396 4.726418 1.555000
v 0.199765 4.737609 1.555000
v 0.184822 4.745451 1.555000
v 0.168438 4.749489 1.555000
v 0.151562 4.749489 1.555000
v 0.135178 4.745451 1.555000
v 0.120235 4.737609 1.555000
v 0.107604 4.726418 1.555000
v 0.098018 4.712531 1.555000
v 0.092034 4.696752 1.555000
v 0.090000 4.680000 1.555000
v 0.092034 4.663248 1.555000
v 0.098018 4.647469 1.555000
v 0.107604 4.633581 1.555000
v 0.120235 4.622391 1.555000
v 0.135178 4.614549 1.555000
v 0.151562 4.610510 1.555000
v 0.168438 4.610510 1.555000
v 0.184822 4.614549 1.555000
v 0.199765 4.622391 1.555000
v 0.212396 4.633581 1.555000
v 0.221982 4.647469 1.555000
v 0.227966 4.663248 1.555000
v 0.250000 4.680000 1.595000
v 0.247385 4.701538 1.595000
v 0.239691 4.721825 1.595000
v 0.227366 4.739681 1.595000
v 0.211126 4.754068 1.595000
v 0.191914 4.764151 1.595000
v 0.170848 4.769344 1.595000
v 0.149152 4.769344 1.595000
v 0.128086 4.764151 1.595000
v 0.108874 4.754068 1.595000
v 0.092634 4.739681 1.595000
v 0.080309 4.721825 1.595000
v 0.072615 4.701538 1.595000
v 0.070000 4.680000 1.595000
v 0.072615 4.658462 1.595000
v 0.080309 4.638175 1.595000
v 0.092634 4.620319 1.595000
v 0.108874 4.605931 1.595000
v 0.128086 4.595849 1.595000
v 0.149152 4.590656 1.595000
v 0.170848 4.590656 1.595000
v 0.191914 4.595849 1.595000
v 0.211126 4.605931 1.595000
v 0.227366 4.620319 1.595000
v 0.239691 4.638175 1.595000
v 0.247385 4.658462 1.595000
v 0.245000 4.680000 1.600000
v 0.242530 4.700342 1.600000
v 0.235264 4.719501 1.600000
v 0.223623 4.736365 1.600000
v 0.208285 4.749953 1.600000
v 0.190141 4.759476 1.600000
v 0.170246 4.764380 1.600000
v 0.149754 4.764380 1.600000
v 0.129859 4.759476 1.600000
v 0.111714 4.749953 1.600000
v 0.096377 4.736365 1.600000
v 0.084736 4.719501 1.600000
v 0.077470 4.700342 1.600000
v 0.075000 4.680000 1.600000
v 0.077470 4.659658 1.600000
v 0.084736 4.640498 1.600000
v 0.096377 4.623634 1.600000
v 0.111714 4.610046 1.600000
v 0.129859 4.600523 1.600000
v 0.149754 4.595620 1.600000
v 0.170246 4.595620 1.600000
v 0.190141 4.600523 1.600000
v 0.208285 4.610046 1.600000
v 0.223623 4.623634 1.600000
v 0.235264 4.640498 1.600000
v 0.242530 4.659658 1.600000
v 0.160000 4.680000 1.605000
v 0.160000 4.680000 1.605000
v 0.160000 4.680000 1.605000
v 0.160000 4.680000 1.605000
v 0.160000 4.680000 1.605000
v 0.160000 4.680000 1.605000
v 0.160000 4.680000 1.605000
v 0.160000 4.680000 1.605000
v 0.160000 4.680000 1.605000
v 0.160000 4.680000 1.605000
v 0.160000 4.680000 1.605000
v 0.160000 4.680000 1.605000
v 0.160000 4.680000 1.605000
v 0.160000 4.680000 1.605000
v 0.160000 4.680000 1.605000
v 0.160000 4.680000 1.605000
v 0.160000 4.680000 1.605000
v 0.160000 4.680000 1.605000
v 0.160000 4.680000 1.605000
v 0.160000 4.680000 1.605000
v 0.160000 4.680000 1.605000
v 0.160000 4.680000 1.605000
v 0.160000 4.680000 1.605000
v 0.160000 4.680000 1.605000
v 0.160000 4.680000 1.605000
v 0.160000 4.680000 1.605000
s 1
f 1267 1293 1294
f 1268 1294 1295
f 1269 1295 1296
f 1270 1296 1297
f 1271 1297 1298
f 1272 1298 1299
f 1273 1299 1300
f 1274 1300 1301
f 1275 1301 1302
f 1276 1302 1303
f 1277 1303 1304
f 1278 1304 1305
f 1279 1305 1306
f 1280 1306 1307
f 1281 1307 1308
f 1282 1308 1309
f 1283 1309 1310
f 1284 1310 1311
f 1285 1311 1312
f 1286 1312 1313
f 1287 1313 1314
f 1288 1314 1315
f 1289 1315 1316
f 1290 1316 1317
f 1291 1317 1318
f 1292 1318 1293
f 1293 1294 1320 1319
f 1294 1295 1321 1320
f 1295 1296 1322 1321
f 1296 1297 1323 1322
f 1297 1298 1324 1323
f 1298 1299 1325 1324
f 1299 1300 1326 1325
f 1300 1301 1327 1326
f 1301 1302 1328 1327
f 1302 1303 1329 1328
f 1303 1304 1330 1329
f 1304 1305 1331 1330
f 1305 1306 1332 1331
f 1306 1307 1333 1332
f 1307 1308 1334 1333
f 1308 1309 1335 1334
f 1309 1310 1336 1335
f 1310 1311 1337 1336
f 1311 1312 1338 1337
f 1312 1313 1339 1338
f 1313 1314 1340 1339
f 1314 1315 1341 1340
f 1315 1316 1342 1341
f 1316 1317 1343 1342
f 1317 1318 1344 1343
f 1318 1293 1319 1344
f 1319 1320 1346 1345
f 1320 1321 1347 1346
f 1321 1322 1348 1347
f 1322 1323 1349 1348
f 1323 1324 1350 1349
f 1324 1325 1351 1350
f 1325 1326 1352 1351
f 1326 1327 1353 1352
f 1327 1328 1354 1353
f 1328 1329 1355 1354
f 1329 1330 1356 1355
f 1330 1331 1357 1356
f 1331 1332 1358 1357
f 1332 1333 1359 1358
f 1333 1334 1360 1359
f 1334 1335 1361 1360
f 1335 1336 1362 1361
f 1336 1337 1363 1362
f 1337 1338 1364 1363
f 1338 1339 1365 1364
f 1339 1340 1366 1365
f 1340 1341 1367 1366
f 1341 1342 1368 1367
f 1342 1343 1369 1368
f 1343 1344 1370 1369
f 1344 1319 1345 1370
f 1345 1346 1372
f 1346 1347 1373
f 1347 1348 1374
f 1348 1349 1375
f 1349 1350 1376
f 1350 1351 1377
f 1351 1352 1378
f 1352 1353 1379
f 1353 1354 1380
f 1354 1355 1381
f 1355 1356 1382
f 1356 1357 1383
f 1357 1358 1384
f 1358 1359 1385
f 1359 1360 1386
f 1360 1361 1387
f 1361 1362 1388
f 1362 1363 1389
f 1363 1364 1390
f 1364 1365 1391
f 1365 1366 1392
f 1366 1367 1393
f 1367 1368 1394
f 1368 1369 1395
f 1369 1370 1396
f 1370 1345 1371
o up_bowl_2
v 0.160000 4.680000 1.610000
v 0.160000 4.680000 1.610000
v 0.160000 4.680000 1.610000
v 0.160000 4.680000 1.610000
v 0.160000 4.680000 1.610000
v 0.160000 4.680000 1.610000
v 0.160000 4.680000 1.610000
v 0.160000 4.680000 1.610000
v 0.160000 4.680000 1.610000
v 0.160000 4.680000 1.610000
v 0.160000 4.680000 1.610000
v 0.160000 4.680000 1.610000
v 0.160000 4.680000 1.610000
v 0.160000 4.680000 1.610000
v 0.160000 4.680000 1.610000
v 0.160000 4.680000 1.610000
v 0.160000 4.680000 1.610000
v 0.160000 4.680000 1.610000
v 0.160000 4.680000 1.610000
v 0.160000 4.680000 1.610000
v 0.160000 4.680000 1.610000
v 0.160000 4.680000 1.610000
v 0.160000 4.680000 1.610000
v 0.160000 4.680000 1.610000
v 0.160000 4.680000 1.610000
v 0.160000 4.680000 1.610000
v 0.230000 4.680000 1.620000
v 0.227966 4.696752 1.620000
v 0.221982 4.712531 1.620000
v 0.212396 4.726418 1.620000
v 0.199765 4.737609 1.620000
v 0.184822 4.745451 1.620000
v 0.168438 4.749489 1.620000
v 0.151562 4.749489 1.620000
v 0.135178 4.745451 1.620000
v 0.120235 4.737609 1.620000
v 0.107604 4.726418 1.620000
v 0.098018 4.712531 1.620000
v 0.092034 4.696752 1.620000
v 0.090000 4.680000 1.620000
v 0.092034 4.663248 1.620000
v 0.098018 4.647469 1.620000
v 0.107604 4.633581 1.620000
v 0.120235 4.622391 1.620000
v 0.135178 4.614549 1.620000
v 0.151562 4.610510 1.620000
v 0.168438 4.610510 1.620000
v 0.184822 4.614549 1.620000
v 0.199765 4.622391 1.620000
v 0.212396 4.633581 1.620000
v 0.221982 4.647469 1.620000
v 0.227966 4.663248 1.620000
v 0.250000 4.680000 1.660000
v 0.247385 4.701538 1.660000
v 0.239691 4.721825 1.660000
v 0.227366 4.739681 1.660000
v 0.211126 4.754068 1.660000
v 0.191914 4.764151 1.660000
v 0.170848 4.769344 1.660000
v 0.149152 4.769344 1.660000
v 0.128086 4.764151 1.660000
v 0.108874 4.754068 1.660000
v 0.092634 4.739681 1.660000
v 0.080309 4.721825 1.660000
v 0.072615 4.701538 1.660000
v 0.070000 4.680000 1.660000
v 0.072615 4.658462 1.660000
v 0.080309 4.638175 1.660000
v 0.092634 4.620319 1.660000
v 0.108874 4.605931 1.660000
v 0.128086 4.595849 1.660000
v 0.149152 4.590656 1.660000
v 0.170848 4.590656 1.660000
v 0.191914 4.595849 1.660000
v 0.211126 4.605931 1.660000
v 0.227366 4.620319 1.660000
v 0.239691 4.638175 1.660000
v 0.247385 4.658462 1.660000
v 0.245000 4.680000 1.665000
v 0.242530 4.700342 1.665000
v 0.235264 4.719501 1.665000
v 0.223623 4.736365 1.665000
v 0.208285 4.749953 1.665000
v 0.190141 4.759476 1.665000
v 0.170246 4.764380 1.665000
v 0.149754 4.764380 1.665000
v 0.129859 4.759476 1.665000
v 0.111714 4.749953 1.665000
v 0.096377 4.736365 1.665000
v 0.084736 4.719501 1.665000
v 0.077470 4.700342 1.665000
v 0.075000 4.680000 1.665000
v 0.077470 4.659658 1.665000
v 0.084736 4.640498 1.665000
v 0.096377 4.623634 1.665000
v 0.111714 4.610046 1.665000
v 0.129859 4.600523 1.665000
v 0.149754 4.595620 1.665000
v 0.170246 4.595620 1.665000
v 0.190141 4.600523 1.665000
v 0.208285 4.610046 1.665000
v 0.223623 4.623634 1.665000
v 0.235264 4.640498 1.665000
v 0.242530 4.659658 1.665000
v 0.160000 4.680000 1.670000
v 0.160000 4.680000 1.670000
v 0.160000 4.680000 1.670000
v 0.160000 4.680000 1.670000
v 0.160000 4.680000 1.670000
v 0.160000 4.680000 1.670000
v 0.160000 4.680000 1.670000
v 0.160000 4.680000 1.670000
v 0.160000 4.680000 1.670000
v 0.160000 4.680000 1.670000
v 0.160000 4.680000 1.670000
v 0.160000 4.680000 1.670000
v 0.160000 4.680000 1.670000
v 0.160000 4.680000 1.670000
v 0.160000 4.680000 1.670000
v 0.160000 4.680000 1.670000
v 0.160000 4.680000 1.670000
v 0.160000 4.680000 1.670000
v 0.160000 4.680000 1.670000
v 0.160000 4.680000 1.670000
v 0.160000 4.680000 1.670000
v 0.160000 4.680000 1.670000
v 0.160000 4.680000 1.670000
v 0.160000 4.680000 1.670000
v 0.160000 4.680000 1.670000
v 0.160000 4.680000 1.670000
s 1
f 1397 1423 1424
f 1398 1424 1425
f 1399 1425 1426
f 1400 1426 1427
f 1401 1427 1428
f 1402 1428 1429
f 1403 1429 1430
f 1404 1430 1431
f 1405 1431 1432
f 1406 1432 1433
f 1407 1433 1434
f 1408 1434 1435
f 1409 1435 1436
f 1410 1436 1437
f 1411 1437 1438
f 1412 1438 1439
f 1413 1439 1440
f 1414 1440 1441
f 1415 1441 1442
f 1416 1442 1443
f 1417 1443 1444
f 1418 1444 1445
f 1419 1445 1446
f 1420 1446 1447
f 1421 1447 1448
f 1422 1448 1423
f 1423 1424 1450 1449
f 1424 1425 1451 1450
f 1425 1426 1452 1451
f 1426 1427 1453 1452
f 1427 1428 1454 1453
f 1428 1429 1455 1454
f 1429 1430 1456 1455
f 1430 1431 1457 1456
f 1431 1432 1458 1457
f 1432 1433 1459 1458
f 1433 1434 1460 1459
f 1434 1435 1461 1460
f 1435 1436 1462 1461
f 1436 1437 1463 1462
f 1437 1438 1464 1463
f 1438 1439 1465 1464
f 1439 1440 1466 1465
f 1440 1441 1467 1466
f 1441 1442 1468 1467
f 1442 1443 1469 1468
f 1443 1444 1470 1469
f 1444 1445 1471 1470
f 1445 1446 1472 1471
f 1446 1447 1473 1472
f 1447 1448 1474 1473
f 1448 1423 1449 1474
f 1449 1450 1476 1475
f 1450 1451 1477 1476
f 1451 1452 1478 1477
f 1452 1453 1479 1478
f 1453 1454 1480 1479
f 1454 1455 1481 1480
f 1455 1456 1482 1481
f 1456 1457 1483 1482
f 1457 1458 1484 1483
f 1458 1459 1485 1484
f 1459 1460 1486 1485
f 1460 1461 1487 1486
f 1461 1462 1488 1487
f 1462 1463 1489 1488
f 1463 1464 1490 1489
f 1464 1465 1491 1490
f 1465 1466 1492 1491
f 1466 1467 1493 1492
f 1467 1468 1494 1493
f 1468 1469 1495 1494
f 1469 1470 1496 1495
f 1470 1471 1497 1496
f 1471 1472 1498 1497
f 1472 1473 1499 1498
f 1473 1474 1500 1499
f 1474 1449 1475 1500
f 1475 1476 1502
f 1476 1477 1503
f 1477 1478 1504
f 1478 1479 1505
f 1479 1480 1506
f 1480 1481 1507
f 1481 1482 1508
f 1482 1483 1509
f 1483 1484 1510
f 1484 1485 1511
f 1485 1486 1512
f 1486 1487 1513
f 1487 1488 1514
f 1488 1489 1515
f 1489 1490 1516
f 1490 1491 1517
f 1491 1492 1518
f 1492 1493 1519
f 1493 1494 1520
f 1494 1495 1521
f 1495 1496 1522
f 1496 1497 1523
f 1497 1498 1524
f 1498 1499 1525
f 1499 1500 1526
f 1500 1475 1501
o bowl_cereal
v 2.120000 4.580000 0.900000
v 2.120000 4.580000 0.900000
v 2.120000 4.580000 0.900000
v 2.120000 4.580000 0.900000
v 2.120000 4.580000 0.900000
v 2.120000 4.580000 0.900000
v 2.120000 4.580000 0.900000
v 2.120000 4.580000 0.900000
v 2.120000 4.580000 0.900000
v 2.120000 4.580000 0.900000
v 2.120000 4.580000 0.900000
v 2.120000 4.580000 0.900000
v 2.120000 4.580000 0.900000
v 2.120000 4.580000 0.900000
v 2.120000 4.580000 0.900000
v 2.120000 4.580000 0.900000
v 2.120000 4.580000 0.900000
v 2.120000 4.580000 0.900000
v 2.120000 4.580000 0.900000
v 2.120000 4.580000 0.900000
v 2.120000 4.580000 0.900000
v 2.120000 4.580000 0.900000
v 2.120000 4.580000 0.900000
v 2.120000 4.580000 0.900000
v 2.120000 4.580000 0.900000
v 2.120000 4.580000 0.900000
v 2.120000 4.580000 0.900000
v 2.120000 4.580000 0.900000
v 2.120000 4.580000 0.900000
v 2.120000 4.580000 0.900000
v 2.120000 4.580000 0.900000
v 2.120000 4.580000 0.900000
v 2.120000 4.580000 0.900000
v 2.120000 4.580000 0.900000
v 2.120000 4.580000 0.900000
v 2.120000 4.580000 0.900000
v 2.182000 4.580000 0.902000
v 2.181058 4.590766 0.902000
v 2.178261 4.601205 0.902000
v 2.173693 4.611000 0.902000
v 2.167495 4.619853 0.902000
v 2.159853 4.627495 0.902000
v 2.151000 4.633694 0.902000
v 2.141205 4.638261 0.902000
v 2.130766 4.641058 0.902000
v 2.120000 4.642000 0.902000
v 2.109234 4.641058 0.902000
v 2.098795 4.638261 0.902000
v 2.089000 4.633694 0.902000
v 2.080147 4.627495 0.902000
v 2.072505 4.619853 0.902000
v 2.066306 4.611000 0.902000
v 2.061739 4.601205 0.902000
v 2.058942 4.590766 0.902000
v 2.058000 4.580000 0.902000
v 2.058942 4.569234 0.902000
v 2.061739 4.558794 0.902000
v 2.066306 4.549000 0.902000
v 2.072505 4.540147 0.902000
v 2.080147 4.532505 0.902000
v 2.089000 4.526306 0.902000
v 2.098795 4.521739 0.902000
v 2.109234 4.518942 0.902000
v 2.120000 4.518000 0.902000
v 2.130766 4.518942 0.902000
v 2.141205 4.521739 0.902000
v 2.151000 4.526306 0.902000
v 2.159853 4.532505 0.902000
v 2.167495 4.540147 0.902000
v 2.173693 4.549000 0.902000
v 2.178261 4.558794 0.902000
v 2.181058 4.569234 0.902000
v 2.190000 4.580000 0.912000
v 2.188936 4.592155 0.912000
v 2.185778 4.603941 0.912000
v 2.180622 4.615000 0.912000
v 2.173623 4.624995 0.912000
v 2.164995 4.633623 0.912000
v 2.155000 4.640622 0.912000
v 2.143941 4.645778 0.912000
v 2.132155 4.648936 0.912000
v 2.120000 4.650000 0.912000
v 2.107845 4.648936 0.912000
v 2.096058 4.645778 0.912000
v 2.085000 4.640622 0.912000
v 2.075005 4.633623 0.912000
v 2.066377 4.624995 0.912000
v 2.059378 4.615000 0.912000
v 2.054221 4.603941 0.912000
v 2.051063 4.592155 0.912000
v 2.050000 4.580000 0.912000
v 2.051063 4.567844 0.912000
v 2.054221 4.556058 0.912000
v 2.059378 4.545000 0.912000
v 2.066377 4.535005 0.912000
v 2.075005 4.526377 0.912000
v 2.085000 4.519378 0.912000
v 2.096058 4.514222 0.912000
v 2.107845 4.511064 0.912000
v 2.120000 4.510000 0.912000
v 2.132155 4.511064 0.912000
v 2.143941 4.514222 0.912000
v 2.155000 4.519378 0.912000
v 2.164995 4.526377 0.912000
v 2.173623 4.535005 0.912000
v 2.180622 4.545000 0.912000
v 2.185778 4.556058 0.912000
v 2.188936 4.567844 0.912000
v 2.215000 4.580000 0.962000
v 2.213557 4.596497 0.962000
v 2.209271 4.612492 0.962000
v 2.202272 4.627500 0.962000
v 2.192774 4.641065 0.962000
v 2.181065 4.652774 0.962000
v 2.167500 4.662272 0.962000
v 2.152492 4.669271 0.962000
v 2.136497 4.673557 0.962000
v 2.120000 4.675000 0.962000
v 2.103503 4.673557 0.962000
v 2.087508 4.669271 0.962000
v 2.072500 4.662272 0.962000
v 2.058935 4.652774 0.962000
v 2.047226 4.641065 0.962000
v 2.037727 4.627500 0.962000
v 2.030729 4.612492 0.962000
v 2.026443 4.596497 0.962000
v 2.025000 4.580000 0.962000
v 2.026443 4.563503 0.962000
v 2.030729 4.547508 0.962000
v 2.037727 4.532500 0.962000
v 2.047226 4.518935 0.962000
v 2.058935 4.507226 0.962000
v 2.072500 4.497727 0.962000
v 2.087508 4.490729 0.962000
v 2.103503 4.486443 0.962000
v 2.120000 4.485000 0.962000
v 2.136497 4.486443 0.962000
v 2.152492 4.490729 0.962000
v 2.167500 4.497727 0.962000
v 2.181065 4.507226 0.962000
v 2.192774 4.518935 0.962000
v 2.202272 4.532500 0.962000
v 2.209271 4.547508 0.962000
v 2.213557 4.563503 0.962000
v 2.218000 4.580000 0.970000
v 2.216511 4.597017 0.970000
v 2.212090 4.613518 0.970000
v 2.204870 4.629000 0.970000
v 2.195072 4.642993 0.970000
v 2.182993 4.655072 0.970000
v 2.169000 4.664870 0.970000
v 2.153518 4.672090 0.970000
v 2.137017 4.676511 0.970000
v 2.120000 4.678000 0.970000
v 2.102982 4.676511 0.970000
v 2.086482 4.672090 0.970000
v 2.071000 4.664870 0.970000
v 2.057007 4.655072 0.970000
v 2.044928 4.642993 0.970000
v 2.035129 4.629000 0.970000
v 2.027910 4.613518 0.970000
v 2.023489 4.597017 0.970000
v 2.022000 4.580000 0.970000
v 2.023489 4.562983 0.970000
v 2.027910 4.546482 0.970000
v 2.035129 4.531000 0.970000
v 2.044928 4.517007 0.970000
v 2.057007 4.504928 0.970000
v 2.071000 4.495130 0.970000
v 2.086482 4.487910 0.970000
v 2.102982 4.483489 0.970000
v 2.120000 4.482000 0.970000
v 2.137017 4.483489 0.970000
v 2.153518 4.487910 0.970000
v 2.169000 4.495130 0.970000
v 2.182993 4.504928 0.970000
v 2.195072 4.517007 0.970000
v 2.204870 4.531000 0.970000
v 2.212090 4.546482 0.970000
v 2.216511 4.562983 0.970000
v 2.212000 4.580000 0.972000
v 2.210602 4.595975 0.972000
v 2.206452 4.611466 0.972000
v 2.199674 4.626000 0.972000
v 2.190476 4.639136 0.972000
v 2.179136 4.650476 0.972000
v 2.166000 4.659674 0.972000
v 2.151466 4.666451 0.972000
v 2.135976 4.670602 0.972000
v 2.120000 4.672000 0.972000
v 2.104024 4.670602 0.972000
v 2.088534 4.666451 0.972000
v 2.074000 4.659674 0.972000
v 2.060863 4.650476 0.972000
v 2.049524 4.639136 0.972000
v 2.040326 4.626000 0.972000
v 2.033548 4.611466 0.972000
v 2.029397 4.595975 0.972000
v 2.028000 4.580000 0.972000
v 2.029397 4.564024 0.972000
v 2.033548 4.548534 0.972000
v 2.040326 4.534000 0.972000
v 2.049524 4.520864 0.972000
v 2.060863 4.509524 0.972000
v 2.074000 4.500326 0.972000
v 2.088534 4.493548 0.972000
v 2.104024 4.489398 0.972000
v 2.120000 4.488000 0.972000
v 2.135976 4.489398 0.972000
v 2.151466 4.493548 0.972000
v 2.166000 4.500326 0.972000
v 2.179136 4.509524 0.972000
v 2.190476 4.520864 0.972000
v 2.199674 4.534000 0.972000
v 2.206452 4.548534 0.972000
v 2.210602 4.564024 0.972000
v 2.186000 4.580000 0.920000
v 2.184997 4.591461 0.920000
v 2.182020 4.602573 0.920000
v 2.177158 4.613000 0.920000
v 2.170559 4.622424 0.920000
v 2.162424 4.630559 0.920000
v 2.153000 4.637157 0.920000
v 2.142573 4.642020 0.920000
v 2.131461 4.644997 0.920000
v 2.120000 4.646000 0.920000
v 2.108539 4.644997 0.920000
v 2.097427 4.642020 0.920000
v 2.087000 4.637157 0.920000
v 2.077576 4.630559 0.920000
v 2.069441 4.622424 0.920000
v 2.062842 4.613000 0.920000
v 2.057980 4.602573 0.920000
v 2.055003 4.591461 0.920000
v 2.054000 4.580000 0.920000
v 2.055003 4.568539 0.920000
v 2.057980 4.557426 0.920000
v 2.062842 4.547000 0.920000
v 2.069441 4.537576 0.920000
v 2.077576 4.529441 0.920000
v 2.087000 4.522842 0.920000
v 2.097427 4.517980 0.920000
v 2.108539 4.515003 0.920000
v 2.120000 4.514000 0.920000
v 2.131461 4.515003 0.920000
v 2.142573 4.517980 0.920000
v 2.153000 4.522842 0.920000
v 2.162424 4.529441 0.920000
v 2.170559 4.537576 0.920000
v 2.177158 4.547000 0.920000
v 2.182020 4.557426 0.920000
v 2.184997 4.568539 0.920000
v 2.172000 4.580000 0.910000
v 2.171210 4.589030 0.910000
v 2.168864 4.597785 0.910000
v 2.165033 4.606000 0.910000
v 2.159834 4.613425 0.910000
v 2.153425 4.619834 0.910000
v 2.146000 4.625033 0.910000
v 2.137785 4.628864 0.910000
v 2.129030 4.631210 0.910000
v 2.120000 4.632000 0.910000
v 2.110970 4.631210 0.910000
v 2.102215 4.628864 0.910000
v 2.094000 4.625033 0.910000
v 2.086575 4.619834 0.910000
v 2.080166 4.613425 0.910000
v 2.074967 4.606000 0.910000
v 2.071136 4.597785 0.910000
v 2.068790 4.589030 0.910000
v 2.068000 4.580000 0.910000
v 2.068790 4.570970 0.910000
v 2.071136 4.562215 0.910000
v 2.074967 4.554000 0.910000
v 2.080166 4.546575 0.910000
v 2.086575 4.540165 0.910000
v 2.094000 4.534966 0.910000
v 2.102215 4.531136 0.910000
v 2.110970 4.528790 0.910000
v 2.120000 4.528000 0.910000
v 2.129030 4.528790 0.910000
v 2.137785 4.531136 0.910000
v 2.146000 4.534966 0.910000
v 2.153425 4.540165 0.910000
v 2.159834 4.546575 0.910000
v 2.165033 4.554000 0.910000
v 2.168864 4.562215 0.910000
v 2.171210 4.570970 0.910000
v 2.120000 4.580000 0.908000
v 2.120000 4.580000 0.908000
v 2.120000 4.580000 0.908000
v 2.120000 4.580000 0.908000
v 2.120000 4.580000 0.908000
v 2.120000 4.580000 0.908000
v 2.120000 4.580000 0.908000
v 2.120000 4.580000 0.908000
v 2.120000 4.580000 0.908000
v 2.120000 4.580000 0.908000
v 2.120000 4.580000 0.908000
v 2.120000 4.580000 0.908000
v 2.120000 4.580000 0.908000
v 2.120000 4.580000 0.908000
v 2.120000 4.580000 0.908000
v 2.120000 4.580000 0.908000
v 2.120000 4.580000 0.908000
v 2.120000 4.580000 0.908000
v 2.120000 4.580000 0.908000
v 2.120000 4.580000 0.908000
v 2.120000 4.580000 0.908000
v 2.120000 4.580000 0.908000
v 2.120000 4.580000 0.908000
v 2.120000 4.580000 0.908000
v 2.120000 4.580000 0.908000
v 2.120000 4.580000 0.908000
v 2.120000 4.580000 0.908000
v 2.120000 4.580000 0.908000
v 2.120000 4.580000 0.908000
v 2.120000 4.580000 0.908000
v 2.120000 4.580000 0.908000
v 2.120000 4.580000 0.908000
v 2.120000 4.580000 0.908000
v 2.120000 4.580000 0.908000
v 2.120000 4.580000 0.908000
v 2.120000 4.580000 0.908000
s 1
f 1527 1563 1564
f 1528 1564 1565
f 1529 1565 1566
f 1530 1566 1567
f 1531 1567 1568
f 1532 1568 1569
f 1533 1569 1570
f 1534 1570 1571
f 1535 1571 1572
f 1536 1572 1573
f 1537 1573 1574
f 1538 1574 1575
f 1539 1575 1576
f 1540 1576 1577
f 1541 1577 1578
f 1542 1578 1579
f 1543 1579 1580
f 1544 1580 1581
f 1545 1581 1582
f 1546 1582 1583
f 1547 1583 1584
f 1548 1584 1585
f 1549 1585 1586
f 1550 1586 1587
f 1551 1587 1588
f 1552 1588 1589
f 1553 1589 1590
f 1554 1590 1591
f 1555 1591 1592
f 1556 1592 1593
f 1557 1593 1594
f 1558 1594 1595
f 1559 1595 1596
f 1560 1596 1597
f 1561 1597 1598
f 1562 1598 1563
f 1563 1564 1600 1599
f 1564 1565 1601 1600
f 1565 1566 1602 1601
f 1566 1567 1603 1602
f 1567 1568 1604 1603
f 1568 1569 1605 1604
f 1569 1570 1606 1605
f 1570 1571 1607 1606
f 1571 1572 1608 1607
f 1572 1573 1609 1608
f 1573 1574 1610 1609
f 1574 1575 1611 1610
f 1575 1576 1612 1611
f 1576 1577 1613 1612
f 1577 1578 1614 1613
f 1578 1579 1615 1614
f 1579 1580 1616 1615
f 1580 1581 1617 1616
f 1581 1582 1618 1617
f 1582 1583 1619 1618
f 1583 1584 1620 1619
f 1584 1585 1621 1620
f 1585 1586 1622 1621
f 1586 1587 1623 1622
f 1587 1588 1624 1623
f 1588 1589 1625 1624
f 1589 1590 1626 1625
f 1590 1591 1627 1626
f 1591 1592 1628 1627
f 1592 1593 1629 1628
f 1593 1594 1630 1629
f 1594 1595 1631 1630
f 1595 1596 1632 1631
f 1596 1597 1633 1632
f 1597 1598 1634 1633
f 1598 1563 1599 1634
f 1599 1600 1636 1635
f 1600 1601 1637 1636
f 1601 1602 1638 1637
f 1602 1603 1639 1638
f 1603 1604 1640 1639
f 1604 1605 1641 1640
f 1605 1606 1642 1641
f 1606 1607 1643 1642
f 1607 1608 1644 1643
f 1608 1609 1645 1644
f 1609 1610 1646 1645
f 1610 1611 1647 1646
f 1611 1612 1648 1647
f 1612 1613 1649 1648
f 1613 1614 1650 1649
f 1614 1615 1651 1650
f 1615 1616 1652 1651
f 1616 1617 1653 1652
f 1617 1618 1654 1653
f 1618 1619 1655 1654
f 1619 1620 1656 1655
f 1620 1621 1657 1656
f 1621 1622 1658 1657
f 1622 1623 1659 1658
f 1623 1624 1660 1659
f 1624 1625 1661 1660
f 1625 1626 1662 1661
f 1626 1627 1663 1662
f 1627 1628 1664 1663
f 1628 1629 1665 1664
f 1629 1630 1666 1665
f 1630 1631 1667 1666
f 1631 1632 1668 1667
f 1632 1633 1669 1668
f 1633 1634 1670 1669
f 1634 1599 1635 1670
f 1635 1636 1672 1671
f 1636 1637 1673 1672
f 1637 1638 1674 1673
f 1638 1639 1675 1674
f 1639 1640 1676 1675
f 1640 1641 1677 1676
f 1641 1642 1678 1677
f 1642 1643 1679 1678
f 1643 1644 1680 1679
f 1644 1645 1681 1680
f 1645 1646 1682 1681
f 1646 1647 1683 1682
f 1647 1648 1684 1683
f 1648 1649 1685 1684
f 1649 1650 1686 1685
f 1650 1651 1687 1686
f 1651 1652 1688 1687
f 1652 1653 1689 1688
f 1653 1654 1690 1689
f 1654 1655 1691 1690
f 1655 1656 1692 1691
f 1656 1657 1693 1692
f 1657 1658 1694 1693
f 1658 1659 1695 1694
f 1659 1660 1696 1695
f 1660 1661 1697 1696
f 1661 1662 1698 1697
f 1662 1663 1699 1698
f 1663 1664 1700 1699
f 1664 1665 1701 1700
f 1665 1666 1702 1701
f 1666 1667 1703 1702
f 1667 1668 1704 1703
f 1668 1669 1705 1704
f 1669 1670 1706 1705
f 1670 1635 1671 1706
f 1671 1672 1708 1707
f 1672 1673 1709 1708
f 1673 1674 1710 1709
f 1674 1675 1711 1710
f 1675 1676 1712 1711
f 1676 1677 1713 1712
f 1677 1678 1714 1713
f 1678 1679 1715 1714
f 1679 1680 1716 1715
f 1680 1681 1717 1716
f 1681 1682 1718 1717
f 1682 1683 1719 1718
f 1683 1684 1720 1719
f 1684 1685 1721 1720
f 1685 1686 1722 1721
f 1686 1687 1723 1722
f 1687 1688 1724 1723
f 1688 1689 1725 1724
f 1689 1690 1726 1725
f 1690 1691 1727 1726
f 1691 1692 1728 1727
f 1692 1693 1729 1728
f 1693 1694 1730 1729
f 1694 1695 1731 1730
f 1695 1696 1732 1731
f 1696 1697 1733 1732
f 1697 1698 1734 1733
f 1698 1699 1735 1734
f 1699 1700 1736 1735
f 1700 1701 1737 1736
f 1701 1702 1738 1737
f 1702 1703 1739 1738
f 1703 1704 1740 1739
f 1704 1705 1741 1740
f 1705 1706 1742 1741
f 1706 1671 1707 1742
f 1707 1708 1744 1743
f 1708 1709 1745 1744
f 1709 1710 1746 1745
f 1710 1711 1747 1746
f 1711 1712 1748 1747
f 1712 1713 1749 1748
f 1713 1714 1750 1749
f 1714 1715 1751 1750
f 1715 1716 1752 1751
f 1716 1717 1753 1752
f 1717 1718 1754 1753
f 1718 1719 1755 1754
f 1719 1720 1756 1755
f 1720 1721 1757 1756
f 1721 1722 1758 1757
f 1722 1723 1759 1758
f 1723 1724 1760 1759
f 1724 1725 1761 1760
f 1725 1726 1762 1761
f 1726 1727 1763 1762
f 1727 1728 1764 1763
f 1728 1729 1765 1764
f 1729 1730 1766 1765
f 1730 1731 1767 1766
f 1731 1732 1768 1767
f 1732 1733 1769 1768
f 1733 1734 1770 1769
f 1734 1735 1771 1770
f 1735 1736 1772 1771
f 1736 1737 1773 1772
f 1737 1738 1774 1773
f 1738 1739 1775 1774
f 1739 1740 1776 1775
f 1740 1741 1777 1776
f 1741 1742 1778 1777
f 1742 1707 1743 1778
f 1743 1744 1780 1779
f 1744 1745 1781 1780
f 1745 1746 1782 1781
f 1746 1747 1783 1782
f 1747 1748 1784 1783
f 1748 1749 1785 1784
f 1749 1750 1786 1785
f 1750 1751 1787 1786
f 1751 1752 1788 1787
f 1752 1753 1789 1788
f 1753 1754 1790 1789
f 1754 1755 1791 1790
f 1755 1756 1792 1791
f 1756 1757 1793 1792
f 1757 1758 1794 1793
f 1758 1759 1795 1794
f 1759 1760 1796 1795
f 1760 1761 1797 1796
f 1761 1762 1798 1797
f 1762 1763 1799 1798
f 1763 1764 1800 1799
f 1764 1765 1801 1800
f 1765 1766 1802 1801
f 1766 1767 1803 1802
f 1767 1768 1804 1803
f 1768 1769 1805 1804
f 1769 1770 1806 1805
f 1770 1771 1807 1806
f 1771 1772 1808 1807
f 1772 1773 1809 1808
f 1773 1774 1810 1809
f 1774 1775 1811 1810
f 1775 1776 1812 1811
f 1776 1777 1813 1812
f 1777 1778 1814 1813
f 1778 1743 1779 1814
f 1779 1780 1816
f 1780 1781 1817
f 1781 1782 1818
f 1782 1783 1819
f 1783 1784 1820
f 1784 1785 1821
f 1785 1786 1822
f 1786 1787 1823
f 1787 1788 1824
f 1788 1789 1825
f 1789 1790 1826
f 1790 1791 1827
f 1791 1792 1828
f 1792 1793 1829
f 1793 1794 1830
f 1794 1795 1831
f 1795 1796 1832
f 1796 1797 1833
f 1797 1798 1834
f 1798 1799 1835
f 1799 1800 1836
f 1800 1801 1837
f 1801 1802 1838
f 1802 1803 1839
f 1803 1804 1840
f 1804 1805 1841
f 1805 1806 1842
f 1806 1807 1843
f 1807 1808 1844
f 1808 1809 1845
f 1809 1810 1846
f 1810 1811 1847
f 1811 1812 1848
f 1812 1813 1849
f 1813 1814 1850
f 1814 1779 1815
o mug_coffee_body
v 2.340000 3.780000 0.907000
v 2.340000 3.780000 0.907000
v 2.340000 3.780000 0.907000
v 2.340000 3.780000 0.907000
v 2.340000 3.780000 0.907000
v 2.340000 3.780000 0.907000
v 2.340000 3.780000 0.907000
v 2.340000 3.780000 0.907000
v 2.340000 3.780000 0.907000
v 2.340000 3.780000 0.907000
v 2.340000 3.780000 0.907000
v 2.340000 3.780000 0.907000
v 2.340000 3.780000 0.907000
v 2.340000 3.780000 0.907000
v 2.340000 3.780000 0.907000
v 2.340000 3.780000 0.907000
v 2.340000 3.780000 0.907000
v 2.340000 3.780000 0.907000
v 2.340000 3.780000 0.907000
v 2.340000 3.780000 0.907000
v 2.340000 3.780000 0.907000
v 2.340000 3.780000 0.907000
v 2.340000 3.780000 0.907000
v 2.340000 3.780000 0.907000
v 2.340000 3.780000 0.907000
v 2.340000 3.780000 0.907000
v 2.340000 3.780000 0.907000
v 2.340000 3.780000 0.907000
v 2.340000 3.780000 0.907000
v 2.340000 3.780000 0.907000
v 2.340000 3.780000 0.907000
v 2.340000 3.780000 0.907000
v 2.372627 3.795214 0.909000
v 2.369032 3.801287 0.909000
v 2.364321 3.806542 0.909000
v 2.358676 3.810777 0.909000
v 2.352313 3.813829 0.909000
v 2.345476 3.815581 0.909000
v 2.338430 3.815966 0.909000
v 2.331443 3.814968 0.909000
v 2.324786 3.812627 0.909000
v 2.318713 3.809032 0.909000
v 2.313458 3.804321 0.909000
v 2.309223 3.798676 0.909000
v 2.306171 3.792313 0.909000
v 2.304419 3.785476 0.909000
v 2.304034 3.778430 0.909000
v 2.305032 3.771443 0.909000
v 2.307373 3.764786 0.909000
v 2.310968 3.758713 0.909000
v 2.315679 3.753458 0.909000
v 2.321324 3.749223 0.909000
v 2.327687 3.746171 0.909000
v 2.334523 3.744419 0.909000
v 2.341570 3.744034 0.909000
v 2.348557 3.745032 0.909000
v 2.355214 3.747373 0.909000
v 2.361287 3.750968 0.909000
v 2.366542 3.755679 0.909000
v 2.370777 3.761324 0.909000
v 2.373829 3.767687 0.909000
v 2.375581 3.774523 0.909000
v 2.375966 3.781570 0.909000
v 2.374968 3.788557 0.909000
v 2.376252 3.796905 0.925000
v 2.372258 3.803652 0.925000
v 2.367023 3.809491 0.925000
v 2.360751 3.814196 0.925000
v 2.353681 3.817588 0.925000
v 2.346085 3.819535 0.925000
v 2.338255 3.819962 0.925000
v 2.330492 3.818854 0.925000
v 2.323095 3.816252 0.925000
v 2.316348 3.812258 0.925000
v 2.310509 3.807024 0.925000
v 2.305804 3.800751 0.925000
v 2.302412 3.793681 0.925000
v 2.300465 3.786085 0.925000
v 2.300038 3.778255 0.925000
v 2.301146 3.770493 0.925000
v 2.303748 3.763095 0.925000
v 2.307742 3.756348 0.925000
v 2.312976 3.750509 0.925000
v 2.319249 3.745804 0.925000
v 2.326319 3.742412 0.925000
v 2.333915 3.740465 0.925000
v 2.341745 3.740038 0.925000
v 2.349507 3.741146 0.925000
v 2.356905 3.743748 0.925000
v 2.363652 3.747742 0.925000
v 2.369491 3.752976 0.925000
v 2.374196 3.759249 0.925000
v 2.377588 3.766319 0.925000
v 2.379534 3.773915 0.925000
v 2.379962 3.781745 0.925000
v 2.378854 3.789507 0.925000
v 2.376252 3.796905 0.995000
v 2.372258 3.803652 0.995000
v 2.367023 3.809491 0.995000
v 2.360751 3.814196 0.995000
v 2.353681 3.817588 0.995000
v 2.346085 3.819535 0.995000
v 2.338255 3.819962 0.995000
v 2.330492 3.818854 0.995000
v 2.323095 3.816252 0.995000
v 2.316348 3.812258 0.995000
v 2.310509 3.807024 0.995000
v 2.305804 3.800751 0.995000
v 2.302412 3.793681 0.995000
v 2.300465 3.786085 0.995000
v 2.300038 3.778255 0.995000
v 2.301146 3.770493 0.995000
v 2.303748 3.763095 0.995000
v 2.307742 3.756348 0.995000
v 2.312976 3.750509 0.995000
v 2.319249 3.745804 0.995000
v 2.326319 3.742412 0.995000
v 2.333915 3.740465 0.995000
v 2.341745 3.740038 0.995000
v 2.349507 3.741146 0.995000
v 2.356905 3.743748 0.995000
v 2.363652 3.747742 0.995000
v 2.369491 3.752976 0.995000
v 2.374196 3.759249 0.995000
v 2.377588 3.766319 0.995000
v 2.379534 3.773915 0.995000
v 2.379962 3.781745 0.995000
v 2.378854 3.789507 0.995000
v 2.373533 3.795637 0.999000
v 2.369838 3.801878 0.999000
v 2.364997 3.807279 0.999000
v 2.359195 3.811632 0.999000
v 2.352655 3.814769 0.999000
v 2.345628 3.816569 0.999000
v 2.338386 3.816965 0.999000
v 2.331206 3.815940 0.999000
v 2.324363 3.813533 0.999000
v 2.318121 3.809839 0.999000
v 2.312721 3.804997 0.999000
v 2.308368 3.799195 0.999000
v 2.305231 3.792655 0.999000
v 2.303431 3.785629 0.999000
v 2.303035 3.778386 0.999000
v 2.304060 3.771206 0.999000
v 2.306467 3.764363 0.999000
v 2.310161 3.758121 0.999000
v 2.315003 3.752721 0.999000
v 2.320805 3.748368 0.999000
v 2.327345 3.745231 0.999000
v 2.334371 3.743431 0.999000
v 2.341614 3.743035 0.999000
v 2.348794 3.744060 0.999000
v 2.355637 3.746467 0.999000
v 2.361878 3.750161 0.999000
v 2.367279 3.755003 0.999000
v 2.371632 3.760805 0.999000
v 2.374768 3.767345 0.999000
v 2.376569 3.774371 0.999000
v 2.376965 3.781614 0.999000
v 2.375940 3.788794 0.999000
v 2.370814 3.794369 0.999000
v 2.367419 3.800105 0.999000
v 2.362970 3.805067 0.999000
v 2.357638 3.809067 0.999000
v 2.351629 3.811949 0.999000
v 2.345172 3.813604 0.999000
v 2.338517 3.813968 0.999000
v 2.331918 3.813026 0.999000
v 2.325631 3.810814 0.999000
v 2.319895 3.807419 0.999000
v 2.314933 3.802970 0.999000
v 2.310933 3.797638 0.999000
v 2.308050 3.791629 0.999000
v 2.306396 3.785172 0.999000
v 2.306032 3.778517 0.999000
v 2.306974 3.771919 0.999000
v 2.309186 3.765631 0.999000
v 2.312581 3.759895 0.999000
v 2.317030 3.754933 0.999000
v 2.322362 3.750933 0.999000
v 2.328371 3.748050 0.999000
v 2.334828 3.746396 0.999000
v 2.341483 3.746032 0.999000
v 2.348081 3.746974 0.999000
v 2.354369 3.749186 0.999000
v 2.360105 3.752581 0.999000
v 2.365067 3.757030 0.999000
v 2.369067 3.762362 0.999000
v 2.371949 3.768371 0.999000
v 2.373604 3.774828 0.999000
v 2.373968 3.781483 0.999000
v 2.373026 3.788081 0.999000
v 2.370814 3.794369 0.925000
v 2.367419 3.800105 0.925000
v 2.362970 3.805067 0.925000
v 2.357638 3.809067 0.925000
v 2.351629 3.811949 0.925000
v 2.345172 3.813604 0.925000
v 2.338517 3.813968 0.925000
v 2.331918 3.813026 0.925000
v 2.325631 3.810814 0.925000
v 2.319895 3.807419 0.925000
v 2.314933 3.802970 0.925000
v 2.310933 3.797638 0.925000
v 2.308050 3.791629 0.925000
v 2.306396 3.785172 0.925000
v 2.306032 3.778517 0.925000
v 2.306974 3.771919 0.925000
v 2.309186 3.765631 0.925000
v 2.312581 3.759895 0.925000
v 2.317030 3.754933 0.925000
v 2.322362 3.750933 0.925000
v 2.328371 3.748050 0.925000
v 2.334828 3.746396 0.925000
v 2.341483 3.746032 0.925000
v 2.348081 3.746974 0.925000
v 2.354369 3.749186 0.925000
v 2.360105 3.752581 0.925000
v 2.365067 3.757030 0.925000
v 2.369067 3.762362 0.925000
v 2.371949 3.768371 0.925000
v 2.373604 3.774828 0.925000
v 2.373968 3.781483 0.925000
v 2.373026 3.788081 0.925000
v 2.340000 3.780000 0.917000
v 2.340000 3.780000 0.917000
v 2.340000 3.780000 0.917000
v 2.340000 3.780000 0.917000
v 2.340000 3.780000 0.917000
v 2.340000 3.780000 0.917000
v 2.340000 3.780000 0.917000
v 2.340000 3.780000 0.917000
v 2.340000 3.780000 0.917000
v 2.340000 3.780000 0.917000
v 2.340000 3.780000 0.917000
v 2.340000 3.780000 0.917000
v 2.340000 3.780000 0.917000
v 2.340000 3.780000 0.917000
v 2.340000 3.780000 0.917000
v 2.340000 3.780000 0.917000
v 2.340000 3.780000 0.917000
v 2.340000 3.780000 0.917000
v 2.340000 3.780000 0.917000
v 2.340000 3.780000 0.917000
v 2.340000 3.780000 0.917000
v 2.340000 3.780000 0.917000
v 2.340000 3.780000 0.917000
v 2.340000 3.780000 0.917000
v 2.340000 3.780000 0.917000
v 2.340000 3.780000 0.917000
v 2.340000 3.780000 0.917000
v 2.340000 3.780000 0.917000
v 2.340000 3.780000 0.917000
v 2.340000 3.780000 0.917000
v 2.340000 3.780000 0.917000
v 2.340000 3.780000 0.917000
s 1
f 1851 1883 1884
f 1852 1884 1885
f 1853 1885 1886
f 1854 1886 1887
f 1855 1887 1888
f 1856 1888 1889
f 1857 1889 1890
f 1858 1890 1891
f 1859 1891 1892
f 1860 1892 1893
f 1861 1893 1894
f 1862 1894 1895
f 1863 1895 1896
f 1864 1896 1897
f 1865 1897 1898
f 1866 1898 1899
f 1867 1899 1900
f 1868 1900 1901
f 1869 1901 1902
f 1870 1902 1903
f 1871 1903 1904
f 1872 1904 1905
f 1873 1905 1906
f 1874 1906 1907
f 1875 1907 1908
f 1876 1908 1909
f 1877 1909 1910
f 1878 1910 1911
f 1879 1911 1912
f 1880 1912 1913
f 1881 1913 1914
f 1882 1914 1883
f 1883 1884 1916 1915
f 1884 1885 1917 1916
f 1885 1886 1918 1917
f 1886 1887 1919 1918
f 1887 1888 1920 1919
f 1888 1889 1921 1920
f 1889 1890 1922 1921
f 1890 1891 1923 1922
f 1891 1892 1924 1923
f 1892 1893 1925 1924
f 1893 1894 1926 1925
f 1894 1895 1927 1926
f 1895 1896 1928 1927
f 1896 1897 1929 1928
f 1897 1898 1930 1929
f 1898 1899 1931 1930
f 1899 1900 1932 1931
f 1900 1901 1933 1932
f 1901 1902 1934 1933
f 1902 1903 1935 1934
f 1903 1904 1936 1935
f 1904 1905 1937 1936
f 1905 1906 1938 1937
f 1906 1907 1939 1938
f 1907 1908 1940 1939
f 1908 1909 1941 1940
f 1909 1910 1942 1941
f 1910 1911 1943 1942
f 1911 1912 1944 1943
f 1912 1913 1945 1944
f 1913 1914 1946 1945
f 1914 1883 1915 1946
f 1915 1916 1948 1947
f 1916 1917 1949 1948
f 1917 1918 1950 1949
f 1918 1919 1951 1950
f 1919 1920 1952 1951
f 1920 1921 1953 1952
f 1921 1922 1954 1953
f 1922 1923 1955 1954
f 1923 1924 1956 1955
f 1924 1925 1957 1956
f 1925 1926 1958 1957
f 1926 1927 1959 1958
f 1927 1928 1960 1959
f 1928 1929 1961 1960
f 1929 1930 1962 1961
f 1930 1931 1963 1962
f 1931 1932 1964 1963
f 1932 1933 1965 1964
f 1933 1934 1966 1965
f 1934 1935 1967 1966
f 1935 1936 1968 1967
f 1936 1937 1969 1968
f 1937 1938 1970 1969
f 1938 1939 1971 1970
f 1939 1940 1972 1971
f 1940 1941 1973 1972
f 1941 1942 1974 1973
f 1942 1943 1975 1974
f 1943 1944 1976 1975
f 1944 1945 1977 1976
f 1945 1946 1978 1977
f 1946 1915 1947 1978
f 1947 1948 1980 1979
f 1948 1949 1981 1980
f 1949 1950 1982 1981
f 1950 1951 1983 1982
f 1951 1952 1984 1983
f 1952 1953 1985 1984
f 1953 1954 1986 1985
f 1954 1955 1987 1986
f 1955 1956 1988 1987
f 1956 1957 1989 1988
f 1957 1958 1990 1989
f 1958 1959 1991 1990
f 1959 1960 1992 1991
f 1960 1961 1993 1992
f 1961 1962 1994 1993
f 1962 1963 1995 1994
f 1963 1964 1996 1995
f 1964 1965 1997 1996
f 1965 1966 1998 1997
f 1966 1967 1999 1998
f 1967 1968 2000 1999
f 1968 1969 2001 2000
f 1969 1970 2002 2001
f 1970 1971 2003 2002
f 1971 1972 2004 2003
f 1972 1973 2005 2004
f 1973 1974 2006 2005
f 1974 1975 2007 2006
f 1975 1976 2008 2007
f 1976 1977 2009 2008
f 1977 1978 2010 2009
f 1978 1947 1979 2010
f 1979 1980 2012 2011
f 1980 1981 2013 2012
f 1981 1982 2014 2013
f 1982 1983 2015 2014
f 1983 1984 2016 2015
f 1984 1985 2017 2016
f 1985 1986 2018 2017
f 1986 1987 2019 2018
f 1987 1988 2020 2019
f 1988 1989 2021 2020
f 1989 1990 2022 2021
f 1990 1991 2023 2022
f 1991 1992 2024 2023
f 1992 1993 2025 2024
f 1993 1994 2026 2025
f 1994 1995 2027 2026
f 1995 1996 2028 2027
f 1996 1997 2029 2028
f 1997 1998 2030 2029
f 1998 1999 2031 2030
f 1999 2000 2032 2031
f 2000 2001 2033 2032
f 2001 2002 2034 2033
f 2002 2003 2035 2034
f 2003 2004 2036 2035
f 2004 2005 2037 2036
f 2005 2006 2038 2037
f 2006 2007 2039 2038
f 2007 2008 2040 2039
f 2008 2009 2041 2040
f 2009 2010 2042 2041
f 2010 1979 2011 2042
f 2011 2012 2044 2043
f 2012 2013 2045 2044
f 2013 2014 2046 2045
f 2014 2015 2047 2046
f 2015 2016 2048 2047
f 2016 2017 2049 2048
f 2017 2018 2050 2049
f 2018 2019 2051 2050
f 2019 2020 2052 2051
f 2020 2021 2053 2052
f 2021 2022 2054 2053
f 2022 2023 2055 2054
f 2023 2024 2056 2055
f 2024 2025 2057 2056
f 2025 2026 2058 2057
f 2026 2027 2059 2058
f 2027 2028 2060 2059
f 2028 2029 2061 2060
f 2029 2030 2062 2061
f 2030 2031 2063 2062
f 2031 2032 2064 2063
f 2032 2033 2065 2064
f 2033 2034 2066 2065
f 2034 2035 2067 2066
f 2035 2036 2068 2067
f 2036 2037 2069 2068
f 2037 2038 2070 2069
f 2038 2039 2071 2070
f 2039 2040 2072 2071
f 2040 2041 2073 2072
f 2041 2042 2074 2073
f 2042 2011 2043 2074
f 2043 2044 2076
f 2044 2045 2077
f 2045 2046 2078
f 2046 2047 2079
f 2047 2048 2080
f 2048 2049 2081
f 2049 2050 2082
f 2050 2051 2083
f 2051 2052 2084
f 2052 2053 2085
f 2053 2054 2086
f 2054 2055 2087
f 2055 2056 2088
f 2056 2057 2089
f 2057 2058 2090
f 2058 2059 2091
f 2059 2060 2092
f 2060 2061 2093
f 2061 2062 2094
f 2062 2063 2095
f 2063 2064 2096
f 2064 2065 2097
f 2065 2066 2098
f 2066 2067 2099
f 2067 2068 2100
f 2068 2069 2101
f 2069 2070 2102
f 2070 2071 2103
f 2071 2072 2104
f 2072 2073 2105
f 2073 2074 2106
f 2074 2043 2075
o fruit_bowl
v 2.480000 5.100000 0.900000
v 2.480000 5.100000 0.900000
v 2.480000 5.100000 0.900000
v 2.480000 5.100000 0.900000
v 2.480000 5.100000 0.900000
v 2.480000 5.100000 0.900000
v 2.480000 5.100000 0.900000
v 2.480000 5.100000 0.900000
v 2.480000 5.100000 0.900000
v 2.480000 5.100000 0.900000
v 2.480000 5.100000 0.900000
v 2.480000 5.100000 0.900000
v 2.480000 5.100000 0.900000
v 2.480000 5.100000 0.900000
v 2.480000 5.100000 0.900000
v 2.480000 5.100000 0.900000
v 2.480000 5.100000 0.900000
v 2.480000 5.100000 0.900000
v 2.480000 5.100000 0.900000
v 2.480000 5.100000 0.900000
v 2.480000 5.100000 0.900000
v 2.480000 5.100000 0.900000
v 2.480000 5.100000 0.900000
v 2.480000 5.100000 0.900000
v 2.480000 5.100000 0.900000
v 2.480000 5.100000 0.900000
v 2.480000 5.100000 0.900000
v 2.480000 5.100000 0.900000
v 2.480000 5.100000 0.900000
v 2.480000 5.100000 0.900000
v 2.480000 5.100000 0.900000
v 2.480000 5.100000 0.900000
v 2.480000 5.100000 0.900000
v 2.480000 5.100000 0.900000
v 2.480000 5.100000 0.900000
v 2.480000 5.100000 0.900000
v 2.480000 5.100000 0.900000
v 2.480000 5.100000 0.900000
v 2.480000 5.100000 0.900000
v 2.480000 5.100000 0.900000
v 2.590000 5.100000 0.904000
v 2.588646 5.117208 0.904000
v 2.584616 5.133992 0.904000
v 2.578011 5.149939 0.904000
v 2.568992 5.164656 0.904000
v 2.557782 5.177782 0.904000
v 2.544656 5.188992 0.904000
v 2.529939 5.198010 0.904000
v 2.513992 5.204616 0.904000
v 2.497208 5.208646 0.904000
v 2.480000 5.210000 0.904000
v 2.462792 5.208646 0.904000
v 2.446008 5.204616 0.904000
v 2.430061 5.198010 0.904000
v 2.415344 5.188992 0.904000
v 2.402218 5.177782 0.904000
v 2.391008 5.164656 0.904000
v 2.381989 5.149939 0.904000
v 2.375384 5.133992 0.904000
v 2.371354 5.117208 0.904000
v 2.370000 5.100000 0.904000
v 2.371354 5.082792 0.904000
v 2.375384 5.066008 0.904000
v 2.381989 5.050061 0.904000
v 2.391008 5.035344 0.904000
v 2.402218 5.022218 0.904000
v 2.415344 5.011008 0.904000
v 2.430061 5.001989 0.904000
v 2.446008 4.995384 0.904000
v 2.462792 4.991354 0.904000
v 2.480000 4.990000 0.904000
v 2.497208 4.991354 0.904000
v 2.513992 4.995384 0.904000
v 2.529939 5.001989 0.904000
v 2.544656 5.011008 0.904000
v 2.557782 5.022218 0.904000
v 2.568992 5.035344 0.904000
v 2.578011 5.050061 0.904000
v 2.584616 5.066008 0.904000
v 2.588646 5.082792 0.904000
v 2.615000 5.100000 0.950000
v 2.613338 5.121119 0.950000
v 2.608393 5.141717 0.950000
v 2.600286 5.161289 0.950000
v 2.589217 5.179351 0.950000
v 2.575459 5.195459 0.950000
v 2.559351 5.209217 0.950000
v 2.541289 5.220286 0.950000
v 2.521717 5.228393 0.950000
v 2.501119 5.233338 0.950000
v 2.480000 5.235000 0.950000
v 2.458881 5.233338 0.950000
v 2.438283 5.228393 0.950000
v 2.418711 5.220286 0.950000
v 2.400649 5.209217 0.950000
v 2.384541 5.195459 0.950000
v 2.370783 5.179351 0.950000
v 2.359714 5.161289 0.950000
v 2.351607 5.141717 0.950000
v 2.346662 5.121119 0.950000
v 2.345000 5.100000 0.950000
v 2.346662 5.078881 0.950000
v 2.351607 5.058282 0.950000
v 2.359714 5.038711 0.950000
v 2.370783 5.020649 0.950000
v 2.384541 5.004540 0.950000
v 2.400649 4.990783 0.950000
v 2.418711 4.979714 0.950000
v 2.438283 4.971607 0.950000
v 2.458881 4.966662 0.950000
v 2.480000 4.965000 0.950000
v 2.501119 4.966662 0.950000
v 2.521717 4.971607 0.950000
v 2.541289 4.979714 0.950000
v 2.559351 4.990783 0.950000
v 2.575459 5.004540 0.950000
v 2.589217 5.020649 0.950000
v 2.600286 5.038711 0.950000
v 2.608393 5.058282 0.950000
v 2.613338 5.078881 0.950000
v 2.620000 5.100000 0.985000
v 2.618276 5.121901 0.985000
v 2.613148 5.143262 0.985000
v 2.604741 5.163558 0.985000
v 2.593262 5.182290 0.985000
v 2.578995 5.198995 0.985000
v 2.562290 5.213262 0.985000
v 2.543559 5.224741 0.985000
v 2.523263 5.233148 0.985000
v 2.501901 5.238276 0.985000
v 2.480000 5.240000 0.985000
v 2.458099 5.238276 0.985000
v 2.436738 5.233148 0.985000
v 2.416441 5.224741 0.985000
v 2.397710 5.213262 0.985000
v 2.381005 5.198995 0.985000
v 2.366738 5.182290 0.985000
v 2.355259 5.163558 0.985000
v 2.346852 5.143262 0.985000
v 2.341724 5.121901 0.985000
v 2.340000 5.100000 0.985000
v 2.341724 5.078099 0.985000
v 2.346852 5.056737 0.985000
v 2.355259 5.036441 0.985000
v 2.366738 5.017710 0.985000
v 2.381005 5.001005 0.985000
v 2.397710 4.986738 0.985000
v 2.416441 4.975259 0.985000
v 2.436738 4.966852 0.985000
v 2.458099 4.961723 0.985000
v 2.480000 4.960000 0.985000
v 2.501901 4.961723 0.985000
v 2.523263 4.966852 0.985000
v 2.543559 4.975259 0.985000
v 2.562290 4.986738 0.985000
v 2.578995 5.001005 0.985000
v 2.593262 5.017710 0.985000
v 2.604741 5.036441 0.985000
v 2.613148 5.056737 0.985000
v 2.618276 5.078099 0.985000
v 2.612000 5.100000 0.988000
v 2.610375 5.120649 0.988000
v 2.605540 5.140790 0.988000
v 2.597613 5.159926 0.988000
v 2.586790 5.177588 0.988000
v 2.573338 5.193338 0.988000
v 2.557588 5.206790 0.988000
v 2.539927 5.217613 0.988000
v 2.520790 5.225539 0.988000
v 2.500649 5.230375 0.988000
v 2.480000 5.232000 0.988000
v 2.459351 5.230375 0.988000
v 2.439210 5.225539 0.988000
v 2.420073 5.217613 0.988000
v 2.402412 5.206790 0.988000
v 2.386662 5.193338 0.988000
v 2.373210 5.177588 0.988000
v 2.362387 5.159926 0.988000
v 2.354460 5.140790 0.988000
v 2.349625 5.120649 0.988000
v 2.348000 5.100000 0.988000
v 2.349625 5.079350 0.988000
v 2.354460 5.059210 0.988000
v 2.362387 5.040073 0.988000
v 2.373210 5.022412 0.988000
v 2.386662 5.006662 0.988000
v 2.402412 4.993210 0.988000
v 2.420073 4.982387 0.988000
v 2.439210 4.974461 0.988000
v 2.459351 4.969625 0.988000
v 2.480000 4.968000 0.988000
v 2.500649 4.969625 0.988000
v 2.520790 4.974461 0.988000
v 2.539927 4.982387 0.988000
v 2.557588 4.993210 0.988000
v 2.573338 5.006662 0.988000
v 2.586790 5.022412 0.988000
v 2.597613 5.040073 0.988000
v 2.605540 5.059210 0.988000
v 2.610375 5.079350 0.988000
v 2.605000 5.100000 0.955000
v 2.603461 5.119554 0.955000
v 2.598882 5.138627 0.955000
v 2.591376 5.156749 0.955000
v 2.581127 5.173473 0.955000
v 2.568388 5.188388 0.955000
v 2.553473 5.201127 0.955000
v 2.536749 5.211376 0.955000
v 2.518627 5.218882 0.955000
v 2.499554 5.223461 0.955000
v 2.480000 5.225000 0.955000
v 2.460446 5.223461 0.955000
v 2.441373 5.218882 0.955000
v 2.423251 5.211376 0.955000
v 2.406527 5.201127 0.955000
v 2.391612 5.188388 0.955000
v 2.378873 5.173473 0.955000
v 2.368624 5.156749 0.955000
v 2.361118 5.138627 0.955000
v 2.356539 5.119554 0.955000
v 2.355000 5.100000 0.955000
v 2.356539 5.080446 0.955000
v 2.361118 5.061373 0.955000
v 2.368624 5.043251 0.955000
v 2.378873 5.026527 0.955000
v 2.391612 5.011611 0.955000
v 2.406527 4.998873 0.955000
v 2.423251 4.988624 0.955000
v 2.441373 4.981118 0.955000
v 2.460446 4.976539 0.955000
v 2.480000 4.975000 0.955000
v 2.499554 4.976539 0.955000
v 2.518627 4.981118 0.955000
v 2.536749 4.988624 0.955000
v 2.553473 4.998873 0.955000
v 2.568388 5.011611 0.955000
v 2.581127 5.026527 0.955000
v 2.591376 5.043251 0.955000
v 2.598882 5.061373 0.955000
v 2.603461 5.080446 0.955000
v 2.575000 5.100000 0.912000
v 2.573830 5.114861 0.912000
v 2.570350 5.129356 0.912000
v 2.564646 5.143129 0.912000
v 2.556857 5.155839 0.912000
v 2.547175 5.167175 0.912000
v 2.535840 5.176857 0.912000
v 2.523129 5.184646 0.912000
v 2.509357 5.190350 0.912000
v 2.494861 5.193830 0.912000
v 2.480000 5.195000 0.912000
v 2.465139 5.193830 0.912000
v 2.450643 5.190350 0.912000
v 2.436871 5.184646 0.912000
v 2.424160 5.176857 0.912000
v 2.412825 5.167175 0.912000
v 2.403143 5.155839 0.912000
v 2.395355 5.143129 0.912000
v 2.389650 5.129356 0.912000
v 2.386170 5.114861 0.912000
v 2.385000 5.100000 0.912000
v 2.386170 5.085139 0.912000
v 2.389650 5.070643 0.912000
v 2.395355 5.056871 0.912000
v 2.403143 5.044160 0.912000
v 2.412825 5.032825 0.912000
v 2.424160 5.023143 0.912000
v 2.436871 5.015354 0.912000
v 2.450643 5.009650 0.912000
v 2.465139 5.006169 0.912000
v 2.480000 5.005000 0.912000
v 2.494861 5.006169 0.912000
v 2.509357 5.009650 0.912000
v 2.523129 5.015354 0.912000
v 2.535840 5.023143 0.912000
v 2.547175 5.032825 0.912000
v 2.556857 5.044160 0.912000
v 2.564646 5.056871 0.912000
v 2.570350 5.070643 0.912000
v 2.573830 5.085139 0.912000
v 2.480000 5.100000 0.910000
v 2.480000 5.100000 0.910000
v 2.480000 5.100000 0.910000
v 2.480000 5.100000 0.910000
v 2.480000 5.100000 0.910000
v 2.480000 5.100000 0.910000
v 2.480000 5.100000 0.910000
v 2.480000 5.100000 0.910000
v 2.480000 5.100000 0.910000
v 2.480000 5.100000 0.910000
v 2.480000 5.100000 0.910000
v 2.480000 5.100000 0.910000
v 2.480000 5.100000 0.910000
v 2.480000 5.100000 0.910000
v 2.480000 5.100000 0.910000
v 2.480000 5.100000 0.910000
v 2.480000 5.100000 0.910000
v 2.480000 5.100000 0.910000
v 2.480000 5.100000 0.910000
v 2.480000 5.100000 0.910000
v 2.480000 5.100000 0.910000
v 2.480000 5.100000 0.910000
v 2.480000 5.100000 0.910000
v 2.480000 5.100000 0.910000
v 2.480000 5.100000 0.910000
v 2.480000 5.100000 0.910000
v 2.480000 5.100000 0.910000
v 2.480000 5.100000 0.910000
v 2.480000 5.100000 0.910000
v 2.480000 5.100000 0.910000
v 2.480000 5.100000 0.910000
v 2.480000 5.100000 0.910000
v 2.480000 5.100000 0.910000
v 2.480000 5.100000 0.910000
v 2.480000 5.100000 0.910000
v 2.480000 5.100000 0.910000
v 2.480000 5.100000 0.910000
v 2.480000 5.100000 0.910000
v 2.480000 5.100000 0.910000
v 2.480000 5.100000 0.910000
s 1
f 2107 2147 2148
f 2108 2148 2149
f 2109 2149 2150
f 2110 2150 2151
f 2111 2151 2152
f 2112 2152 2153
f 2113 2153 2154
f 2114 2154 2155
f 2115 2155 2156
f 2116 2156 2157
f 2117 2157 2158
f 2118 2158 2159
f 2119 2159 2160
f 2120 2160 2161
f 2121 2161 2162
f 2122 2162 2163
f 2123 2163 2164
f 2124 2164 2165
f 2125 2165 2166
f 2126 2166 2167
f 2127 2167 2168
f 2128 2168 2169
f 2129 2169 2170
f 2130 2170 2171
f 2131 2171 2172
f 2132 2172 2173
f 2133 2173 2174
f 2134 2174 2175
f 2135 2175 2176
f 2136 2176 2177
f 2137 2177 2178
f 2138 2178 2179
f 2139 2179 2180
f 2140 2180 2181
f 2141 2181 2182
f 2142 2182 2183
f 2143 2183 2184
f 2144 2184 2185
f 2145 2185 2186
f 2146 2186 2147
f 2147 2148 2188 2187
f 2148 2149 2189 2188
f 2149 2150 2190 2189
f 2150 2151 2191 2190
f 2151 2152 2192 2191
f 2152 2153 2193 2192
f 2153 2154 2194 2193
f 2154 2155 2195 2194
f 2155 2156 2196 2195
f 2156 2157 2197 2196
f 2157 2158 2198 2197
f 2158 2159 2199 2198
f 2159 2160 2200 2199
f 2160 2161 2201 2200
f 2161 2162 2202 2201
f 2162 2163 2203 2202
f 2163 2164 2204 2203
f 2164 2165 2205 2204
f 2165 2166 2206 2205
f 2166 2167 2207 2206
f 2167 2168 2208 2207
f 2168 2169 2209 2208
f 2169 2170 2210 2209
f 2170 2171 2211 2210
f 2171 2172 2212 2211
f 2172 2173 2213 2212
f 2173 2174 2214 2213
f 2174 2175 2215 2214
f 2175 2176 2216 2215
f 2176 2177 2217 2216
f 2177 2178 2218 2217
f 2178 2179 2219 2218
f 2179 2180 2220 2219
f 2180 2181 2221 2220
f 2181 2182 2222 2221
f 2182 2183 2223 2222
f 2183 2184 2224 2223
f 2184 2185 2225 2224
f 2185 2186 2226 2225
f 2186 2147 2187 2226
f 2187 2188 2228 2227
f 2188 2189 2229 2228
f 2189 2190 2230 2229
f 2190 2191 2231 2230
f 2191 2192 2232 2231
f 2192 2193 2233 2232
f 2193 2194 2234 2233
f 2194 2195 2235 2234
f 2195 2196 2236 2235
f 2196 2197 2237 2236
f 2197 2198 2238 2237
f 2198 2199 2239 2238
f 2199 2200 2240 2239
f 2200 2201 2241 2240
f 2201 2202 2242 2241
f 2202 2203 2243 2242
f 2203 2204 2244 2243
f 2204 2205 2245 2244
f 2205 2206 2246 2245
f 2206 2207 2247 2246
f 2207 2208 2248 2247
f 2208 2209 2249 2248
f 2209 2210 2250 2249
f 2210 2211 2251 2250
f 2211 2212 2252 2251
f 2212 2213 2253 2252
f 2213 2214 2254 2253
f 2214 2215 2255 2254
f 2215 2216 2256 2255
f 2216 2217 2257 2256
f 2217 2218 2258 2257
f 2218 2219 2259 2258
f 2219 2220 2260 2259
f 2220 2221 2261 2260
f 2221 2222 2262 2261
f 2222 2223 2263 2262
f 2223 2224 2264 2263
f 2224 2225 2265 2264
f 2225 2226 2266 2265
f 2226 2187 2227 2266
f 2227 2228 2268 2267
f 2228 2229 2269 2268
f 2229 2230 2270 2269
f 2230 2231 2271 2270
f 2231 2232 2272 2271
f 2232 2233 2273 2272
f 2233 2234 2274 2273
f 2234 2235 2275 2274
f 2235 2236 2276 2275
f 2236 2237 2277 2276
f 2237 2238 2278 2277
f 2238 2239 2279 2278
f 2239 2240 2280 2279
f 2240 2241 2281 2280
f 2241 2242 2282 2281
f 2242 2243 2283 2282
f 2243 2244 2284 2283
f 2244 2245 2285 2284
f 2245 2246 2286 2285
f 2246 2247 2287 2286
f 2247 2248 2288 2287
f 2248 2249 2289 2288
f 2249 2250 2290 2289
f 2250 2251 2291 2290
f 2251 2252 2292 2291
f 2252 2253 2293 2292
f 2253 2254 2294 2293
f 2254 2255 2295 2294
f 2255 2256 2296 2295
f 2256 2257 2297 2296
f 2257 2258 2298 2297
f 2258 2259 2299 2298
f 2259 2260 2300 2299
f 2260 2261 2301 2300
f 2261 2262 2302 2301
f 2262 2263 2303 2302
f 2263 2264 2304 2303
f 2264 2265 2305 2304
f 2265 2266 2306 2305
f 2266 2227 2267 2306
f 2267 2268 2308 2307
f 2268 2269 2309 2308
f 2269 2270 2310 2309
f 2270 2271 2311 2310
f 2271 2272 2312 2311
f 2272 2273 2313 2312
f 2273 2274 2314 2313
f 2274 2275 2315 2314
f 2275 2276 2316 2315
f 2276 2277 2317 2316
f 2277 2278 2318 2317
f 2278 2279 2319 2318
f 2279 2280 2320 2319
f 2280 2281 2321 2320
f 2281 2282 2322 2321
f 2282 2283 2323 2322
f 2283 2284 2324 2323
f 2284 2285 2325 2324
f 2285 2286 2326 2325
f 2286 2287 2327 2326
f 2287 2288 2328 2327
f 2288 2289 2329 2328
f 2289 2290 2330 2329
f 2290 2291 2331 2330
f 2291 2292 2332 2331
f 2292 2293 2333 2332
f 2293 2294 2334 2333
f 2294 2295 2335 2334
f 2295 2296 2336 2335
f 2296 2297 2337 2336
f 2297 2298 2338 2337
f 2298 2299 2339 2338
f 2299 2300 2340 2339
f 2300 2301 2341 2340
f 2301 2302 2342 2341
f 2302 2303 2343 2342
f 2303 2304 2344 2343
f 2304 2305 2345 2344
f 2305 2306 2346 2345
f 2306 2267 2307 2346
f 2307 2308 2348 2347
f 2308 2309 2349 2348
f 2309 2310 2350 2349
f 2310 2311 2351 2350
f 2311 2312 2352 2351
f 2312 2313 2353 2352
f 2313 2314 2354 2353
f 2314 2315 2355 2354
f 2315 2316 2356 2355
f 2316 2317 2357 2356
f 2317 2318 2358 2357
f 2318 2319 2359 2358
f 2319 2320 2360 2359
f 2320 2321 2361 2360
f 2321 2322 2362 2361
f 2322 2323 2363 2362
f 2323 2324 2364 2363
f 2324 2325 2365 2364
f 2325 2326 2366 2365
f 2326 2327 2367 2366
f 2327 2328 2368 2367
f 2328 2329 2369 2368
f 2329 2330 2370 2369
f 2330 2331 2371 2370
f 2331 2332 2372 2371
f 2332 2333 2373 2372
f 2333 2334 2374 2373
f 2334 2335 2375 2374
f 2335 2336 2376 2375
f 2336 2337 2377 2376
f 2337 2338 2378 2377
f 2338 2339 2379 2378
f 2339 2340 2380 2379
f 2340 2341 2381 2380
f 2341 2342 2382 2381
f 2342 2343 2383 2382
f 2343 2344 2384 2383
f 2344 2345 2385 2384
f 2345 2346 2386 2385
f 2346 2307 2347 2386
f 2347 2348 2388
f 2348 2349 2389
f 2349 2350 2390
f 2350 2351 2391
f 2351 2352 2392
f 2352 2353 2393
f 2353 2354 2394
f 2354 2355 2395
f 2355 2356 2396
f 2356 2357 2397
f 2357 2358 2398
f 2358 2359 2399
f 2359 2360 2400
f 2360 2361 2401
f 2361 2362 2402
f 2362 2363 2403
f 2363 2364 2404
f 2364 2365 2405
f 2365 2366 2406
f 2366 2367 2407
f 2367 2368 2408
f 2368 2369 2409
f 2369 2370 2410
f 2370 2371 2411
f 2371 2372 2412
f 2372 2373 2413
f 2373 2374 2414
f 2374 2375 2415
f 2375 2376 2416
f 2376 2377 2417
f 2377 2378 2418
f 2378 2379 2419
f 2379 2380 2420
f 2380 2381 2421
f 2381 2382 2422
f 2382 2383 2423
f 2383 2384 2424
f 2384 2385 2425
f 2385 2386 2426
f 2386 2347 2387
o soap_dispenser
v 0.160000 2.550000 0.900000
v 0.160000 2.550000 0.900000
v 0.160000 2.550000 0.900000
v 0.160000 2.550000 0.900000
v 0.160000 2.550000 0.900000
v 0.160000 2.550000 0.900000
v 0.160000 2.550000 0.900000
v 0.160000 2.550000 0.900000
v 0.160000 2.550000 0.900000
v 0.160000 2.550000 0.900000
v 0.160000 2.550000 0.900000
v 0.160000 2.550000 0.900000
v 0.160000 2.550000 0.900000
v 0.160000 2.550000 0.900000
v 0.160000 2.550000 0.900000
v 0.160000 2.550000 0.900000
v 0.160000 2.550000 0.900000
v 0.160000 2.550000 0.900000
v 0.160000 2.550000 0.900000
v 0.160000 2.550000 0.900000
v 0.160000 2.550000 0.900000
v 0.160000 2.550000 0.900000
v 0.160000 2.550000 0.900000
v 0.160000 2.550000 0.900000
v 0.160000 2.550000 0.900000
v 0.160000 2.550000 0.900000
v 0.160000 2.550000 0.900000
v 0.160000 2.550000 0.900000
v 0.195000 2.550000 0.902000
v 0.194122 2.557788 0.902000
v 0.191534 2.565186 0.902000
v 0.187364 2.571822 0.902000
v 0.181822 2.577364 0.902000
v 0.175186 2.581534 0.902000
v 0.167788 2.584122 0.902000
v 0.160000 2.585000 0.902000
v 0.152212 2.584122 0.902000
v 0.144814 2.581534 0.902000
v 0.138178 2.577364 0.902000
v 0.132636 2.571822 0.902000
v 0.128466 2.565186 0.902000
v 0.125878 2.557788 0.902000
v 0.125000 2.550000 0.902000
v 0.125878 2.542212 0.902000
v 0.128466 2.534814 0.902000
v 0.132636 2.528178 0.902000
v 0.138178 2.522636 0.902000
v 0.144814 2.518466 0.902000
v 0.152212 2.515877 0.902000
v 0.160000 2.515000 0.902000
v 0.167788 2.515877 0.902000
v 0.175186 2.518466 0.902000
v 0.181822 2.522636 0.902000
v 0.187364 2.528178 0.902000
v 0.191534 2.534814 0.902000
v 0.194122 2.542212 0.902000
v 0.202000 2.550000 0.960000
v 0.200947 2.559346 0.960000
v 0.197841 2.568223 0.960000
v 0.192837 2.576186 0.960000
v 0.186187 2.582837 0.960000
v 0.178223 2.587841 0.960000
v 0.169346 2.590947 0.960000
v 0.160000 2.592000 0.960000
v 0.150654 2.590947 0.960000
v 0.141777 2.587841 0.960000
v 0.133813 2.582837 0.960000
v 0.127163 2.576186 0.960000
v 0.122159 2.568223 0.960000
v 0.119053 2.559346 0.960000
v 0.118000 2.550000 0.960000
v 0.119053 2.540654 0.960000
v 0.122159 2.531777 0.960000
v 0.127163 2.523813 0.960000
v 0.133813 2.517163 0.960000
v 0.141777 2.512159 0.960000
v 0.150654 2.509053 0.960000
v 0.160000 2.508000 0.960000
v 0.169346 2.509053 0.960000
v 0.178223 2.512159 0.960000
v 0.186187 2.517163 0.960000
v 0.192837 2.523813 0.960000
v 0.197841 2.531777 0.960000
v 0.200947 2.540654 0.960000
v 0.198000 2.550000 1.040000
v 0.197047 2.558456 1.040000
v 0.194237 2.566488 1.040000
v 0.189710 2.573693 1.040000
v 0.183693 2.579710 1.040000
v 0.176488 2.584237 1.040000
v 0.168456 2.587047 1.040000
v 0.160000 2.588000 1.040000
v 0.151544 2.587047 1.040000
v 0.143512 2.584237 1.040000
v 0.136307 2.579710 1.040000
v 0.130290 2.573693 1.040000
v 0.125763 2.566488 1.040000
v 0.122953 2.558456 1.040000
v 0.122000 2.550000 1.040000
v 0.122953 2.541544 1.040000
v 0.125763 2.533512 1.040000
v 0.130290 2.526307 1.040000
v 0.136307 2.520290 1.040000
v 0.143512 2.515763 1.040000
v 0.151544 2.512953 1.040000
v 0.160000 2.512000 1.040000
v 0.168456 2.512953 1.040000
v 0.176488 2.515763 1.040000
v 0.183693 2.520290 1.040000
v 0.189710 2.526307 1.040000
v 0.194237 2.533512 1.040000
v 0.197047 2.541544 1.040000
v 0.180000 2.550000 1.055000
v 0.179499 2.554450 1.055000
v 0.178019 2.558678 1.055000
v 0.175637 2.562470 1.055000
v 0.172470 2.565637 1.055000
v 0.168678 2.568019 1.055000
v 0.164450 2.569499 1.055000
v 0.160000 2.570000 1.055000
v 0.155550 2.569499 1.055000
v 0.151322 2.568019 1.055000
v 0.147530 2.565637 1.055000
v 0.144363 2.562470 1.055000
v 0.141981 2.558678 1.055000
v 0.140501 2.554450 1.055000
v 0.140000 2.550000 1.055000
v 0.140501 2.545550 1.055000
v 0.141981 2.541322 1.055000
v 0.144363 2.537530 1.055000
v 0.147530 2.534363 1.055000
v 0.151322 2.531981 1.055000
v 0.155550 2.530501 1.055000
v 0.160000 2.530000 1.055000
v 0.164450 2.530501 1.055000
v 0.168678 2.531981 1.055000
v 0.172470 2.534363 1.055000
v 0.175637 2.537530 1.055000
v 0.178019 2.541322 1.055000
v 0.179499 2.545550 1.055000
v 0.174000 2.550000 1.060000
v 0.173649 2.553115 1.060000
v 0.172614 2.556074 1.060000
v 0.170946 2.558729 1.060000
v 0.168729 2.560946 1.060000
v 0.166074 2.562613 1.060000
v 0.163115 2.563649 1.060000
v 0.160000 2.564000 1.060000
v 0.156885 2.563649 1.060000
v 0.153926 2.562613 1.060000
v 0.151271 2.560946 1.060000
v 0.149054 2.558729 1.060000
v 0.147386 2.556074 1.060000
v 0.146351 2.553115 1.060000
v 0.146000 2.550000 1.060000
v 0.146351 2.546885 1.060000
v 0.147386 2.543926 1.060000
v 0.149054 2.541271 1.060000
v 0.151271 2.539054 1.060000
v 0.153926 2.537386 1.060000
v 0.156885 2.536351 1.060000
v 0.160000 2.536000 1.060000
v 0.163115 2.536351 1.060000
v 0.166074 2.537386 1.060000
v 0.168729 2.539054 1.060000
v 0.170946 2.541271 1.060000
v 0.172614 2.543926 1.060000
v 0.173649 2.546885 1.060000
v 0.160000 2.550000 1.062000
v 0.160000 2.550000 1.062000
v 0.160000 2.550000 1.062000
v 0.160000 2.550000 1.062000
v 0.160000 2.550000 1.062000
v 0.160000 2.550000 1.062000
v 0.160000 2.550000 1.062000
v 0.160000 2.550000 1.062000
v 0.160000 2.550000 1.062000
v 0.160000 2.550000 1.062000
v 0.160000 2.550000 1.062000
v 0.160000 2.550000 1.062000
v 0.160000 2.550000 1.062000
v 0.160000 2.550000 1.062000
v 0.160000 2.550000 1.062000
v 0.160000 2.550000 1.062000
v 0.160000 2.550000 1.062000
v 0.160000 2.550000 1.062000
v 0.160000 2.550000 1.062000
v 0.160000 2.550000 1.062000
v 0.160000 2.550000 1.062000
v 0.160000 2.550000 1.062000
v 0.160000 2.550000 1.062000
v 0.160000 2.550000 1.062000
v 0.160000 2.550000 1.062000
v 0.160000 2.550000 1.062000
v 0.160000 2.550000 1.062000
v 0.160000 2.550000 1.062000
s 1
f 2427 2455 2456
f 2428 2456 2457
f 2429 2457 2458
f 2430 2458 2459
f 2431 2459 2460
f 2432 2460 2461
f 2433 2461 2462
f 2434 2462 2463
f 2435 2463 2464
f 2436 2464 2465
f 2437 2465 2466
f 2438 2466 2467
f 2439 2467 2468
f 2440 2468 2469
f 2441 2469 2470
f 2442 2470 2471
f 2443 2471 2472
f 2444 2472 2473
f 2445 2473 2474
f 2446 2474 2475
f 2447 2475 2476
f 2448 2476 2477
f 2449 2477 2478
f 2450 2478 2479
f 2451 2479 2480
f 2452 2480 2481
f 2453 2481 2482
f 2454 2482 2455
f 2455 2456 2484 2483
f 2456 2457 2485 2484
f 2457 2458 2486 2485
f 2458 2459 2487 2486
f 2459 2460 2488 2487
f 2460 2461 2489 2488
f 2461 2462 2490 2489
f 2462 2463 2491 2490
f 2463 2464 2492 2491
f 2464 2465 2493 2492
f 2465 2466 2494 2493
f 2466 2467 2495 2494
f 2467 2468 2496 2495
f 2468 2469 2497 2496
f 2469 2470 2498 2497
f 2470 2471 2499 2498
f 2471 2472 2500 2499
f 2472 2473 2501 2500
f 2473 2474 2502 2501
f 2474 2475 2503 2502
f 2475 2476 2504 2503
f 2476 2477 2505 2504
f 2477 2478 2506 2505
f 2478 2479 2507 2506
f 2479 2480 2508 2507
f 2480 2481 2509 2508
f 2481 2482 2510 2509
f 2482 2455 2483 2510
f 2483 2484 2512 2511
f 2484 2485 2513 2512
f 2485 2486 2514 2513
f 2486 2487 2515 2514
f 2487 2488 2516 2515
f 2488 2489 2517 2516
f 2489 2490 2518 2517
f 2490 2491 2519 2518
f 2491 2492 2520 2519
f 2492 2493 2521 2520
f 2493 2494 2522 2521
f 2494 2495 2523 2522
f 2495 2496 2524 2523
f 2496 2497 2525 2524
f 2497 2498 2526 2525
f 2498 2499 2527 2526
f 2499 2500 2528 2527
f 2500 2501 2529 2528
f 2501 2502 2530 2529
f 2502 2503 2531 2530
f 2503 2504 2532 2531
f 2504 2505 2533 2532
f 2505 2506 2534 2533
f 2506 2507 2535 2534
f 2507 2508 2536 2535
f 2508 2509 2537 2536
f 2509 2510 2538 2537
f 2510 2483 2511 2538
f 2511 2512 2540 2539
f 2512 2513 2541 2540
f 2513 2514 2542 2541
f 2514 2515 2543 2542
f 2515 2516 2544 2543
f 2516 2517 2545 2544
f 2517 2518 2546 2545
f 2518 2519 2547 2546
f 2519 2520 2548 2547
f 2520 2521 2549 2548
f 2521 2522 2550 2549
f 2522 2523 2551 2550
f 2523 2524 2552 2551
f 2524 2525 2553 2552
f 2525 2526 2554 2553
f 2526 2527 2555 2554
f 2527 2528 2556 2555
f 2528 2529 2557 2556
f 2529 2530 2558 2557
f 2530 2531 2559 2558
f 2531 2532 2560 2559
f 2532 2533 2561 2560
f 2533 2534 2562 2561
f 2534 2535 2563 2562
f 2535 2536 2564 2563
f 2536 2537 2565 2564
f 2537 2538 2566 2565
f 2538 2511 2539 2566
f 2539 2540 2568 2567
f 2540 2541 2569 2568
f 2541 2542 2570 2569
f 2542 2543 2571 2570
f 2543 2544 2572 2571
f 2544 2545 2573 2572
f 2545 2546 2574 2573
f 2546 2547 2575 2574
f 2547 2548 2576 2575
f 2548 2549 2577 2576
f 2549 2550 2578 2577
f 2550 2551 2579 2578
f 2551 2552 2580 2579
f 2552 2553 2581 2580
f 2553 2554 2582 2581
f 2554 2555 2583 2582
f 2555 2556 2584 2583
f 2556 2557 2585 2584
f 2557 2558 2586 2585
f 2558 2559 2587 2586
f 2559 2560 2588 2587
f 2560 2561 2589 2588
f 2561 2562 2590 2589
f 2562 2563 2591 2590
f 2563 2564 2592 2591
f 2564 2565 2593 2592
f 2565 2566 2594 2593
f 2566 2539 2567 2594
f 2567 2568 2596
f 2568 2569 2597
f 2569 2570 2598
f 2570 2571 2599
f 2571 2572 2600
f 2572 2573 2601
f 2573 2574 2602
f 2574 2575 2603
f 2575 2576 2604
f 2576 2577 2605
f 2577 2578 2606
f 2578 2579 2607
f 2579 2580 2608
f 2580 2581 2609
f 2581 2582 2610
f 2582 2583 2611
f 2583 2584 2612
f 2584 2585 2613
f 2585 2586 2614
f 2586 2587 2615
f 2587 2588 2616
f 2588 2589 2617
f 2589 2590 2618
f 2590 2591 2619
f 2591 2592 2620
f 2592 2593 2621
f 2593 2594 2622
f 2594 2567 2595
o plate_drying_1
v 0.280000 4.020000 0.974000
v 0.280000 4.020000 0.974000
v 0.280000 4.020000 0.974000
v 0.280000 4.020000 0.974000
v 0.280000 4.020000 0.974000
v 0.280000 4.020000 0.974000
v 0.280000 4.020000 0.974000
v 0.280000 4.020000 0.974000
v 0.280000 4.020000 0.974000
v 0.280000 4.020000 0.974000
v 0.280000 4.020000 0.974000
v 0.280000 4.020000 0.974000
v 0.280000 4.020000 0.974000
v 0.280000 4.020000 0.974000
v 0.280000 4.020000 0.974000
v 0.280000 4.020000 0.974000
v 0.280000 4.020000 0.974000
v 0.280000 4.020000 0.974000
v 0.280000 4.020000 0.974000
v 0.280000 4.020000 0.974000
v 0.280000 4.020000 0.974000
v 0.280000 4.020000 0.974000
v 0.280000 4.020000 0.974000
v 0.280000 4.020000 0.974000
v 0.280000 4.020000 0.974000
v 0.280000 4.020000 0.974000
v 0.280000 4.020000 0.974000
v 0.280000 4.020000 0.974000
v 0.280000 4.020000 0.974000
v 0.280000 4.020000 0.974000
v 0.280000 4.020000 0.974000
v 0.280000 4.020000 0.974000
v 0.380000 4.020000 0.978000
v 0.378079 4.039509 0.978000
v 0.372388 4.058269 0.978000
v 0.363147 4.075557 0.978000
v 0.350711 4.090711 0.978000
v 0.335557 4.103147 0.978000
v 0.318268 4.112388 0.978000
v 0.299509 4.118079 0.978000
v 0.280000 4.120000 0.978000
v 0.260491 4.118079 0.978000
v 0.241732 4.112388 0.978000
v 0.224443 4.103147 0.978000
v 0.209289 4.090711 0.978000
v 0.196853 4.075557 0.978000
v 0.187612 4.058269 0.978000
v 0.181921 4.039509 0.978000
v 0.180000 4.020000 0.978000
v 0.181921 4.000491 0.978000
v 0.187612 3.981732 0.978000
v 0.196853 3.964443 0.978000
v 0.209289 3.949289 0.978000
v 0.224443 3.936853 0.978000
v 0.241732 3.927612 0.978000
v 0.260491 3.921921 0.978000
v 0.280000 3.920000 0.978000
v 0.299509 3.921921 0.978000
v 0.318268 3.927612 0.978000
v 0.335557 3.936853 0.978000
v 0.350711 3.949289 0.978000
v 0.363147 3.964443 0.978000
v 0.372388 3.981732 0.978000
v 0.378079 4.000491 0.978000
v 0.398000 4.020000 0.986000
v 0.395733 4.043021 0.986000
v 0.389018 4.065156 0.986000
v 0.378113 4.085557 0.986000
v 0.363439 4.103438 0.986000
v 0.345557 4.118114 0.986000
v 0.325157 4.129018 0.986000
v 0.303021 4.135733 0.986000
v 0.280000 4.138000 0.986000
v 0.256979 4.135733 0.986000
v 0.234843 4.129018 0.986000
v 0.214443 4.118114 0.986000
v 0.196561 4.103438 0.986000
v 0.181887 4.085557 0.986000
v 0.170982 4.065156 0.986000
v 0.164267 4.043021 0.986000
v 0.162000 4.020000 0.986000
v 0.164267 3.996979 0.986000
v 0.170982 3.974843 0.986000
v 0.181887 3.954443 0.986000
v 0.196561 3.936561 0.986000
v 0.214443 3.921886 0.986000
v 0.234843 3.910982 0.986000
v 0.256979 3.904267 0.986000
v 0.280000 3.902000 0.986000
v 0.303021 3.904267 0.986000
v 0.325157 3.910982 0.986000
v 0.345557 3.921886 0.986000
v 0.363439 3.936561 0.986000
v 0.378113 3.954443 0.986000
v 0.389018 3.974843 0.986000
v 0.395733 3.996979 0.986000
v 0.380000 4.020000 0.990000
v 0.378079 4.039509 0.990000
v 0.372388 4.058269 0.990000
v 0.363147 4.075557 0.990000
v 0.350711 4.090711 0.990000
v 0.335557 4.103147 0.990000
v 0.318268 4.112388 0.990000
v 0.299509 4.118079 0.990000
v 0.280000 4.120000 0.990000
v 0.260491 4.118079 0.990000
v 0.241732 4.112388 0.990000
v 0.224443 4.103147 0.990000
v 0.209289 4.090711 0.990000
v 0.196853 4.075557 0.990000
v 0.187612 4.058269 0.990000
v 0.181921 4.039509 0.990000
v 0.180000 4.020000 0.990000
v 0.181921 4.000491 0.990000
v 0.187612 3.981732 0.990000
v 0.196853 3.964443 0.990000
v 0.209289 3.949289 0.990000
v 0.224443 3.936853 0.990000
v 0.241732 3.927612 0.990000
v 0.260491 3.921921 0.990000
v 0.280000 3.920000 0.990000
v 0.299509 3.921921 0.990000
v 0.318268 3.927612 0.990000
v 0.335557 3.936853 0.990000
v 0.350711 3.949289 0.990000
v 0.363147 3.964443 0.990000
v 0.372388 3.981732 0.990000
v 0.378079 4.000491 0.990000
v 0.280000 4.020000 0.992000
v 0.280000 4.020000 0.992000
v 0.280000 4.020000 0.992000
v 0.280000 4.020000 0.992000
v 0.280000 4.020000 0.992000
v 0.280000 4.020000 0.992000
v 0.280000 4.020000 0.992000
v 0.280000 4.020000 0.992000
v 0.280000 4.020000 0.992000
v 0.280000 4.020000 0.992000
v 0.280000 4.020000 0.992000
v 0.280000 4.020000 0.992000
v 0.280000 4.020000 0.992000
v 0.280000 4.020000 0.992000
v 0.280000 4.020000 0.992000
v 0.280000 4.020000 0.992000
v 0.280000 4.020000 0.992000
v 0.280000 4.020000 0.992000
v 0.280000 4.020000 0.992000
v 0.280000 4.020000 0.992000
v 0.280000 4.020000 0.992000
v 0.280000 4.020000 0.992000
v 0.280000 4.020000 0.992000
v 0.280000 4.020000 0.992000
v 0.280000 4.020000 0.992000
v 0.280000 4.020000 0.992000
v 0.280000 4.020000 0.992000
v 0.280000 4.020000 0.992000
v 0.280000 4.020000 0.992000
v 0.280000 4.020000 0.992000
v 0.280000 4.020000 0.992000
v 0.280000 4.020000 0.992000
s 1
f 2623 2655 2656
f 2624 2656 2657
f 2625 2657 2658
f 2626 2658 2659
f 2627 2659 2660
f 2628 2660 2661
f 2629 2661 2662
f 2630 2662 2663
f 2631 2663 2664
f 2632 2664 2665
f 2633 2665 2666
f 2634 2666 2667
f 2635 2667 2668
f 2636 2668 2669
f 2637 2669 2670
f 2638 2670 2671
f 2639 2671 2672
f 2640 2672 2673
f 2641 2673 2674
f 2642 2674 2675
f 2643 2675 2676
f 2644 2676 2677
f 2645 2677 2678
f 2646 2678 2679
f 2647 2679 2680
f 2648 2680 2681
f 2649 2681 2682
f 2650 2682 2683
f 2651 2683 2684
f 2652 2684 2685
f 2653 2685 2686
f 2654 2686 2655
f 2655 2656 2688 2687
f 2656 2657 2689 2688
f 2657 2658 2690 2689
f 2658 2659 2691 2690
f 2659 2660 2692 2691
f 2660 2661 2693 2692
f 2661 2662 2694 2693
f 2662 2663 2695 2694
f 2663 2664 2696 2695
f 2664 2665 2697 2696
f 2665 2666 2698 2697
f 2666 2667 2699 2698
f 2667 2668 2700 2699
f 2668 2669 2701 2700
f 2669 2670 2702 2701
f 2670 2671 2703 2702
f 2671 2672 2704 2703
f 2672 2673 2705 2704
f 2673 2674 2706 2705
f 2674 2675 2707 2706
f 2675 2676 2708 2707
f 2676 2677 2709 2708
f 2677 2678 2710 2709
f 2678 2679 2711 2710
f 2679 2680 2712 2711
f 2680 2681 2713 2712
f 2681 2682 2714 2713
f 2682 2683 2715 2714
f 2683 2684 2716 2715
f 2684 2685 2717 2716
f 2685 2686 2718 2717
f 2686 2655 2687 2718
f 2687 2688 2720 2719
f 2688 2689 2721 2720
f 2689 2690 2722 2721
f 2690 2691 2723 2722
f 2691 2692 2724 2723
f 2692 2693 2725 2724
f 2693 2694 2726 2725
f 2694 2695 2727 2726
f 2695 2696 2728 2727
f 2696 2697 2729 2728
f 2697 2698 2730 2729
f 2698 2699 2731 2730
f 2699 2700 2732 2731
f 2700 2701 2733 2732
f 2701 2702 2734 2733
f 2702 2703 2735 2734
f 2703 2704 2736 2735
f 2704 2705 2737 2736
f 2705 2706 2738 2737
f 2706 2707 2739 2738
f 2707 2708 2740 2739
f 2708 2709 2741 2740
f 2709 2710 2742 2741
f 2710 2711 2743 2742
f 2711 2712 2744 2743
f 2712 2713 2745 2744
f 2713 2714 2746 2745
f 2714 2715 2747 2746
f 2715 2716 2748 2747
f 2716 2717 2749 2748
f 2717 2718 2750 2749
f 2718 2687 2719 2750
f 2719 2720 2752
f 2720 2721 2753
f 2721 2722 2754
f 2722 2723 2755
f 2723 2724 2756
f 2724 2725 2757
f 2725 2726 2758
f 2726 2727 2759
f 2727 2728 2760
f 2728 2729 2761
f 2729 2730 2762
f 2730 2731 2763
f 2731 2732 2764
f 2732 2733 2765
f 2733 2734 2766
f 2734 2735 2767
f 2735 2736 2768
f 2736 2737 2769
f 2737 2738 2770
f 2738 2739 2771
f 2739 2740 2772
f 2740 2741 2773
f 2741 2742 2774
f 2742 2743 2775
f 2743 2744 2776
f 2744 2745 2777
f 2745 2746 2778
f 2746 2747 2779
f 2747 2748 2780
f 2748 2749 2781
f 2749 2750 2782
f 2750 2719 2751
o plate_drying_2
v 0.370000 4.020000 0.996000
v 0.370000 4.020000 0.996000
v 0.370000 4.020000 0.996000
v 0.370000 4.020000 0.996000
v 0.370000 4.020000 0.996000
v 0.370000 4.020000 0.996000
v 0.370000 4.020000 0.996000
v 0.370000 4.020000 0.996000
v 0.370000 4.020000 0.996000
v 0.370000 4.020000 0.996000
v 0.370000 4.020000 0.996000
v 0.370000 4.020000 0.996000
v 0.370000 4.020000 0.996000
v 0.370000 4.020000 0.996000
v 0.370000 4.020000 0.996000
v 0.370000 4.020000 0.996000
v 0.370000 4.020000 0.996000
v 0.370000 4.020000 0.996000
v 0.370000 4.020000 0.996000
v 0.370000 4.020000 0.996000
v 0.370000 4.020000 0.996000
v 0.370000 4.020000 0.996000
v 0.370000 4.020000 0.996000
v 0.370000 4.020000 0.996000
v 0.370000 4.020000 0.996000
v 0.370000 4.020000 0.996000
v 0.370000 4.020000 0.996000
v 0.370000 4.020000 0.996000
v 0.370000 4.020000 0.996000
v 0.370000 4.020000 0.996000
v 0.370000 4.020000 0.996000
v 0.370000 4.020000 0.996000
v 0.470000 4.020000 1.000000
v 0.468079 4.039509 1.000000
v 0.462388 4.058269 1.000000
v 0.453147 4.075557 1.000000
v 0.440711 4.090711 1.000000
v 0.425557 4.103147 1.000000
v 0.408268 4.112388 1.000000
v 0.389509 4.118079 1.000000
v 0.370000 4.120000 1.000000
v 0.350491 4.118079 1.000000
v 0.331732 4.112388 1.000000
v 0.314443 4.103147 1.000000
v 0.299289 4.090711 1.000000
v 0.286853 4.075557 1.000000
v 0.277612 4.058269 1.000000
v 0.271921 4.039509 1.000000
v 0.270000 4.020000 1.000000
v 0.271921 4.000491 1.000000
v 0.277612 3.981732 1.000000
v 0.286853 3.964443 1.000000
v 0.299289 3.949289 1.000000
v 0.314443 3.936853 1.000000
v 0.331732 3.927612 1.000000
v 0.350491 3.921921 1.000000
v 0.370000 3.920000 1.000000
v 0.389509 3.921921 1.000000
v 0.408268 3.927612 1.000000
v 0.425557 3.936853 1.000000
v 0.440711 3.949289 1.000000
v 0.453147 3.964443 1.000000
v 0.462388 3.981732 1.000000
v 0.468079 4.000491 1.000000
v 0.488000 4.020000 1.008000
v 0.485733 4.043021 1.008000
v 0.479018 4.065156 1.008000
v 0.468113 4.085557 1.008000
v 0.453439 4.103438 1.008000
v 0.435557 4.118114 1.008000
v 0.415157 4.129018 1.008000
v 0.393021 4.135733 1.008000
v 0.370000 4.138000 1.008000
v 0.346979 4.135733 1.008000
v 0.324843 4.129018 1.008000
v 0.304443 4.118114 1.008000
v 0.286561 4.103438 1.008000
v 0.271887 4.085557 1.008000
v 0.260982 4.065156 1.008000
v 0.254267 4.043021 1.008000
v 0.252000 4.020000 1.008000
v 0.254267 3.996979 1.008000
v 0.260982 3.974843 1.008000
v 0.271887 3.954443 1.008000
v 0.286561 3.936561 1.008000
v 0.304443 3.921886 1.008000
v 0.324843 3.910982 1.008000
v 0.346979 3.904267 1.008000
v 0.370000 3.902000 1.008000
v 0.393021 3.904267 1.008000
v 0.415157 3.910982 1.008000
v 0.435557 3.921886 1.008000
v 0.453439 3.936561 1.008000
v 0.468113 3.954443 1.008000
v 0.479018 3.974843 1.008000
v 0.485733 3.996979 1.008000
v 0.470000 4.020000 1.012000
v 0.468079 4.039509 1.012000
v 0.462388 4.058269 1.012000
v 0.453147 4.075557 1.012000
v 0.440711 4.090711 1.012000
v 0.425557 4.103147 1.012000
v 0.408268 4.112388 1.012000
v 0.389509 4.118079 1.012000
v 0.370000 4.120000 1.012000
v 0.350491 4.118079 1.012000
v 0.331732 4.112388 1.012000
v 0.314443 4.103147 1.012000
v 0.299289 4.090711 1.012000
v 0.286853 4.075557 1.012000
v 0.277612 4.058269 1.012000
v 0.271921 4.039509 1.012000
v 0.270000 4.020000 1.012000
v 0.271921 4.000491 1.012000
v 0.277612 3.981732 1.012000
v 0.286853 3.964443 1.012000
v 0.299289 3.949289 1.012000
v 0.314443 3.936853 1.012000
v 0.331732 3.927612 1.012000
v 0.350491 3.921921 1.012000
v 0.370000 3.920000 1.012000
v 0.389509 3.921921 1.012000
v 0.408268 3.927612 1.012000
v 0.425557 3.936853 1.012000
v 0.440711 3.949289 1.012000
v 0.453147 3.964443 1.012000
v 0.462388 3.981732 1.012000
v 0.468079 4.000491 1.012000
v 0.370000 4.020000 1.014000
v 0.370000 4.020000 1.014000
v 0.370000 4.020000 1.014000
v 0.370000 4.020000 1.014000
v 0.370000 4.020000 1.014000
v 0.370000 4.020000 1.014000
v 0.370000 4.020000 1.014000
v 0.370000 4.020000 1.014000
v 0.370000 4.020000 1.014000
v 0.370000 4.020000 1.014000
v 0.370000 4.020000 1.014000
v 0.370000 4.020000 1.014000
v 0.370000 4.020000 1.014000
v 0.370000 4.020000 1.014000
v 0.370000 4.020000 1.014000
v 0.370000 4.020000 1.014000
v 0.370000 4.020000 1.014000
v 0.370000 4.020000 1.014000
v 0.370000 4.020000 1.014000
v 0.370000 4.020000 1.014000
v 0.370000 4.020000 1.014000
v 0.370000 4.020000 1.014000
v 0.370000 4.020000 1.014000
v 0.370000 4.020000 1.014000
v 0.370000 4.020000 1.014000
v 0.370000 4.020000 1.014000
v 0.370000 4.020000 1.014000
v 0.370000 4.020000 1.014000
v 0.370000 4.020000 1.014000
v 0.370000 4.020000 1.014000
v 0.370000 4.020000 1.014000
v 0.370000 4.020000 1.014000
s 1
f 2783 2815 2816
f 2784 2816 2817
f 2785 2817 2818
f 2786 2818 2819
f 2787 2819 2820
f 2788 2820 2821
f 2789 2821 2822
f 2790 2822 2823
f 2791 2823 2824
f 2792 2824 2825
f 2793 2825 2826
f 2794 2826 2827
f 2795 2827 2828
f 2796 2828 2829
f 2797 2829 2830
f 2798 2830 2831
f 2799 2831 2832
f 2800 2832 2833
f 2801 2833 2834
f 2802 2834 2835
f 2803 2835 2836
f 2804 2836 2837
f 2805 2837 2838
f 2806 2838 2839
f 2807 2839 2840
f 2808 2840 2841
f 2809 2841 2842
f 2810 2842 2843
f 2811 2843 2844
f 2812 2844 2845
f 2813 2845 2846
f 2814 2846 2815
f 2815 2816 2848 2847
f 2816 2817 2849 2848
f 2817 2818 2850 2849
f 2818 2819 2851 2850
f 2819 2820 2852 2851
f 2820 2821 2853 2852
f 2821 2822 2854 2853
f 2822 2823 2855 2854
f 2823 2824 2856 2855
f 2824 2825 2857 2856
f 2825 2826 2858 2857
f 2826 2827 2859 2858
f 2827 2828 2860 2859
f 2828 2829 2861 2860
f 2829 2830 2862 2861
f 2830 2831 2863 2862
f 2831 2832 2864 2863
f 2832 2833 2865 2864
f 2833 2834 2866 2865
f 2834 2835 2867 2866
f 2835 2836 2868 2867
f 2836 2837 2869 2868
f 2837 2838 2870 2869
f 2838 2839 2871 2870
f 2839 2840 2872 2871
f 2840 2841 2873 2872
f 2841 2842 2874 2873
f 2842 2843 2875 2874
f 2843 2844 2876 2875
f 2844 2845 2877 2876
f 2845 2846 2878 2877
f 2846 2815 2847 2878
f 2847 2848 2880 2879
f 2848 2849 2881 2880
f 2849 2850 2882 2881
f 2850 2851 2883 2882
f 2851 2852 2884 2883
f 2852 2853 2885 2884
f 2853 2854 2886 2885
f 2854 2855 2887 2886
f 2855 2856 2888 2887
f 2856 2857 2889 2888
f 2857 2858 2890 2889
f 2858 2859 2891 2890
f 2859 2860 2892 2891
f 2860 2861 2893 2892
f 2861 2862 2894 2893
f 2862 2863 2895 2894
f 2863 2864 2896 2895
f 2864 2865 2897 2896
f 2865 2866 2898 2897
f 2866 2867 2899 2898
f 2867 2868 2900 2899
f 2868 2869 2901 2900
f 2869 2870 2902 2901
f 2870 2871 2903 2902
f 2871 2872 2904 2903
f 2872 2873 2905 2904
f 2873 2874 2906 2905
f 2874 2875 2907 2906
f 2875 2876 2908 2907
f 2876 2877 2909 2908
f 2877 2878 2910 2909
f 2878 2847 2879 2910
f 2879 2880 2912
f 2880 2881 2913
f 2881 2882 2914
f 2882 2883 2915
f 2883 2884 2916
f 2884 2885 2917
f 2885 2886 2918
f 2886 2887 2919
f 2887 2888 2920
f 2888 2889 2921
f 2889 2890 2922
f 2890 2891 2923
f 2891 2892 2924
f 2892 2893 2925
f 2893 2894 2926
f 2894 2895 2927
f 2895 2896 2928
f 2896 2897 2929
f 2897 2898 2930
f 2898 2899 2931
f 2899 2900 2932
f 2900 2901 2933
f 2901 2902 2934
f 2902 2903 2935
f 2903 2904 2936
f 2904 2905 2937
f 2905 2906 2938
f 2906 2907 2939
f 2907 2908 2940
f 2908 2909 2941
f 2909 2910 2942
f 2910 2879 2911
o olive_pot
v 4.350000 6.950000 0.000000
v 4.350000 6.950000 0.000000
v 4.350000 6.950000 0.000000
v 4.350000 6.950000 0.000000
v 4.350000 6.950000 0.000000
v 4.350000 6.950000 0.000000
v 4.350000 6.950000 0.000000
v 4.350000 6.950000 0.000000
v 4.350000 6.950000 0.000000
v 4.350000 6.950000 0.000000
v 4.350000 6.950000 0.000000
v 4.350000 6.950000 0.000000
v 4.350000 6.950000 0.000000
v 4.350000 6.950000 0.000000
v 4.350000 6.950000 0.000000
v 4.350000 6.950000 0.000000
v 4.350000 6.950000 0.000000
v 4.350000 6.950000 0.000000
v 4.350000 6.950000 0.000000
v 4.350000 6.950000 0.000000
v 4.350000 6.950000 0.000000
v 4.350000 6.950000 0.000000
v 4.350000 6.950000 0.000000
v 4.350000 6.950000 0.000000
v 4.350000 6.950000 0.000000
v 4.350000 6.950000 0.000000
v 4.350000 6.950000 0.000000
v 4.350000 6.950000 0.000000
v 4.350000 6.950000 0.000000
v 4.350000 6.950000 0.000000
v 4.350000 6.950000 0.000000
v 4.350000 6.950000 0.000000
v 4.510000 6.950000 0.004000
v 4.506926 6.981214 0.004000
v 4.497821 7.011229 0.004000
v 4.483035 7.038891 0.004000
v 4.463137 7.063137 0.004000
v 4.438891 7.083035 0.004000
v 4.411229 7.097821 0.004000
v 4.381214 7.106925 0.004000
v 4.350000 7.110000 0.004000
v 4.318786 7.106925 0.004000
v 4.288771 7.097821 0.004000
v 4.261109 7.083035 0.004000
v 4.236863 7.063137 0.004000
v 4.216965 7.038891 0.004000
v 4.202179 7.011229 0.004000
v 4.193074 6.981214 0.004000
v 4.190000 6.950000 0.004000
v 4.193074 6.918786 0.004000
v 4.202179 6.888771 0.004000
v 4.216965 6.861109 0.004000
v 4.236863 6.836863 0.004000
v 4.261109 6.816965 0.004000
v 4.288771 6.802179 0.004000
v 4.318786 6.793074 0.004000
v 4.350000 6.790000 0.004000
v 4.381214 6.793074 0.004000
v 4.411229 6.802179 0.004000
v 4.438891 6.816965 0.004000
v 4.463137 6.836863 0.004000
v 4.483035 6.861109 0.004000
v 4.497821 6.888771 0.004000
v 4.506926 6.918786 0.004000
v 4.540000 6.950000 0.100000
v 4.536349 6.987067 0.100000
v 4.525537 7.022710 0.100000
v 4.507979 7.055558 0.100000
v 4.484350 7.084350 0.100000
v 4.455558 7.107979 0.100000
v 4.422710 7.125537 0.100000
v 4.387067 7.136349 0.100000
v 4.350000 7.140000 0.100000
v 4.312933 7.136349 0.100000
v 4.277290 7.125537 0.100000
v 4.244442 7.107979 0.100000
v 4.215650 7.084350 0.100000
v 4.192021 7.055558 0.100000
v 4.174463 7.022710 0.100000
v 4.163651 6.987067 0.100000
v 4.160000 6.950000 0.100000
v 4.163651 6.912933 0.100000
v 4.174463 6.877290 0.100000
v 4.192021 6.844441 0.100000
v 4.215650 6.815650 0.100000
v 4.244442 6.792021 0.100000
v 4.277290 6.774463 0.100000
v 4.312933 6.763650 0.100000
v 4.350000 6.760000 0.100000
v 4.387067 6.763650 0.100000
v 4.422710 6.774463 0.100000
v 4.455558 6.792021 0.100000
v 4.484350 6.815650 0.100000
v 4.507979 6.844441 0.100000
v 4.525537 6.877290 0.100000
v 4.536349 6.912933 0.100000
v 4.560000 6.950000 0.340000
v 4.555965 6.990969 0.340000
v 4.544014 7.030364 0.340000
v 4.524609 7.066669 0.340000
v 4.498492 7.098492 0.340000
v 4.466670 7.124609 0.340000
v 4.430364 7.144014 0.340000
v 4.390969 7.155965 0.340000
v 4.350000 7.160000 0.340000
v 4.309031 7.155965 0.340000
v 4.269636 7.144014 0.340000
v 4.233330 7.124609 0.340000
v 4.201508 7.098492 0.340000
v 4.175391 7.066669 0.340000
v 4.155985 7.030364 0.340000
v 4.144035 6.990969 0.340000
v 4.140000 6.950000 0.340000
v 4.144035 6.909031 0.340000
v 4.155985 6.869636 0.340000
v 4.175391 6.833330 0.340000
v 4.201508 6.801507 0.340000
v 4.233330 6.775391 0.340000
v 4.269636 6.755985 0.340000
v 4.309031 6.744035 0.340000
v 4.350000 6.740000 0.340000
v 4.390969 6.744035 0.340000
v 4.430364 6.755985 0.340000
v 4.466670 6.775391 0.340000
v 4.498492 6.801507 0.340000
v 4.524609 6.833330 0.340000
v 4.544014 6.869636 0.340000
v 4.555965 6.909031 0.340000
v 4.545000 6.950000 0.350000
v 4.541253 6.988042 0.350000
v 4.530157 7.024623 0.350000
v 4.512136 7.058336 0.350000
v 4.487886 7.087886 0.350000
v 4.458336 7.112136 0.350000
v 4.424623 7.130157 0.350000
v 4.388042 7.141253 0.350000
v 4.350000 7.145000 0.350000
v 4.311957 7.141253 0.350000
v 4.275377 7.130157 0.350000
v 4.241664 7.112136 0.350000
v 4.212114 7.087886 0.350000
v 4.187863 7.058336 0.350000
v 4.169843 7.024623 0.350000
v 4.158747 6.988042 0.350000
v 4.155000 6.950000 0.350000
v 4.158747 6.911957 0.350000
v 4.169843 6.875377 0.350000
v 4.187863 6.841664 0.350000
v 4.212114 6.812114 0.350000
v 4.241664 6.787863 0.350000
v 4.275377 6.769843 0.350000
v 4.311957 6.758747 0.350000
v 4.350000 6.755000 0.350000
v 4.388042 6.758747 0.350000
v 4.424623 6.769843 0.350000
v 4.458336 6.787863 0.350000
v 4.487886 6.812114 0.350000
v 4.512136 6.841664 0.350000
v 4.530157 6.875377 0.350000
v 4.541253 6.911957 0.350000
v 4.525000 6.950000 0.100000
v 4.521637 6.984140 0.100000
v 4.511679 7.016969 0.100000
v 4.495507 7.047225 0.100000
v 4.473743 7.073743 0.100000
v 4.447225 7.095507 0.100000
v 4.416969 7.111679 0.100000
v 4.384140 7.121637 0.100000
v 4.350000 7.125000 0.100000
v 4.315859 7.121637 0.100000
v 4.283031 7.111679 0.100000
v 4.252775 7.095507 0.100000
v 4.226256 7.073743 0.100000
v 4.204493 7.047225 0.100000
v 4.188321 7.016969 0.100000
v 4.178362 6.984140 0.100000
v 4.175000 6.950000 0.100000
v 4.178362 6.915859 0.100000
v 4.188321 6.883030 0.100000
v 4.204493 6.852775 0.100000
v 4.226256 6.826256 0.100000
v 4.252775 6.804492 0.100000
v 4.283031 6.788321 0.100000
v 4.315859 6.778362 0.100000
v 4.350000 6.775000 0.100000
v 4.384140 6.778362 0.100000
v 4.416969 6.788321 0.100000
v 4.447225 6.804492 0.100000
v 4.473743 6.826256 0.100000
v 4.495507 6.852775 0.100000
v 4.511679 6.883030 0.100000
v 4.521637 6.915859 0.100000
v 4.350000 6.950000 0.060000
v 4.350000 6.950000 0.060000
v 4.350000 6.950000 0.060000
v 4.350000 6.950000 0.060000
v 4.350000 6.950000 0.060000
v 4.350000 6.950000 0.060000
v 4.350000 6.950000 0.060000
v 4.350000 6.950000 0.060000
v 4.350000 6.950000 0.060000
v 4.350000 6.950000 0.060000
v 4.350000 6.950000 0.060000
v 4.350000 6.950000 0.060000
v 4.350000 6.950000 0.060000
v 4.350000 6.950000 0.060000
v 4.350000 6.950000 0.060000
v 4.350000 6.950000 0.060000
v 4.350000 6.950000 0.060000
v 4.350000 6.950000 0.060000
v 4.350000 6.950000 0.060000
v 4.350000 6.950000 0.060000
v 4.350000 6.950000 0.060000
v 4.350000 6.950000 0.060000
v 4.350000 6.950000 0.060000
v 4.350000 6.950000 0.060000
v 4.350000 6.950000 0.060000
v 4.350000 6.950000 0.060000
v 4.350000 6.950000 0.060000
v 4.350000 6.950000 0.060000
v 4.350000 6.950000 0.060000
v 4.350000 6.950000 0.060000
v 4.350000 6.950000 0.060000
v 4.350000 6.950000 0.060000
s 1
f 2943 2975 2976
f 2944 2976 2977
f 2945 2977 2978
f 2946 2978 2979
f 2947 2979 2980
f 2948 2980 2981
f 2949 2981 2982
f 2950 2982 2983
f 2951 2983 2984
f 2952 2984 2985
f 2953 2985 2986
f 2954 2986 2987
f 2955 2987 2988
f 2956 2988 2989
f 2957 2989 2990
f 2958 2990 2991
f 2959 2991 2992
f 2960 2992 2993
f 2961 2993 2994
f 2962 2994 2995
f 2963 2995 2996
f 2964 2996 2997
f 2965 2997 2998
f 2966 2998 2999
f 2967 2999 3000
f 2968 3000 3001
f 2969 3001 3002
f 2970 3002 3003
f 2971 3003 3004
f 2972 3004 3005
f 2973 3005 3006
f 2974 3006 2975
f 2975 2976 3008 3007
f 2976 2977 3009 3008
f 2977 2978 3010 3009
f 2978 2979 3011 3010
f 2979 2980 3012 3011
f 2980 2981 3013 3012
f 2981 2982 3014 3013
f 2982 2983 3015 3014
f 2983 2984 3016 3015
f 2984 2985 3017 3016
f 2985 2986 3018 3017
f 2986 2987 3019 3018
f 2987 2988 3020 3019
f 2988 2989 3021 3020
f 2989 2990 3022 3021
f 2990 2991 3023 3022
f 2991 2992 3024 3023
f 2992 2993 3025 3024
f 2993 2994 3026 3025
f 2994 2995 3027 3026
f 2995 2996 3028 3027
f 2996 2997 3029 3028
f 2997 2998 3030 3029
f 2998 2999 3031 3030
f 2999 3000 3032 3031
f 3000 3001 3033 3032
f 3001 3002 3034 3033
f 3002 3003 3035 3034
f 3003 3004 3036 3035
f 3004 3005 3037 3036
f 3005 3006 3038 3037
f 3006 2975 3007 3038
f 3007 3008 3040 3039
f 3008 3009 3041 3040
f 3009 3010 3042 3041
f 3010 3011 3043 3042
f 3011 3012 3044 3043
f 3012 3013 3045 3044
f 3013 3014 3046 3045
f 3014 3015 3047 3046
f 3015 3016 3048 3047
f 3016 3017 3049 3048
f 3017 3018 3050 3049
f 3018 3019 3051 3050
f 3019 3020 3052 3051
f 3020 3021 3053 3052
f 3021 3022 3054 3053
f 3022 3023 3055 3054
f 3023 3024 3056 3055
f 3024 3025 3057 3056
f 3025 3026 3058 3057
f 3026 3027 3059 3058
f 3027 3028 3060 3059
f 3028 3029 3061 3060
f 3029 3030 3062 3061
f 3030 3031 3063 3062
f 3031 3032 3064 3063
f 3032 3033 3065 3064
f 3033 3034 3066 3065
f 3034 3035 3067 3066
f 3035 3036 3068 3067
f 3036 3037 3069 3068
f 3037 3038 3070 3069
f 3038 3007 3039 3070
f 3039 3040 3072 3071
f 3040 3041 3073 3072
f 3041 3042 3074 3073
f 3042 3043 3075 3074
f 3043 3044 3076 3075
f 3044 3045 3077 3076
f 3045 3046 3078 3077
f 3046 3047 3079 3078
f 3047 3048 3080 3079
f 3048 3049 3081 3080
f 3049 3050 3082 3081
f 3050 3051 3083 3082
f 3051 3052 3084 3083
f 3052 3053 3085 3084
f 3053 3054 3086 3085
f 3054 3055 3087 3086
f 3055 3056 3088 3087
f 3056 3057 3089 3088
f 3057 3058 3090 3089
f 3058 3059 3091 3090
f 3059 3060 3092 3091
f 3060 3061 3093 3092
f 3061 3062 3094 3093
f 3062 3063 3095 3094
f 3063 3064 3096 3095
f 3064 3065 3097 3096
f 3065 3066 3098 3097
f 3066 3067 3099 3098
f 3067 3068 3100 3099
f 3068 3069 3101 3100
f 3069 3070 3102 3101
f 3070 3039 3071 3102
f 3071 3072 3104 3103
f 3072 3073 3105 3104
f 3073 3074 3106 3105
f 3074 3075 3107 3106
f 3075 3076 3108 3107
f 3076 3077 3109 3108
f 3077 3078 3110 3109
f 3078 3079 3111 3110
f 3079 3080 3112 3111
f 3080 3081 3113 3112
f 3081 3082 3114 3113
f 3082 3083 3115 3114
f 3083 3084 3116 3115
f 3084 3085 3117 3116
f 3085 3086 3118 3117
f 3086 3087 3119 3118
f 3087 3088 3120 3119
f 3088 3089 3121 3120
f 3089 3090 3122 3121
f 3090 3091 3123 3122
f 3091 3092 3124 3123
f 3092 3093 3125 3124
f 3093 3094 3126 3125
f 3094 3095 3127 3126
f 3095 3096 3128 3127
f 3096 3097 3129 3128
f 3097 3098 3130 3129
f 3098 3099 3131 3130
f 3099 3100 3132 3131
f 3100 3101 3133 3132
f 3101 3102 3134 3133
f 3102 3071 3103 3134
f 3103 3104 3136
f 3104 3105 3137
f 3105 3106 3138
f 3106 3107 3139
f 3107 3108 3140
f 3108 3109 3141
f 3109 3110 3142
f 3110 3111 3143
f 3111 3112 3144
f 3112 3113 3145
f 3113 3114 3146
f 3114 3115 3147
f 3115 3116 3148
f 3116 3117 3149
f 3117 3118 3150
f 3118 3119 3151
f 3119 3120 3152
f 3120 3121 3153
f 3121 3122 3154
f 3122 3123 3155
f 3123 3124 3156
f 3124 3125 3157
f 3125 3126 3158
f 3126 3127 3159
f 3127 3128 3160
f 3128 3129 3161
f 3129 3130 3162
f 3130 3131 3163
f 3131 3132 3164
f 3132 3133 3165
f 3133 3134 3166
f 3134 3103 3135
o herb_pot
v 0.000000 2.700000 1.165000
v 0.000000 2.700000 1.165000
v 0.000000 2.700000 1.165000
v 0.000000 2.700000 1.165000
v 0.000000 2.700000 1.165000
v 0.000000 2.700000 1.165000
v 0.000000 2.700000 1.165000
v 0.000000 2.700000 1.165000
v 0.000000 2.700000 1.165000
v 0.000000 2.700000 1.165000
v 0.000000 2.700000 1.165000
v 0.000000 2.700000 1.165000
v 0.000000 2.700000 1.165000
v 0.000000 2.700000 1.165000
v 0.000000 2.700000 1.165000
v 0.000000 2.700000 1.165000
v 0.000000 2.700000 1.165000
v 0.000000 2.700000 1.165000
v 0.000000 2.700000 1.165000
v 0.000000 2.700000 1.165000
v 0.000000 2.700000 1.165000
v 0.000000 2.700000 1.165000
v 0.000000 2.700000 1.165000
v 0.000000 2.700000 1.165000
v 0.050000 2.700000 1.167000
v 0.048296 2.712941 1.167000
v 0.043301 2.725000 1.167000
v 0.035355 2.735355 1.167000
v 0.025000 2.743301 1.167000
v 0.012941 2.748296 1.167000
v 0.000000 2.750000 1.167000
v -0.012941 2.748296 1.167000
v -0.025000 2.743301 1.167000
v -0.035355 2.735355 1.167000
v -0.043301 2.725000 1.167000
v -0.048296 2.712941 1.167000
v -0.050000 2.700000 1.167000
v -0.048296 2.687059 1.167000
v -0.043301 2.675000 1.167000
v -0.035355 2.664645 1.167000
v -0.025000 2.656699 1.167000
v -0.012941 2.651704 1.167000
v -0.000000 2.650000 1.167000
v 0.012941 2.651704 1.167000
v 0.025000 2.656699 1.167000
v 0.035355 2.664645 1.167000
v 0.043301 2.675000 1.167000
v 0.048296 2.687059 1.167000
v 0.062000 2.700000 1.215000
v 0.059887 2.716047 1.215000
v 0.053694 2.731000 1.215000
v 0.043841 2.743841 1.215000
v 0.031000 2.753694 1.215000
v 0.016047 2.759887 1.215000
v 0.000000 2.762000 1.215000
v -0.016047 2.759887 1.215000
v -0.031000 2.753694 1.215000
v -0.043841 2.743841 1.215000
v -0.053694 2.731000 1.215000
v -0.059887 2.716047 1.215000
v -0.062000 2.700000 1.215000
v -0.059887 2.683953 1.215000
v -0.053694 2.669000 1.215000
v -0.043841 2.656159 1.215000
v -0.031000 2.646307 1.215000
v -0.016047 2.640113 1.215000
v -0.000000 2.638000 1.215000
v 0.016047 2.640113 1.215000
v 0.031000 2.646307 1.215000
v 0.043841 2.656159 1.215000
v 0.053694 2.669000 1.215000
v 0.059887 2.683953 1.215000
v 0.070000 2.700000 1.265000
v 0.067615 2.718117 1.265000
v 0.060622 2.735000 1.265000
v 0.049497 2.749497 1.265000
v 0.035000 2.760622 1.265000
v 0.018117 2.767615 1.265000
v 0.000000 2.770000 1.265000
v -0.018117 2.767615 1.265000
v -0.035000 2.760622 1.265000
v -0.049497 2.749497 1.265000
v -0.060622 2.735000 1.265000
v -0.067615 2.718117 1.265000
v -0.070000 2.700000 1.265000
v -0.067615 2.681883 1.265000
v -0.060622 2.665000 1.265000
v -0.049497 2.650503 1.265000
v -0.035000 2.639378 1.265000
v -0.018117 2.632385 1.265000
v -0.000000 2.630000 1.265000
v 0.018117 2.632385 1.265000
v 0.035000 2.639378 1.265000
v 0.049497 2.650503 1.265000
v 0.060622 2.665000 1.265000
v 0.067615 2.681883 1.265000
v 0.064000 2.700000 1.270000
v 0.061819 2.716564 1.270000
v 0.055426 2.732000 1.270000
v 0.045255 2.745255 1.270000
v 0.032000 2.755426 1.270000
v 0.016564 2.761819 1.270000
v 0.000000 2.764000 1.270000
v -0.016564 2.761819 1.270000
v -0.032000 2.755426 1.270000
v -0.045255 2.745255 1.270000
v -0.055426 2.732000 1.270000
v -0.061819 2.716564 1.270000
v -0.064000 2.700000 1.270000
v -0.061819 2.683436 1.270000
v -0.055426 2.668000 1.270000
v -0.045255 2.654745 1.270000
v -0.032000 2.644574 1.270000
v -0.016564 2.638181 1.270000
v -0.000000 2.636000 1.270000
v 0.016564 2.638181 1.270000
v 0.032000 2.644574 1.270000
v 0.045255 2.654745 1.270000
v 0.055426 2.668000 1.270000
v 0.061819 2.683436 1.270000
v 0.056000 2.700000 1.215000
v 0.054092 2.714494 1.215000
v 0.048497 2.728000 1.215000
v 0.039598 2.739598 1.215000
v 0.028000 2.748497 1.215000
v 0.014494 2.754092 1.215000
v 0.000000 2.756000 1.215000
v -0.014494 2.754092 1.215000
v -0.028000 2.748497 1.215000
v -0.039598 2.739598 1.215000
v -0.048497 2.728000 1.215000
v -0.054092 2.714494 1.215000
v -0.056000 2.700000 1.215000
v -0.054092 2.685506 1.215000
v -0.048497 2.672000 1.215000
v -0.039598 2.660402 1.215000
v -0.028000 2.651503 1.215000
v -0.014494 2.645908 1.215000
v -0.000000 2.644000 1.215000
v 0.014494 2.645908 1.215000
v 0.028000 2.651503 1.215000
v 0.039598 2.660402 1.215000
v 0.048497 2.672000 1.215000
v 0.054092 2.685506 1.215000
v 0.000000 2.700000 1.195000
v 0.000000 2.700000 1.195000
v 0.000000 2.700000 1.195000
v 0.000000 2.700000 1.195000
v 0.000000 2.700000 1.195000
v 0.000000 2.700000 1.195000
v 0.000000 2.700000 1.195000
v 0.000000 2.700000 1.195000
v 0.000000 2.700000 1.195000
v 0.000000 2.700000 1.195000
v 0.000000 2.700000 1.195000
v 0.000000 2.700000 1.195000
v 0.000000 2.700000 1.195000
v 0.000000 2.700000 1.195000
v 0.000000 2.700000 1.195000
v 0.000000 2.700000 1.195000
v 0.000000 2.700000 1.195000
v 0.000000 2.700000 1.195000
v 0.000000 2.700000 1.195000
v 0.000000 2.700000 1.195000
v 0.000000 2.700000 1.195000
v 0.000000 2.700000 1.195000
v 0.000000 2.700000 1.195000
v 0.000000 2.700000 1.195000
s 1
f 3167 3191 3192
f 3168 3192 3193
f 3169 3193 3194
f 3170 3194 3195
f 3171 3195 3196
f 3172 3196 3197
f 3173 3197 3198
f 3174 3198 3199
f 3175 3199 3200
f 3176 3200 3201
f 3177 3201 3202
f 3178 3202 3203
f 3179 3203 3204
f 3180 3204 3205
f 3181 3205 3206
f 3182 3206 3207
f 3183 3207 3208
f 3184 3208 3209
f 3185 3209 3210
f 3186 3210 3211
f 3187 3211 3212
f 3188 3212 3213
f 3189 3213 3214
f 3190 3214 3191
f 3191 3192 3216 3215
f 3192 3193 3217 3216
f 3193 3194 3218 3217
f 3194 3195 3219 3218
f 3195 3196 3220 3219
f 3196 3197 3221 3220
f 3197 3198 3222 3221
f 3198 3199 3223 3222
f 3199 3200 3224 3223
f 3200 3201 3225 3224
f 3201 3202 3226 3225
f 3202 3203 3227 3226
f 3203 3204 3228 3227
f 3204 3205 3229 3228
f 3205 3206 3230 3229
f 3206 3207 3231 3230
f 3207 3208 3232 3231
f 3208 3209 3233 3232
f 3209 3210 3234 3233
f 3210 3211 3235 3234
f 3211 3212 3236 3235
f 3212 3213 3237 3236
f 3213 3214 3238 3237
f 3214 3191 3215 3238
f 3215 3216 3240 3239
f 3216 3217 3241 3240
f 3217 3218 3242 3241
f 3218 3219 3243 3242
f 3219 3220 3244 3243
f 3220 3221 3245 3244
f 3221 3222 3246 3245
f 3222 3223 3247 3246
f 3223 3224 3248 3247
f 3224 3225 3249 3248
f 3225 3226 3250 3249
f 3226 3227 3251 3250
f 3227 3228 3252 3251
f 3228 3229 3253 3252
f 3229 3230 3254 3253
f 3230 3231 3255 3254
f 3231 3232 3256 3255
f 3232 3233 3257 3256
f 3233 3234 3258 3257
f 3234 3235 3259 3258
f 3235 3236 3260 3259
f 3236 3237 3261 3260
f 3237 3238 3262 3261
f 3238 3215 3239 3262
f 3239 3240 3264 3263
f 3240 3241 3265 3264
f 3241 3242 3266 3265
f 3242 3243 3267 3266
f 3243 3244 3268 3267
f 3244 3245 3269 3268
f 3245 3246 3270 3269
f 3246 3247 3271 3270
f 3247 3248 3272 3271
f 3248 3249 3273 3272
f 3249 3250 3274 3273
f 3250 3251 3275 3274
f 3251 3252 3276 3275
f 3252 3253 3277 3276
f 3253 3254 3278 3277
f 3254 3255 3279 3278
f 3255 3256 3280 3279
f 3256 3257 3281 3280
f 3257 3258 3282 3281
f 3258 3259 3283 3282
f 3259 3260 3284 3283
f 3260 3261 3285 3284
f 3261 3262 3286 3285
f 3262 3239 3263 3286
f 3263 3264 3288 3287
f 3264 3265 3289 3288
f 3265 3266 3290 3289
f 3266 3267 3291 3290
f 3267 3268 3292 3291
f 3268 3269 3293 3292
f 3269 3270 3294 3293
f 3270 3271 3295 3294
f 3271 3272 3296 3295
f 3272 3273 3297 3296
f 3273 3274 3298 3297
f 3274 3275 3299 3298
f 3275 3276 3300 3299
f 3276 3277 3301 3300
f 3277 3278 3302 3301
f 3278 3279 3303 3302
f 3279 3280 3304 3303
f 3280 3281 3305 3304
f 3281 3282 3306 3305
f 3282 3283 3307 3306
f 3283 3284 3308 3307
f 3284 3285 3309 3308
f 3285 3286 3310 3309
f 3286 3263 3287 3310
f 3287 3288 3312
f 3288 3289 3313
f 3289 3290 3314
f 3290 3291 3315
f 3291 3292 3316
f 3292 3293 3317
f 3293 3294 3318
f 3294 3295 3319
f 3295 3296 3320
f 3296 3297 3321
f 3297 3298 3322
f 3298 3299 3323
f 3299 3300 3324
f 3300 3301 3325
f 3301 3302 3326
f 3302 3303 3327
f 3303 3304 3328
f 3304 3305 3329
f 3305 3306 3330
f 3306 3307 3331
f 3307 3308 3332
f 3308 3309 3333
f 3309 3310 3334
f 3310 3287 3311
o plate_table
v 6.380000 5.280000 0.757000
v 6.380000 5.280000 0.757000
v 6.380000 5.280000 0.757000
v 6.380000 5.280000 0.757000
v 6.380000 5.280000 0.757000
v 6.380000 5.280000 0.757000
v 6.380000 5.280000 0.757000
v 6.380000 5.280000 0.757000
v 6.380000 5.280000 0.757000
v 6.380000 5.280000 0.757000
v 6.380000 5.280000 0.757000
v 6.380000 5.280000 0.757000
v 6.380000 5.280000 0.757000
v 6.380000 5.280000 0.757000
v 6.380000 5.280000 0.757000
v 6.380000 5.280000 0.757000
v 6.380000 5.280000 0.757000
v 6.380000 5.280000 0.757000
v 6.380000 5.280000 0.757000
v 6.380000 5.280000 0.757000
v 6.380000 5.280000 0.757000
v 6.380000 5.280000 0.757000
v 6.380000 5.280000 0.757000
v 6.380000 5.280000 0.757000
v 6.380000 5.280000 0.757000
v 6.380000 5.280000 0.757000
v 6.380000 5.280000 0.757000
v 6.380000 5.280000 0.757000
v 6.380000 5.280000 0.757000
v 6.380000 5.280000 0.757000
v 6.380000 5.280000 0.757000
v 6.380000 5.280000 0.757000
v 6.480000 5.280000 0.761000
v 6.478079 5.299509 0.761000
v 6.472388 5.318269 0.761000
v 6.463147 5.335557 0.761000
v 6.450711 5.350711 0.761000
v 6.435557 5.363147 0.761000
v 6.418269 5.372388 0.761000
v 6.399509 5.378079 0.761000
v 6.380000 5.380000 0.761000
v 6.360491 5.378079 0.761000
v 6.341732 5.372388 0.761000
v 6.324443 5.363147 0.761000
v 6.309289 5.350711 0.761000
v 6.296853 5.335557 0.761000
v 6.287612 5.318269 0.761000
v 6.281921 5.299509 0.761000
v 6.280000 5.280000 0.761000
v 6.281921 5.260491 0.761000
v 6.287612 5.241732 0.761000
v 6.296853 5.224443 0.761000
v 6.309289 5.209290 0.761000
v 6.324443 5.196853 0.761000
v 6.341732 5.187612 0.761000
v 6.360491 5.181921 0.761000
v 6.380000 5.180000 0.761000
v 6.399509 5.181921 0.761000
v 6.418269 5.187612 0.761000
v 6.435557 5.196853 0.761000
v 6.450711 5.209290 0.761000
v 6.463147 5.224443 0.761000
v 6.472388 5.241732 0.761000
v 6.478079 5.260491 0.761000
v 6.498000 5.280000 0.769000
v 6.495733 5.303021 0.769000
v 6.489018 5.325157 0.769000
v 6.478114 5.345558 0.769000
v 6.463439 5.363439 0.769000
v 6.445558 5.378114 0.769000
v 6.425157 5.389018 0.769000
v 6.403021 5.395733 0.769000
v 6.380000 5.398000 0.769000
v 6.356979 5.395733 0.769000
v 6.334844 5.389018 0.769000
v 6.314443 5.378114 0.769000
v 6.296562 5.363439 0.769000
v 6.281887 5.345558 0.769000
v 6.270982 5.325157 0.769000
v 6.264267 5.303021 0.769000
v 6.262000 5.280000 0.769000
v 6.264267 5.256979 0.769000
v 6.270982 5.234844 0.769000
v 6.281887 5.214443 0.769000
v 6.296562 5.196562 0.769000
v 6.314443 5.181887 0.769000
v 6.334844 5.170982 0.769000
v 6.356979 5.164268 0.769000
v 6.380000 5.162000 0.769000
v 6.403021 5.164268 0.769000
v 6.425157 5.170982 0.769000
v 6.445558 5.181887 0.769000
v 6.463439 5.196562 0.769000
v 6.478114 5.214443 0.769000
v 6.489018 5.234844 0.769000
v 6.495733 5.256979 0.769000
v 6.480000 5.280000 0.773000
v 6.478079 5.299509 0.773000
v 6.472388 5.318269 0.773000
v 6.463147 5.335557 0.773000
v 6.450711 5.350711 0.773000
v 6.435557 5.363147 0.773000
v 6.418269 5.372388 0.773000
v 6.399509 5.378079 0.773000
v 6.380000 5.380000 0.773000
v 6.360491 5.378079 0.773000
v 6.341732 5.372388 0.773000
v 6.324443 5.363147 0.773000
v 6.309289 5.350711 0.773000
v 6.296853 5.335557 0.773000
v 6.287612 5.318269 0.773000
v 6.281921 5.299509 0.773000
v 6.280000 5.280000 0.773000
v 6.281921 5.260491 0.773000
v 6.287612 5.241732 0.773000
v 6.296853 5.224443 0.773000
v 6.309289 5.209290 0.773000
v 6.324443 5.196853 0.773000
v 6.341732 5.187612 0.773000
v 6.360491 5.181921 0.773000
v 6.380000 5.180000 0.773000
v 6.399509 5.181921 0.773000
v 6.418269 5.187612 0.773000
v 6.435557 5.196853 0.773000
v 6.450711 5.209290 0.773000
v 6.463147 5.224443 0.773000
v 6.472388 5.241732 0.773000
v 6.478079 5.260491 0.773000
v 6.380000 5.280000 0.775000
v 6.380000 5.280000 0.775000
v 6.380000 5.280000 0.775000
v 6.380000 5.280000 0.775000
v 6.380000 5.280000 0.775000
v 6.380000 5.280000 0.775000
v 6.380000 5.280000 0.775000
v 6.380000 5.280000 0.775000
v 6.380000 5.280000 0.775000
v 6.380000 5.280000 0.775000
v 6.380000 5.280000 0.775000
v 6.380000 5.280000 0.775000
v 6.380000 5.280000 0.775000
v 6.380000 5.280000 0.775000
v 6.380000 5.280000 0.775000
v 6.380000 5.280000 0.775000
v 6.380000 5.280000 0.775000
v 6.380000 5.280000 0.775000
v 6.380000 5.280000 0.775000
v 6.380000 5.280000 0.775000
v 6.380000 5.280000 0.775000
v 6.380000 5.280000 0.775000
v 6.380000 5.280000 0.775000
v 6.380000 5.280000 0.775000
v 6.380000 5.280000 0.775000
v 6.380000 5.280000 0.775000
v 6.380000 5.280000 0.775000
v 6.380000 5.280000 0.775000
v 6.380000 5.280000 0.775000
v 6.380000 5.280000 0.775000
v 6.380000 5.280000 0.775000
v 6.380000 5.280000 0.775000
s 1
f 3335 3367 3368
f 3336 3368 3369
f 3337 3369 3370
f 3338 3370 3371
f 3339 3371 3372
f 3340 3372 3373
f 3341 3373 3374
f 3342 3374 3375
f 3343 3375 3376
f 3344 3376 3377
f 3345 3377 3378
f 3346 3378 3379
f 3347 3379 3380
f 3348 3380 3381
f 3349 3381 3382
f 3350 3382 3383
f 3351 3383 3384
f 3352 3384 3385
f 3353 3385 3386
f 3354 3386 3387
f 3355 3387 3388
f 3356 3388 3389
f 3357 3389 3390
f 3358 3390 3391
f 3359 3391 3392
f 3360 3392 3393
f 3361 3393 3394
f 3362 3394 3395
f 3363 3395 3396
f 3364 3396 3397
f 3365 3397 3398
f 3366 3398 3367
f 3367 3368 3400 3399
f 3368 3369 3401 3400
f 3369 3370 3402 3401
f 3370 3371 3403 3402
f 3371 3372 3404 3403
f 3372 3373 3405 3404
f 3373 3374 3406 3405
f 3374 3375 3407 3406
f 3375 3376 3408 3407
f 3376 3377 3409 3408
f 3377 3378 3410 3409
f 3378 3379 3411 3410
f 3379 3380 3412 3411
f 3380 3381 3413 3412
f 3381 3382 3414 3413
f 3382 3383 3415 3414
f 3383 3384 3416 3415
f 3384 3385 3417 3416
f 3385 3386 3418 3417
f 3386 3387 3419 3418
f 3387 3388 3420 3419
f 3388 3389 3421 3420
f 3389 3390 3422 3421
f 3390 3391 3423 3422
f 3391 3392 3424 3423
f 3392 3393 3425 3424
f 3393 3394 3426 3425
f 3394 3395 3427 3426
f 3395 3396 3428 3427
f 3396 3397 3429 3428
f 3397 3398 3430 3429
f 3398 3367 3399 3430
f 3399 3400 3432 3431
f 3400 3401 3433 3432
f 3401 3402 3434 3433
f 3402 3403 3435 3434
f 3403 3404 3436 3435
f 3404 3405 3437 3436
f 3405 3406 3438 3437
f 3406 3407 3439 3438
f 3407 3408 3440 3439
f 3408 3409 3441 3440
f 3409 3410 3442 3441
f 3410 3411 3443 3442
f 3411 3412 3444 3443
f 3412 3413 3445 3444
f 3413 3414 3446 3445
f 3414 3415 3447 3446
f 3415 3416 3448 3447
f 3416 3417 3449 3448
f 3417 3418 3450 3449
f 3418 3419 3451 3450
f 3419 3420 3452 3451
f 3420 3421 3453 3452
f 3421 3422 3454 3453
f 3422 3423 3455 3454
f 3423 3424 3456 3455
f 3424 3425 3457 3456
f 3425 3426 3458 3457
f 3426 3427 3459 3458
f 3427 3428 3460 3459
f 3428 3429 3461 3460
f 3429 3430 3462 3461
f 3430 3399 3431 3462
f 3431 3432 3464
f 3432 3433 3465
f 3433 3434 3466
f 3434 3435 3467
f 3435 3436 3468
f 3436 3437 3469
f 3437 3438 3470
f 3438 3439 3471
f 3439 3440 3472
f 3440 3441 3473
f 3441 3442 3474
f 3442 3443 3475
f 3443 3444 3476
f 3444 3445 3477
f 3445 3446 3478
f 3446 3447 3479
f 3447 3448 3480
f 3448 3449 3481
f 3449 3450 3482
f 3450 3451 3483
f 3451 3452 3484
f 3452 3453 3485
f 3453 3454 3486
f 3454 3455 3487
f 3455 3456 3488
f 3456 3457 3489
f 3457 3458 3490
f 3458 3459 3491
f 3459 3460 3492
f 3460 3461 3493
f 3461 3462 3494
f 3462 3431 3463
o mug_table_body
v 6.620000 5.240000 0.756000
v 6.620000 5.240000 0.756000
v 6.620000 5.240000 0.756000
v 6.620000 5.240000 0.756000
v 6.620000 5.240000 0.756000
v 6.620000 5.240000 0.756000
v 6.620000 5.240000 0.756000
v 6.620000 5.240000 0.756000
v 6.620000 5.240000 0.756000
v 6.620000 5.240000 0.756000
v 6.620000 5.240000 0.756000
v 6.620000 5.240000 0.756000
v 6.620000 5.240000 0.756000
v 6.620000 5.240000 0.756000
v 6.620000 5.240000 0.756000
v 6.620000 5.240000 0.756000
v 6.620000 5.240000 0.756000
v 6.620000 5.240000 0.756000
v 6.620000 5.240000 0.756000
v 6.620000 5.240000 0.756000
v 6.620000 5.240000 0.756000
v 6.620000 5.240000 0.756000
v 6.620000 5.240000 0.756000
v 6.620000 5.240000 0.756000
v 6.620000 5.240000 0.756000
v 6.620000 5.240000 0.756000
v 6.620000 5.240000 0.756000
v 6.620000 5.240000 0.756000
v 6.620000 5.240000 0.756000
v 6.620000 5.240000 0.756000
v 6.620000 5.240000 0.756000
v 6.620000 5.240000 0.756000
v 6.647577 5.216859 0.758000
v 6.651562 5.222684 0.758000
v 6.654334 5.229174 0.758000
v 6.655786 5.236081 0.758000
v 6.655863 5.243137 0.758000
v 6.654562 5.250073 0.758000
v 6.651932 5.256623 0.758000
v 6.648076 5.262533 0.758000
v 6.643140 5.267577 0.758000
v 6.637315 5.271562 0.758000
v 6.630826 5.274333 0.758000
v 6.623919 5.275786 0.758000
v 6.616862 5.275863 0.758000
v 6.609926 5.274561 0.758000
v 6.603377 5.271932 0.758000
v 6.597466 5.268075 0.758000
v 6.592422 5.263140 0.758000
v 6.588438 5.257315 0.758000
v 6.585666 5.250825 0.758000
v 6.584214 5.243919 0.758000
v 6.584137 5.236862 0.758000
v 6.585438 5.229926 0.758000
v 6.588068 5.223377 0.758000
v 6.591924 5.217466 0.758000
v 6.596859 5.212422 0.758000
v 6.602684 5.208437 0.758000
v 6.609174 5.205666 0.758000
v 6.616081 5.204214 0.758000
v 6.623137 5.204137 0.758000
v 6.630074 5.205438 0.758000
v 6.636623 5.208067 0.758000
v 6.642533 5.211924 0.758000
v 6.650641 5.214288 0.774000
v 6.655069 5.220760 0.774000
v 6.658149 5.227972 0.774000
v 6.659762 5.235645 0.774000
v 6.659848 5.243486 0.774000
v 6.658402 5.251193 0.774000
v 6.655480 5.258470 0.774000
v 6.651195 5.265037 0.774000
v 6.645711 5.270641 0.774000
v 6.639239 5.275069 0.774000
v 6.632028 5.278149 0.774000
v 6.624354 5.279762 0.774000
v 6.616514 5.279848 0.774000
v 6.608807 5.278402 0.774000
v 6.601530 5.275480 0.774000
v 6.594963 5.271195 0.774000
v 6.589358 5.265711 0.774000
v 6.584931 5.259239 0.774000
v 6.581851 5.252028 0.774000
v 6.580238 5.244354 0.774000
v 6.580152 5.236514 0.774000
v 6.581598 5.228806 0.774000
v 6.584519 5.221530 0.774000
v 6.588805 5.214963 0.774000
v 6.594288 5.209358 0.774000
v 6.600760 5.204931 0.774000
v 6.607972 5.201851 0.774000
v 6.615645 5.200238 0.774000
v 6.623486 5.200152 0.774000
v 6.631193 5.201598 0.774000
v 6.638470 5.204519 0.774000
v 6.645037 5.208805 0.774000
v 6.650641 5.214288 0.844000
v 6.655069 5.220760 0.844000
v 6.658149 5.227972 0.844000
v 6.659762 5.235645 0.844000
v 6.659848 5.243486 0.844000
v 6.658402 5.251193 0.844000
v 6.655480 5.258470 0.844000
v 6.651195 5.265037 0.844000
v 6.645711 5.270641 0.844000
v 6.639239 5.275069 0.844000
v 6.632028 5.278149 0.844000
v 6.624354 5.279762 0.844000
v 6.616514 5.279848 0.844000
v 6.608807 5.278402 0.844000
v 6.601530 5.275480 0.844000
v 6.594963 5.271195 0.844000
v 6.589358 5.265711 0.844000
v 6.584931 5.259239 0.844000
v 6.581851 5.252028 0.844000
v 6.580238 5.244354 0.844000
v 6.580152 5.236514 0.844000
v 6.581598 5.228806 0.844000
v 6.584519 5.221530 0.844000
v 6.588805 5.214963 0.844000
v 6.594288 5.209358 0.844000
v 6.600760 5.204931 0.844000
v 6.607972 5.201851 0.844000
v 6.615645 5.200238 0.844000
v 6.623486 5.200152 0.844000
v 6.631193 5.201598 0.844000
v 6.638470 5.204519 0.844000
v 6.645037 5.208805 0.844000
v 6.648344 5.216217 0.848000
v 6.652439 5.222203 0.848000
v 6.655287 5.228874 0.848000
v 6.656780 5.235972 0.848000
v 6.656859 5.243225 0.848000
v 6.655522 5.250353 0.848000
v 6.652819 5.257084 0.848000
v 6.648856 5.263159 0.848000
v 6.643783 5.268343 0.848000
v 6.637796 5.272439 0.848000
v 6.631126 5.275287 0.848000
v 6.624028 5.276780 0.848000
v 6.616775 5.276859 0.848000
v 6.609646 5.275522 0.848000
v 6.602915 5.272819 0.848000
v 6.596841 5.268856 0.848000
v 6.591656 5.263783 0.848000
v 6.587561 5.257796 0.848000
v 6.584713 5.251126 0.848000
v 6.583220 5.244028 0.848000
v 6.583141 5.236775 0.848000
v 6.584478 5.229646 0.848000
v 6.587181 5.222915 0.848000
v 6.591144 5.216841 0.848000
v 6.596217 5.211656 0.848000
v 6.602203 5.207561 0.848000
v 6.608874 5.204712 0.848000
v 6.615972 5.203220 0.848000
v 6.623225 5.203141 0.848000
v 6.630353 5.204478 0.848000
v 6.637084 5.207181 0.848000
v 6.643159 5.211144 0.848000
v 6.646045 5.218145 0.848000
v 6.649808 5.223646 0.848000
v 6.652426 5.229776 0.848000
v 6.653798 5.236298 0.848000
v 6.653871 5.242963 0.848000
v 6.652642 5.249514 0.848000
v 6.650158 5.255699 0.848000
v 6.646516 5.261281 0.848000
v 6.641855 5.266045 0.848000
v 6.636353 5.269808 0.848000
v 6.630224 5.272426 0.848000
v 6.623702 5.273798 0.848000
v 6.617037 5.273870 0.848000
v 6.610486 5.272642 0.848000
v 6.604300 5.270158 0.848000
v 6.598719 5.266516 0.848000
v 6.593955 5.261855 0.848000
v 6.590191 5.256353 0.848000
v 6.587574 5.250224 0.848000
v 6.586202 5.243701 0.848000
v 6.586129 5.237037 0.848000
v 6.587358 5.230485 0.848000
v 6.589841 5.224300 0.848000
v 6.593484 5.218719 0.848000
v 6.598145 5.213954 0.848000
v 6.603646 5.210191 0.848000
v 6.609776 5.207573 0.848000
v 6.616298 5.206202 0.848000
v 6.622963 5.206129 0.848000
v 6.629514 5.207358 0.848000
v 6.635699 5.209841 0.848000
v 6.641281 5.213484 0.848000
v 6.646045 5.218145 0.774000
v 6.649808 5.223646 0.774000
v 6.652426 5.229776 0.774000
v 6.653798 5.236298 0.774000
v 6.653871 5.242963 0.774000
v 6.652642 5.249514 0.774000
v 6.650158 5.255699 0.774000
v 6.646516 5.261281 0.774000
v 6.641855 5.266045 0.774000
v 6.636353 5.269808 0.774000
v 6.630224 5.272426 0.774000
v 6.623702 5.273798 0.774000
v 6.617037 5.273870 0.774000
v 6.610486 5.272642 0.774000
v 6.604300 5.270158 0.774000
v 6.598719 5.266516 0.774000
v 6.593955 5.261855 0.774000
v 6.590191 5.256353 0.774000
v 6.587574 5.250224 0.774000
v 6.586202 5.243701 0.774000
v 6.586129 5.237037 0.774000
v 6.587358 5.230485 0.774000
v 6.589841 5.224300 0.774000
v 6.593484 5.218719 0.774000
v 6.598145 5.213954 0.774000
v 6.603646 5.210191 0.774000
v 6.609776 5.207573 0.774000
v 6.616298 5.206202 0.774000
v 6.622963 5.206129 0.774000
v 6.629514 5.207358 0.774000
v 6.635699 5.209841 0.774000
v 6.641281 5.213484 0.774000
v 6.620000 5.240000 0.766000
v 6.620000 5.240000 0.766000
v 6.620000 5.240000 0.766000
v 6.620000 5.240000 0.766000
v 6.620000 5.240000 0.766000
v 6.620000 5.240000 0.766000
v 6.620000 5.240000 0.766000
v 6.620000 5.240000 0.766000
v 6.620000 5.240000 0.766000
v 6.620000 5.240000 0.766000
v 6.620000 5.240000 0.766000
v 6.620000 5.240000 0.766000
v 6.620000 5.240000 0.766000
v 6.620000 5.240000 0.766000
v 6.620000 5.240000 0.766000
v 6.620000 5.240000 0.766000
v 6.620000 5.240000 0.766000
v 6.620000 5.240000 0.766000
v 6.620000 5.240000 0.766000
v 6.620000 5.240000 0.766000
v 6.620000 5.240000 0.766000
v 6.620000 5.240000 0.766000
v 6.620000 5.240000 0.766000
v 6.620000 5.240000 0.766000
v 6.620000 5.240000 0.766000
v 6.620000 5.240000 0.766000
v 6.620000 5.240000 0.766000
v 6.620000 5.240000 0.766000
v 6.620000 5.240000 0.766000
v 6.620000 5.240000 0.766000
v 6.620000 5.240000 0.766000
v 6.620000 5.240000 0.766000
s 1
f 3495 3527 3528
f 3496 3528 3529
f 3497 3529 3530
f 3498 3530 3531
f 3499 3531 3532
f 3500 3532 3533
f 3501 3533 3534
f 3502 3534 3535
f 3503 3535 3536
f 3504 3536 3537
f 3505 3537 3538
f 3506 3538 3539
f 3507 3539 3540
f 3508 3540 3541
f 3509 3541 3542
f 3510 3542 3543
f 3511 3543 3544
f 3512 3544 3545
f 3513 3545 3546
f 3514 3546 3547
f 3515 3547 3548
f 3516 3548 3549
f 3517 3549 3550
f 3518 3550 3551
f 3519 3551 3552
f 3520 3552 3553
f 3521 3553 3554
f 3522 3554 3555
f 3523 3555 3556
f 3524 3556 3557
f 3525 3557 3558
f 3526 3558 3527
f 3527 3528 3560 3559
f 3528 3529 3561 3560
f 3529 3530 3562 3561
f 3530 3531 3563 3562
f 3531 3532 3564 3563
f 3532 3533 3565 3564
f 3533 3534 3566 3565
f 3534 3535 3567 3566
f 3535 3536 3568 3567
f 3536 3537 3569 3568
f 3537 3538 3570 3569
f 3538 3539 3571 3570
f 3539 3540 3572 3571
f 3540 3541 3573 3572
f 3541 3542 3574 3573
f 3542 3543 3575 3574
f 3543 3544 3576 3575
f 3544 3545 3577 3576
f 3545 3546 3578 3577
f 3546 3547 3579 3578
f 3547 3548 3580 3579
f 3548 3549 3581 3580
f 3549 3550 3582 3581
f 3550 3551 3583 3582
f 3551 3552 3584 3583
f 3552 3553 3585 3584
f 3553 3554 3586 3585
f 3554 3555 3587 3586
f 3555 3556 3588 3587
f 3556 3557 3589 3588
f 3557 3558 3590 3589
f 3558 3527 3559 3590
f 3559 3560 3592 3591
f 3560 3561 3593 3592
f 3561 3562 3594 3593
f 3562 3563 3595 3594
f 3563 3564 3596 3595
f 3564 3565 3597 3596
f 3565 3566 3598 3597
f 3566 3567 3599 3598
f 3567 3568 3600 3599
f 3568 3569 3601 3600
f 3569 3570 3602 3601
f 3570 3571 3603 3602
f 3571 3572 3604 3603
f 3572 3573 3605 3604
f 3573 3574 3606 3605
f 3574 3575 3607 3606
f 3575 3576 3608 3607
f 3576 3577 3609 3608
f 3577 3578 3610 3609
f 3578 3579 3611 3610
f 3579 3580 3612 3611
f 3580 3581 3613 3612
f 3581 3582 3614 3613
f 3582 3583 3615 3614
f 3583 3584 3616 3615
f 3584 3585 3617 3616
f 3585 3586 3618 3617
f 3586 3587 3619 3618
f 3587 3588 3620 3619
f 3588 3589 3621 3620
f 3589 3590 3622 3621
f 3590 3559 3591 3622
f 3591 3592 3624 3623
f 3592 3593 3625 3624
f 3593 3594 3626 3625
f 3594 3595 3627 3626
f 3595 3596 3628 3627
f 3596 3597 3629 3628
f 3597 3598 3630 3629
f 3598 3599 3631 3630
f 3599 3600 3632 3631
f 3600 3601 3633 3632
f 3601 3602 3634 3633
f 3602 3603 3635 3634
f 3603 3604 3636 3635
f 3604 3605 3637 3636
f 3605 3606 3638 3637
f 3606 3607 3639 3638
f 3607 3608 3640 3639
f 3608 3609 3641 3640
f 3609 3610 3642 3641
f 3610 3611 3643 3642
f 3611 3612 3644 3643
f 3612 3613 3645 3644
f 3613 3614 3646 3645
f 3614 3615 3647 3646
f 3615 3616 3648 3647
f 3616 3617 3649 3648
f 3617 3618 3650 3649
f 3618 3619 3651 3650
f 3619 3620 3652 3651
f 3620 3621 3653 3652
f 3621 3622 3654 3653
f 3622 3591 3623 3654
f 3623 3624 3656 3655
f 3624 3625 3657 3656
f 3625 3626 3658 3657
f 3626 3627 3659 3658
f 3627 3628 3660 3659
f 3628 3629 3661 3660
f 3629 3630 3662 3661
f 3630 3631 3663 3662
f 3631 3632 3664 3663
f 3632 3633 3665 3664
f 3633 3634 3666 3665
f 3634 3635 3667 3666
f 3635 3636 3668 3667
f 3636 3637 3669 3668
f 3637 3638 3670 3669
f 3638 3639 3671 3670
f 3639 3640 3672 3671
f 3640 3641 3673 3672
f 3641 3642 3674 3673
f 3642 3643 3675 3674
f 3643 3644 3676 3675
f 3644 3645 3677 3676
f 3645 3646 3678 3677
f 3646 3647 3679 3678
f 3647 3648 3680 3679
f 3648 3649 3681 3680
f 3649 3650 3682 3681
f 3650 3651 3683 3682
f 3651 3652 3684 3683
f 3652 3653 3685 3684
f 3653 3654 3686 3685
f 3654 3623 3655 3686
f 3655 3656 3688 3687
f 3656 3657 3689 3688
f 3657 3658 3690 3689
f 3658 3659 3691 3690
f 3659 3660 3692 3691
f 3660 3661 3693 3692
f 3661 3662 3694 3693
f 3662 3663 3695 3694
f 3663 3664 3696 3695
f 3664 3665 3697 3696
f 3665 3666 3698 3697
f 3666 3667 3699 3698
f 3667 3668 3700 3699
f 3668 3669 3701 3700
f 3669 3670 3702 3701
f 3670 3671 3703 3702
f 3671 3672 3704 3703
f 3672 3673 3705 3704
f 3673 3674 3706 3705
f 3674 3675 3707 3706
f 3675 3676 3708 3707
f 3676 3677 3709 3708
f 3677 3678 3710 3709
f 3678 3679 3711 3710
f 3679 3680 3712 3711
f 3680 3681 3713 3712
f 3681 3682 3714 3713
f 3682 3683 3715 3714
f 3683 3684 3716 3715
f 3684 3685 3717 3716
f 3685 3686 3718 3717
f 3686 3655 3687 3718
f 3687 3688 3720
f 3688 3689 3721
f 3689 3690 3722
f 3690 3691 3723
f 3691 3692 3724
f 3692 3693 3725
f 3693 3694 3726
f 3694 3695 3727
f 3695 3696 3728
f 3696 3697 3729
f 3697 3698 3730
f 3698 3699 3731
f 3699 3700 3732
f 3700 3701 3733
f 3701 3702 3734
f 3702 3703 3735
f 3703 3704 3736
f 3704 3705 3737
f 3705 3706 3738
f 3706 3707 3739
f 3707 3708 3740
f 3708 3709 3741
f 3709 3710 3742
f 3710 3711 3743
f 3711 3712 3744
f 3712 3713 3745
f 3713 3714 3746
f 3714 3715 3747
f 3715 3716 3748
f 3716 3717 3749
f 3717 3718 3750
f 3718 3687 3719
