# Blender 4.1.1
# www.blender.org
o wr_waste_cab_top
v 0.001500 1.801500 0.852000
v 0.001500 1.800000 0.853500
v 0.000000 1.801500 0.853500
v 0.001500 1.800439 0.852439
v 0.000634 1.800634 0.852634
v 0.000439 1.800439 0.853500
v 0.000439 1.801500 0.852439
v 0.001500 1.800000 0.868500
v 0.001500 1.801500 0.870000
v 0.000000 1.801500 0.868500
v 0.001500 1.800439 0.869561
v 0.000634 1.800634 0.869366
v 0.000439 1.801500 0.869561
v 0.000439 1.800439 0.868500
v 0.001500 2.398500 0.852000
v 0.000000 2.398500 0.853500
v 0.001500 2.400000 0.853500
v 0.000439 2.398500 0.852439
v 0.000634 2.399366 0.852634
v 0.000439 2.399560 0.853500
v 0.001500 2.399560 0.852439
v 0.001500 2.398500 0.870000
v 0.001500 2.400000 0.868500
v 0.000000 2.398500 0.868500
v 0.001500 2.399560 0.869561
v 0.000634 2.399366 0.869366
v 0.000439 2.399560 0.868500
v 0.000439 2.398500 0.869561
v 0.648500 1.801500 0.852000
v 0.650000 1.801500 0.853500
v 0.648500 1.800000 0.853500
v 0.649561 1.801500 0.852439
v 0.649366 1.800634 0.852634
v 0.649561 1.800439 0.853500
v 0.648500 1.800439 0.852439
v 0.648500 1.801500 0.870000
v 0.648500 1.800000 0.868500
v 0.650000 1.801500 0.868500
v 0.648500 1.800439 0.869561
v 0.649366 1.800634 0.869366
v 0.649561 1.800439 0.868500
v 0.649561 1.801500 0.869561
v 0.648500 2.398500 0.852000
v 0.648500 2.400000 0.853500
v 0.650000 2.398500 0.853500
v 0.648500 2.399560 0.852439
v 0.649366 2.399366 0.852634
v 0.649561 2.399560 0.853500
v 0.649561 2.398500 0.852439
v 0.648500 2.398500 0.870000
v 0.650000 2.398500 0.868500
v 0.648500 2.400000 0.868500
v 0.649561 2.398500 0.869561
v 0.649366 2.399366 0.869366
v 0.649561 2.399560 0.868500
v 0.648500 2.399560 0.869561
v 0.001500 1.800439 0.852439
v 0.000634 1.800634 0.852634
v 0.000634 1.800634 0.852634
v 0.000439 1.801500 0.852439
v 0.000439 1.800439 0.853500
v 0.001500 1.800439 0.869561
v 0.000634 1.800634 0.869366
v 0.000634 1.800634 0.869366
v 0.000439 1.800439 0.868500
v 0.000439 1.801500 0.869561
v 0.000439 2.398500 0.852439
v 0.000634 2.399366 0.852634
v 0.000634 2.399366 0.852634
v 0.001500 2.399560 0.852439
v 0.000439 2.399560 0.853500
v 0.001500 2.399560 0.869561
v 0.000634 2.399366 0.869366
v 0.000634 2.399366 0.869366
v 0.000439 2.398500 0.869561
v 0.000439 2.399560 0.868500
v 0.649561 1.801500 0.852439
v 0.649366 1.800634 0.852634
v 0.649366 1.800634 0.852634
v 0.648500 1.800439 0.852439
v 0.649561 1.800439 0.853500
v 0.648500 1.800439 0.869561
v 0.649366 1.800634 0.869366
v 0.649366 1.800634 0.869366
v 0.649561 1.801500 0.869561
v 0.649561 1.800439 0.868500
v 0.648500 2.399560 0.852439
v 0.649366 2.399366 0.852634
v 0.649366 2.399366 0.852634
v 0.649561 2.398500 0.852439
v 0.649561 2.399560 0.853500
v 0.649561 2.398500 0.869561
v 0.649366 2.399366 0.869366
v 0.649366 2.399366 0.869366
v 0.648500 2.399560 0.869561
v 0.649561 2.399560 0.868500
s 0
f 31 37 8 2
f 45 51 38 30
f 50 22 9 36
f 3 10 24 16
f 17 23 52 44
f 1 57 58 60
f 2 61 59 4
f 3 7 5 6
f 8 62 63 65
f 9 66 64 11
f 10 14 12 13
f 15 67 68 70
f 16 71 69 18
f 17 21 19 20
f 22 72 73 75
f 23 76 74 25
f 24 28 26 27
f 29 77 78 80
f 30 81 79 32
f 31 35 33 34
f 36 82 83 85
f 37 86 84 39
f 38 42 40 41
f 43 87 88 90
f 44 91 89 46
f 45 49 47 48
f 50 92 93 95
f 51 96 94 53
f 52 56 54 55
f 15 1 60 67
f 18 7 3 16
f 2 8 65 61
f 6 14 10 3
f 9 22 75 66
f 13 28 24 10
f 23 17 20 76
f 27 71 16 24
f 43 15 70 87
f 46 21 17 44
f 22 50 95 72
f 25 56 52 23
f 51 45 48 96
f 55 91 44 52
f 29 43 90 77
f 32 49 45 30
f 50 36 85 92
f 53 42 38 51
f 37 31 34 86
f 41 81 30 38
f 1 29 80 57
f 4 35 31 2
f 36 9 11 82
f 39 62 8 37
f 15 43 29 1
o wr_waste_cab_bot
v 0.001500 1.801500 0.100000
v 0.001500 1.800000 0.101500
v 0.000000 1.801500 0.101500
v 0.001500 1.800439 0.100439
v 0.000634 1.800634 0.100634
v 0.000439 1.800439 0.101500
v 0.000439 1.801500 0.100439
v 0.001500 1.800000 0.116500
v 0.001500 1.801500 0.118000
v 0.000000 1.801500 0.116500
v 0.001500 1.800439 0.117561
v 0.000634 1.800634 0.117366
v 0.000439 1.801500 0.117561
v 0.000439 1.800439 0.116500
v 0.001500 2.398500 0.100000
v 0.000000 2.398500 0.101500
v 0.001500 2.400000 0.101500
v 0.000439 2.398500 0.100439
v 0.000634 2.399366 0.100634
v 0.000439 2.399560 0.101500
v 0.001500 2.399560 0.100439
v 0.001500 2.398500 0.118000
v 0.001500 2.400000 0.116500
v 0.000000 2.398500 0.116500
v 0.001500 2.399560 0.117561
v 0.000634 2.399366 0.117366
v 0.000439 2.399560 0.116500
v 0.000439 2.398500 0.117561
v 0.648500 1.801500 0.100000
v 0.650000 1.801500 0.101500
v 0.648500 1.800000 0.101500
v 0.649561 1.801500 0.100439
v 0.649366 1.800634 0.100634
v 0.649561 1.800439 0.101500
v 0.648500 1.800439 0.100439
v 0.648500 1.801500 0.118000
v 0.648500 1.800000 0.116500
v 0.650000 1.801500 0.116500
v 0.648500 1.800439 0.117561
v 0.649366 1.800634 0.117366
v 0.649561 1.800439 0.116500
v 0.649561 1.801500 0.117561
v 0.648500 2.398500 0.100000
v 0.648500 2.400000 0.101500
v 0.650000 2.398500 0.101500
v 0.648500 2.399560 0.100439
v 0.649366 2.399366 0.100634
v 0.649561 2.399560 0.101500
v 0.649561 2.398500 0.100439
v 0.648500 2.398500 0.118000
v 0.650000 2.398500 0.116500
v 0.648500 2.400000 0.116500
v 0.649561 2.398500 0.117561
v 0.649366 2.399366 0.117366
v 0.649561 2.399560 0.116500
v 0.648500 2.399560 0.117561
v 0.001500 1.800439 0.100439
v 0.000634 1.800634 0.100634
v 0.000634 1.800634 0.100634
v 0.000439 1.801500 0.100439
v 0.000439 1.800439 0.101500
v 0.001500 1.800439 0.117561
v 0.000634 1.800634 0.117366
v 0.000634 1.800634 0.117366
v 0.000439 1.800439 0.116500
v 0.000439 1.801500 0.117561
v 0.000439 2.398500 0.100439
v 0.000634 2.399366 0.100634
v 0.000634 2.399366 0.100634
v 0.001500 2.399560 0.100439
v 0.000439 2.399560 0.101500
v 0.001500 2.399560 0.117561
v 0.000634 2.399366 0.117366
v 0.000634 2.399366 0.117366
v 0.000439 2.398500 0.117561
v 0.000439 2.399560 0.116500
v 0.649561 1.801500 0.100439
v 0.649366 1.800634 0.100634
v 0.649366 1.800634 0.100634
v 0.648500 1.800439 0.100439
v 0.649561 1.800439 0.101500
v 0.648500 1.800439 0.117561
v 0.649366 1.800634 0.117366
v 0.649366 1.800634 0.117366
v 0.649561 1.801500 0.117561
v 0.649561 1.800439 0.116500
v 0.648500 2.399560 0.100439
v 0.649366 2.399366 0.100634
v 0.649366 2.399366 0.100634
v 0.649561 2.398500 0.100439
v 0.649561 2.399560 0.101500
v 0.649561 2.398500 0.117561
v 0.649366 2.399366 0.117366
v 0.649366 2.399366 0.117366
v 0.648500 2.399560 0.117561
v 0.649561 2.399560 0.116500
s 0
f 127 133 104 98
f 141 147 134 126
f 146 118 105 132
f 99 106 120 112
f 113 119 148 140
f 97 153 154 156
f 98 157 155 100
f 99 103 101 102
f 104 158 159 161
f 105 162 160 107
f 106 110 108 109
f 111 163 164 166
f 112 167 165 114
f 113 117 115 116
f 118 168 169 171
f 119 172 170 121
f 120 124 122 123
f 125 173 174 176
f 126 177 175 128
f 127 131 129 130
f 132 178 179 181
f 133 182 180 135
f 134 138 136 137
f 139 183 184 186
f 140 187 185 142
f 141 145 143 144
f 146 188 189 191
f 147 192 190 149
f 148 152 150 151
f 111 97 156 163
f 114 103 99 112
f 98 104 161 157
f 102 110 106 99
f 105 118 171 162
f 109 124 120 106
f 119 113 116 172
f 123 167 112 120
f 139 111 166 183
f 142 117 113 140
f 118 146 191 168
f 121 152 148 119
f 147 141 144 192
f 151 187 140 148
f 125 139 186 173
f 128 145 141 126
f 146 132 181 188
f 149 138 134 147
f 133 127 130 182
f 137 177 126 134
f 97 125 176 153
f 100 131 127 98
f 132 105 107 178
f 135 158 104 133
f 111 139 125 97
o wr_waste_cab_sideS
v 0.001500 1.801500 0.100000
v 0.001500 1.800000 0.101500
v 0.000000 1.801500 0.101500
v 0.001500 1.800439 0.100439
v 0.000634 1.800634 0.100634
v 0.000439 1.800439 0.101500
v 0.000439 1.801500 0.100439
v 0.001500 1.800000 0.868500
v 0.001500 1.801500 0.870000
v 0.000000 1.801500 0.868500
v 0.001500 1.800439 0.869561
v 0.000634 1.800634 0.869366
v 0.000439 1.801500 0.869561
v 0.000439 1.800439 0.868500
v 0.001500 1.816500 0.100000
v 0.000000 1.816500 0.101500
v 0.001500 1.818000 0.101500
v 0.000439 1.816500 0.100439
v 0.000634 1.817366 0.100634
v 0.000439 1.817561 0.101500
v 0.001500 1.817561 0.100439
v 0.001500 1.816500 0.870000
v 0.001500 1.818000 0.868500
v 0.000000 1.816500 0.868500
v 0.001500 1.817561 0.869561
v 0.000634 1.817366 0.869366
v 0.000439 1.817561 0.868500
v 0.000439 1.816500 0.869561
v 0.648500 1.801500 0.100000
v 0.650000 1.801500 0.101500
v 0.648500 1.800000 0.101500
v 0.649561 1.801500 0.100439
v 0.649366 1.800634 0.100634
v 0.649561 1.800439 0.101500
v 0.648500 1.800439 0.100439
v 0.648500 1.801500 0.870000
v 0.648500 1.800000 0.868500
v 0.650000 1.801500 0.868500
v 0.648500 1.800439 0.869561
v 0.649366 1.800634 0.869366
v 0.649561 1.800439 0.868500
v 0.649561 1.801500 0.869561
v 0.648500 1.816500 0.100000
v 0.648500 1.818000 0.101500
v 0.650000 1.816500 0.101500
v 0.648500 1.817561 0.100439
v 0.649366 1.817366 0.100634
v 0.649561 1.817561 0.101500
v 0.649561 1.816500 0.100439
v 0.648500 1.816500 0.870000
v 0.650000 1.816500 0.868500
v 0.648500 1.818000 0.868500
v 0.649561 1.816500 0.869561
v 0.649366 1.817366 0.869366
v 0.649561 1.817561 0.868500
v 0.648500 1.817561 0.869561
v 0.001500 1.800439 0.100439
v 0.000634 1.800634 0.100634
v 0.000634 1.800634 0.100634
v 0.000439 1.801500 0.100439
v 0.000439 1.800439 0.101500
v 0.001500 1.800439 0.869561
v 0.000634 1.800634 0.869366
v 0.000634 1.800634 0.869366
v 0.000439 1.800439 0.868500
v 0.000439 1.801500 0.869561
v 0.000439 1.816500 0.100439
v 0.000634 1.817366 0.100634
v 0.000634 1.817366 0.100634
v 0.001500 1.817561 0.100439
v 0.000439 1.817561 0.101500
v 0.001500 1.817561 0.869561
v 0.000634 1.817366 0.869366
v 0.000634 1.817366 0.869366
v 0.000439 1.816500 0.869561
v 0.000439 1.817561 0.868500
v 0.649561 1.801500 0.100439
v 0.649366 1.800634 0.100634
v 0.649366 1.800634 0.100634
v 0.648500 1.800439 0.100439
v 0.649561 1.800439 0.101500
v 0.648500 1.800439 0.869561
v 0.649366 1.800634 0.869366
v 0.649366 1.800634 0.869366
v 0.649561 1.801500 0.869561
v 0.649561 1.800439 0.868500
v 0.648500 1.817561 0.100439
v 0.649366 1.817366 0.100634
v 0.649366 1.817366 0.100634
v 0.649561 1.816500 0.100439
v 0.649561 1.817561 0.101500
v 0.649561 1.816500 0.869561
v 0.649366 1.817366 0.869366
v 0.649366 1.817366 0.869366
v 0.648500 1.817561 0.869561
v 0.649561 1.817561 0.868500
s 0
f 223 229 200 194
f 237 243 230 222
f 242 214 201 228
f 195 202 216 208
f 209 215 244 236
f 193 249 250 252
f 194 253 251 196
f 195 199 197 198
f 200 254 255 257
f 201 258 256 203
f 202 206 204 205
f 207 259 260 262
f 208 263 261 210
f 209 213 211 212
f 214 264 265 267
f 215 268 266 217
f 216 220 218 219
f 221 269 270 272
f 222 273 271 224
f 223 227 225 226
f 228 274 275 277
f 229 278 276 231
f 230 234 232 233
f 235 279 280 282
f 236 283 281 238
f 237 241 239 240
f 242 284 285 287
f 243 288 286 245
f 244 248 246 247
f 207 193 252 259
f 210 199 195 208
f 194 200 257 253
f 198 206 202 195
f 201 214 267 258
f 205 220 216 202
f 215 209 212 268
f 219 263 208 216
f 235 207 262 279
f 238 213 209 236
f 214 242 287 264
f 217 248 244 215
f 243 237 240 288
f 247 283 236 244
f 221 235 282 269
f 224 241 237 222
f 242 228 277 284
f 245 234 230 243
f 229 223 226 278
f 233 273 222 230
f 193 221 272 249
f 196 227 223 194
f 228 201 203 274
f 231 254 200 229
f 207 235 221 193
o wr_waste_cab_sideN
v 0.001500 2.383500 0.100000
v 0.001500 2.382000 0.101500
v 0.000000 2.383500 0.101500
v 0.001500 2.382439 0.100439
v 0.000634 2.382634 0.100634
v 0.000439 2.382439 0.101500
v 0.000439 2.383500 0.100439
v 0.001500 2.382000 0.868500
v 0.001500 2.383500 0.870000
v 0.000000 2.383500 0.868500
v 0.001500 2.382439 0.869561
v 0.000634 2.382634 0.869366
v 0.000439 2.383500 0.869561
v 0.000439 2.382439 0.868500
v 0.001500 2.398500 0.100000
v 0.000000 2.398500 0.101500
v 0.001500 2.400000 0.101500
v 0.000439 2.398500 0.100439
v 0.000634 2.399366 0.100634
v 0.000439 2.399561 0.101500
v 0.001500 2.399561 0.100439
v 0.001500 2.398500 0.870000
v 0.001500 2.400000 0.868500
v 0.000000 2.398500 0.868500
v 0.001500 2.399561 0.869561
v 0.000634 2.399366 0.869366
v 0.000439 2.399561 0.868500
v 0.000439 2.398500 0.869561
v 0.648500 2.383500 0.100000
v 0.650000 2.383500 0.101500
v 0.648500 2.382000 0.101500
v 0.649561 2.383500 0.100439
v 0.649366 2.382634 0.100634
v 0.649561 2.382439 0.101500
v 0.648500 2.382439 0.100439
v 0.648500 2.383500 0.870000
v 0.648500 2.382000 0.868500
v 0.650000 2.383500 0.868500
v 0.648500 2.382439 0.869561
v 0.649366 2.382634 0.869366
v 0.649561 2.382439 0.868500
v 0.649561 2.383500 0.869561
v 0.648500 2.398500 0.100000
v 0.648500 2.400000 0.101500
v 0.650000 2.398500 0.101500
v 0.648500 2.399561 0.100439
v 0.649366 2.399366 0.100634
v 0.649561 2.399561 0.101500
v 0.649561 2.398500 0.100439
v 0.648500 2.398500 0.870000
v 0.650000 2.398500 0.868500
v 0.648500 2.400000 0.868500
v 0.649561 2.398500 0.869561
v 0.649366 2.399366 0.869366
v 0.649561 2.399561 0.868500
v 0.648500 2.399561 0.869561
v 0.001500 2.382439 0.100439
v 0.000634 2.382634 0.100634
v 0.000634 2.382634 0.100634
v 0.000439 2.383500 0.100439
v 0.000439 2.382439 0.101500
v 0.001500 2.382439 0.869561
v 0.000634 2.382634 0.869366
v 0.000634 2.382634 0.869366
v 0.000439 2.382439 0.868500
v 0.000439 2.383500 0.869561
v 0.000439 2.398500 0.100439
v 0.000634 2.399366 0.100634
v 0.000634 2.399366 0.100634
v 0.001500 2.399561 0.100439
v 0.000439 2.399561 0.101500
v 0.001500 2.399561 0.869561
v 0.000634 2.399366 0.869366
v 0.000634 2.399366 0.869366
v 0.000439 2.398500 0.869561
v 0.000439 2.399561 0.868500
v 0.649561 2.383500 0.100439
v 0.649366 2.382634 0.100634
v 0.649366 2.382634 0.100634
v 0.648500 2.382439 0.100439
v 0.649561 2.382439 0.101500
v 0.648500 2.382439 0.869561
v 0.649366 2.382634 0.869366
v 0.649366 2.382634 0.869366
v 0.649561 2.383500 0.869561
v 0.649561 2.382439 0.868500
v 0.648500 2.399561 0.100439
v 0.649366 2.399366 0.100634
v 0.649366 2.399366 0.100634
v 0.649561 2.398500 0.100439
v 0.649561 2.399561 0.101500
v 0.649561 2.398500 0.869561
v 0.649366 2.399366 0.869366
v 0.649366 2.399366 0.869366
v 0.648500 2.399561 0.869561
v 0.649561 2.399561 0.868500
s 0
f 319 325 296 290
f 333 339 326 318
f 338 310 297 324
f 291 298 312 304
f 305 311 340 332
f 289 345 346 348
f 290 349 347 292
f 291 295 293 294
f 296 350 351 353
f 297 354 352 299
f 298 302 300 301
f 303 355 356 358
f 304 359 357 306
f 305 309 307 308
f 310 360 361 363
f 311 364 362 313
f 312 316 314 315
f 317 365 366 368
f 318 369 367 320
f 319 323 321 322
f 324 370 371 373
f 325 374 372 327
f 326 330 328 329
f 331 375 376 378
f 332 379 377 334
f 333 337 335 336
f 338 380 381 383
f 339 384 382 341
f 340 344 342 343
f 303 289 348 355
f 306 295 291 304
f 290 296 353 349
f 294 302 298 291
f 297 310 363 354
f 301 316 312 298
f 311 305 308 364
f 315 359 304 312
f 331 303 358 375
f 334 309 305 332
f 310 338 383 360
f 313 344 340 311
f 339 333 336 384
f 343 379 332 340
f 317 331 378 365
f 320 337 333 318
f 338 324 373 380
f 341 330 326 339
f 325 319 322 374
f 329 369 318 326
f 289 317 368 345
f 292 323 319 290
f 324 297 299 370
f 327 350 296 325
f 303 331 317 289
o wr_waste_cab_back
v 0.001500 1.801500 0.100000
v 0.001500 1.800000 0.101500
v 0.000000 1.801500 0.101500
v 0.001500 1.800439 0.100439
v 0.000634 1.800634 0.100634
v 0.000439 1.800439 0.101500
v 0.000439 1.801500 0.100439
v 0.001500 1.800000 0.868500
v 0.001500 1.801500 0.870000
v 0.000000 1.801500 0.868500
v 0.001500 1.800439 0.869561
v 0.000634 1.800634 0.869366
v 0.000439 1.801500 0.869561
v 0.000439 1.800439 0.868500
v 0.001500 2.398500 0.100000
v 0.000000 2.398500 0.101500
v 0.001500 2.400000 0.101500
v 0.000439 2.398500 0.100439
v 0.000634 2.399366 0.100634
v 0.000439 2.399560 0.101500
v 0.001500 2.399560 0.100439
v 0.001500 2.398500 0.870000
v 0.001500 2.400000 0.868500
v 0.000000 2.398500 0.868500
v 0.001500 2.399560 0.869561
v 0.000634 2.399366 0.869366
v 0.000439 2.399560 0.868500
v 0.000439 2.398500 0.869561
v 0.010500 1.801500 0.100000
v 0.012000 1.801500 0.101500
v 0.010500 1.800000 0.101500
v 0.011561 1.801500 0.100439
v 0.011366 1.800634 0.100634
v 0.011561 1.800439 0.101500
v 0.010500 1.800439 0.100439
v 0.010500 1.801500 0.870000
v 0.010500 1.800000 0.868500
v 0.012000 1.801500 0.868500
v 0.010500 1.800439 0.869561
v 0.011366 1.800634 0.869366
v 0.011561 1.800439 0.868500
v 0.011561 1.801500 0.869561
v 0.010500 2.398500 0.100000
v 0.010500 2.400000 0.101500
v 0.012000 2.398500 0.101500
v 0.010500 2.399560 0.100439
v 0.011366 2.399366 0.100634
v 0.011561 2.399560 0.101500
v 0.011561 2.398500 0.100439
v 0.010500 2.398500 0.870000
v 0.012000 2.398500 0.868500
v 0.010500 2.400000 0.868500
v 0.011561 2.398500 0.869561
v 0.011366 2.399366 0.869366
v 0.011561 2.399560 0.868500
v 0.010500 2.399560 0.869561
v 0.001500 1.800439 0.100439
v 0.000634 1.800634 0.100634
v 0.000634 1.800634 0.100634
v 0.000439 1.801500 0.100439
v 0.000439 1.800439 0.101500
v 0.001500 1.800439 0.869561
v 0.000634 1.800634 0.869366
v 0.000634 1.800634 0.869366
v 0.000439 1.800439 0.868500
v 0.000439 1.801500 0.869561
v 0.000439 2.398500 0.100439
v 0.000634 2.399366 0.100634
v 0.000634 2.399366 0.100634
v 0.001500 2.399560 0.100439
v 0.000439 2.399560 0.101500
v 0.001500 2.399560 0.869561
v 0.000634 2.399366 0.869366
v 0.000634 2.399366 0.869366
v 0.000439 2.398500 0.869561
v 0.000439 2.399560 0.868500
v 0.011561 1.801500 0.100439
v 0.011366 1.800634 0.100634
v 0.011366 1.800634 0.100634
v 0.010500 1.800439 0.100439
v 0.011561 1.800439 0.101500
v 0.010500 1.800439 0.869561
v 0.011366 1.800634 0.869366
v 0.011366 1.800634 0.869366
v 0.011561 1.801500 0.869561
v 0.011561 1.800439 0.868500
v 0.010500 2.399560 0.100439
v 0.011366 2.399366 0.100634
v 0.011366 2.399366 0.100634
v 0.011561 2.398500 0.100439
v 0.011561 2.399560 0.101500
v 0.011561 2.398500 0.869561
v 0.011366 2.399366 0.869366
v 0.011366 2.399366 0.869366
v 0.010500 2.399560 0.869561
v 0.011561 2.399560 0.868500
s 0
f 415 421 392 386
f 429 435 422 414
f 434 406 393 420
f 387 394 408 400
f 401 407 436 428
f 385 441 442 444
f 386 445 443 388
f 387 391 389 390
f 392 446 447 449
f 393 450 448 395
f 394 398 396 397
f 399 451 452 454
f 400 455 453 402
f 401 405 403 404
f 406 456 457 459
f 407 460 458 409
f 408 412 410 411
f 413 461 462 464
f 414 465 463 416
f 415 419 417 418
f 420 466 467 469
f 421 470 468 423
f 422 426 424 425
f 427 471 472 474
f 428 475 473 430
f 429 433 431 432
f 434 476 477 479
f 435 480 478 437
f 436 440 438 439
f 399 385 444 451
f 402 391 387 400
f 386 392 449 445
f 390 398 394 387
f 393 406 459 450
f 397 412 408 394
f 407 401 404 460
f 411 455 400 408
f 427 399 454 471
f 430 405 401 428
f 406 434 479 456
f 409 440 436 407
f 435 429 432 480
f 439 475 428 436
f 413 427 474 461
f 416 433 429 414
f 434 420 469 476
f 437 426 422 435
f 421 415 418 470
f 425 465 414 422
f 385 413 464 441
f 388 419 415 386
f 420 393 395 466
f 423 446 392 421
f 399 427 413 385
o wr_sink_cab_top
v 0.001500 2.451500 0.852000
v 0.001500 2.450000 0.853500
v 0.000000 2.451500 0.853500
v 0.001500 2.450439 0.852439
v 0.000634 2.450634 0.852634
v 0.000439 2.450439 0.853500
v 0.000439 2.451500 0.852439
v 0.001500 2.450000 0.868500
v 0.001500 2.451500 0.870000
v 0.000000 2.451500 0.868500
v 0.001500 2.450439 0.869561
v 0.000634 2.450634 0.869366
v 0.000439 2.451500 0.869561
v 0.000439 2.450439 0.868500
v 0.001500 3.348500 0.852000
v 0.000000 3.348500 0.853500
v 0.001500 3.350000 0.853500
v 0.000439 3.348500 0.852439
v 0.000634 3.349366 0.852634
v 0.000439 3.349561 0.853500
v 0.001500 3.349561 0.852439
v 0.001500 3.348500 0.870000
v 0.001500 3.350000 0.868500
v 0.000000 3.348500 0.868500
v 0.001500 3.349561 0.869561
v 0.000634 3.349366 0.869366
v 0.000439 3.349561 0.868500
v 0.000439 3.348500 0.869561
v 0.648500 2.451500 0.852000
v 0.650000 2.451500 0.853500
v 0.648500 2.450000 0.853500
v 0.649561 2.451500 0.852439
v 0.649366 2.450634 0.852634
v 0.649561 2.450439 0.853500
v 0.648500 2.450439 0.852439
v 0.648500 2.451500 0.870000
v 0.648500 2.450000 0.868500
v 0.650000 2.451500 0.868500
v 0.648500 2.450439 0.869561
v 0.649366 2.450634 0.869366
v 0.649561 2.450439 0.868500
v 0.649561 2.451500 0.869561
v 0.648500 3.348500 0.852000
v 0.648500 3.350000 0.853500
v 0.650000 3.348500 0.853500
v 0.648500 3.349561 0.852439
v 0.649366 3.349366 0.852634
v 0.649561 3.349561 0.853500
v 0.649561 3.348500 0.852439
v 0.648500 3.348500 0.870000
v 0.650000 3.348500 0.868500
v 0.648500 3.350000 0.868500
v 0.649561 3.348500 0.869561
v 0.649366 3.349366 0.869366
v 0.649561 3.349561 0.868500
v 0.648500 3.349561 0.869561
v 0.001500 2.450439 0.852439
v 0.000634 2.450634 0.852634
v 0.000634 2.450634 0.852634
v 0.000439 2.451500 0.852439
v 0.000439 2.450439 0.853500
v 0.001500 2.450439 0.869561
v 0.000634 2.450634 0.869366
v 0.000634 2.450634 0.869366
v 0.000439 2.450439 0.868500
v 0.000439 2.451500 0.869561
v 0.000439 3.348500 0.852439
v 0.000634 3.349366 0.852634
v 0.000634 3.349366 0.852634
v 0.001500 3.349561 0.852439
v 0.000439 3.349561 0.853500
v 0.001500 3.349561 0.869561
v 0.000634 3.349366 0.869366
v 0.000634 3.349366 0.869366
v 0.000439 3.348500 0.869561
v 0.000439 3.349561 0.868500
v 0.649561 2.451500 0.852439
v 0.649366 2.450634 0.852634
v 0.649366 2.450634 0.852634
v 0.648500 2.450439 0.852439
v 0.649561 2.450439 0.853500
v 0.648500 2.450439 0.869561
v 0.649366 2.450634 0.869366
v 0.649366 2.450634 0.869366
v 0.649561 2.451500 0.869561
v 0.649561 2.450439 0.868500
v 0.648500 3.349561 0.852439
v 0.649366 3.349366 0.852634
v 0.649366 3.349366 0.852634
v 0.649561 3.348500 0.852439
v 0.649561 3.349561 0.853500
v 0.649561 3.348500 0.869561
v 0.649366 3.349366 0.869366
v 0.649366 3.349366 0.869366
v 0.648500 3.349561 0.869561
v 0.649561 3.349561 0.868500
s 0
f 511 517 488 482
f 525 531 518 510
f 530 502 489 516
f 483 490 504 496
f 497 503 532 524
f 481 537 538 540
f 482 541 539 484
f 483 487 485 486
f 488 542 543 545
f 489 546 544 491
f 490 494 492 493
f 495 547 548 550
f 496 551 549 498
f 497 501 499 500
f 502 552 553 555
f 503 556 554 505
f 504 508 506 507
f 509 557 558 560
f 510 561 559 512
f 511 515 513 514
f 516 562 563 565
f 517 566 564 519
f 518 522 520 521
f 523 567 568 570
f 524 571 569 526
f 525 529 527 528
f 530 572 573 575
f 531 576 574 533
f 532 536 534 535
f 495 481 540 547
f 498 487 483 496
f 482 488 545 541
f 486 494 490 483
f 489 502 555 546
f 493 508 504 490
f 503 497 500 556
f 507 551 496 504
f 523 495 550 567
f 526 501 497 524
f 502 530 575 552
f 505 536 532 503
f 531 525 528 576
f 535 571 524 532
f 509 523 570 557
f 512 529 525 510
f 530 516 565 572
f 533 522 518 531
f 517 511 514 566
f 521 561 510 518
f 481 509 560 537
f 484 515 511 482
f 516 489 491 562
f 519 542 488 517
f 495 523 509 481
o wr_sink_cab_bot
v 0.001500 2.451500 0.100000
v 0.001500 2.450000 0.101500
v 0.000000 2.451500 0.101500
v 0.001500 2.450439 0.100439
v 0.000634 2.450634 0.100634
v 0.000439 2.450439 0.101500
v 0.000439 2.451500 0.100439
v 0.001500 2.450000 0.116500
v 0.001500 2.451500 0.118000
v 0.000000 2.451500 0.116500
v 0.001500 2.450439 0.117561
v 0.000634 2.450634 0.117366
v 0.000439 2.451500 0.117561
v 0.000439 2.450439 0.116500
v 0.001500 3.348500 0.100000
v 0.000000 3.348500 0.101500
v 0.001500 3.350000 0.101500
v 0.000439 3.348500 0.100439
v 0.000634 3.349366 0.100634
v 0.000439 3.349561 0.101500
v 0.001500 3.349561 0.100439
v 0.001500 3.348500 0.118000
v 0.001500 3.350000 0.116500
v 0.000000 3.348500 0.116500
v 0.001500 3.349561 0.117561
v 0.000634 3.349366 0.117366
v 0.000439 3.349561 0.116500
v 0.000439 3.348500 0.117561
v 0.648500 2.451500 0.100000
v 0.650000 2.451500 0.101500
v 0.648500 2.450000 0.101500
v 0.649561 2.451500 0.100439
v 0.649366 2.450634 0.100634
v 0.649561 2.450439 0.101500
v 0.648500 2.450439 0.100439
v 0.648500 2.451500 0.118000
v 0.648500 2.450000 0.116500
v 0.650000 2.451500 0.116500
v 0.648500 2.450439 0.117561
v 0.649366 2.450634 0.117366
v 0.649561 2.450439 0.116500
v 0.649561 2.451500 0.117561
v 0.648500 3.348500 0.100000
v 0.648500 3.350000 0.101500
v 0.650000 3.348500 0.101500
v 0.648500 3.349561 0.100439
v 0.649366 3.349366 0.100634
v 0.649561 3.349561 0.101500
v 0.649561 3.348500 0.100439
v 0.648500 3.348500 0.118000
v 0.650000 3.348500 0.116500
v 0.648500 3.350000 0.116500
v 0.649561 3.348500 0.117561
v 0.649366 3.349366 0.117366
v 0.649561 3.349561 0.116500
v 0.648500 3.349561 0.117561
v 0.001500 2.450439 0.100439
v 0.000634 2.450634 0.100634
v 0.000634 2.450634 0.100634
v 0.000439 2.451500 0.100439
v 0.000439 2.450439 0.101500
v 0.001500 2.450439 0.117561
v 0.000634 2.450634 0.117366
v 0.000634 2.450634 0.117366
v 0.000439 2.450439 0.116500
v 0.000439 2.451500 0.117561
v 0.000439 3.348500 0.100439
v 0.000634 3.349366 0.100634
v 0.000634 3.349366 0.100634
v 0.001500 3.349561 0.100439
v 0.000439 3.349561 0.101500
v 0.001500 3.349561 0.117561
v 0.000634 3.349366 0.117366
v 0.000634 3.349366 0.117366
v 0.000439 3.348500 0.117561
v 0.000439 3.349561 0.116500
v 0.649561 2.451500 0.100439
v 0.649366 2.450634 0.100634
v 0.649366 2.450634 0.100634
v 0.648500 2.450439 0.100439
v 0.649561 2.450439 0.101500
v 0.648500 2.450439 0.117561
v 0.649366 2.450634 0.117366
v 0.649366 2.450634 0.117366
v 0.649561 2.451500 0.117561
v 0.649561 2.450439 0.116500
v 0.648500 3.349561 0.100439
v 0.649366 3.349366 0.100634
v 0.649366 3.349366 0.100634
v 0.649561 3.348500 0.100439
v 0.649561 3.349561 0.101500
v 0.649561 3.348500 0.117561
v 0.649366 3.349366 0.117366
v 0.649366 3.349366 0.117366
v 0.648500 3.349561 0.117561
v 0.649561 3.349561 0.116500
s 0
f 607 613 584 578
f 621 627 614 606
f 626 598 585 612
f 579 586 600 592
f 593 599 628 620
f 577 633 634 636
f 578 637 635 580
f 579 583 581 582
f 584 638 639 641
f 585 642 640 587
f 586 590 588 589
f 591 643 644 646
f 592 647 645 594
f 593 597 595 596
f 598 648 649 651
f 599 652 650 601
f 600 604 602 603
f 605 653 654 656
f 606 657 655 608
f 607 611 609 610
f 612 658 659 661
f 613 662 660 615
f 614 618 616 617
f 619 663 664 666
f 620 667 665 622
f 621 625 623 624
f 626 668 669 671
f 627 672 670 629
f 628 632 630 631
f 591 577 636 643
f 594 583 579 592
f 578 584 641 637
f 582 590 586 579
f 585 598 651 642
f 589 604 600 586
f 599 593 596 652
f 603 647 592 600
f 619 591 646 663
f 622 597 593 620
f 598 626 671 648
f 601 632 628 599
f 627 621 624 672
f 631 667 620 628
f 605 619 666 653
f 608 625 621 606
f 626 612 661 668
f 629 618 614 627
f 613 607 610 662
f 617 657 606 614
f 577 605 656 633
f 580 611 607 578
f 612 585 587 658
f 615 638 584 613
f 591 619 605 577
o wr_sink_cab_sideS
v 0.001500 2.451500 0.100000
v 0.001500 2.450000 0.101500
v 0.000000 2.451500 0.101500
v 0.001500 2.450439 0.100439
v 0.000634 2.450634 0.100634
v 0.000439 2.450439 0.101500
v 0.000439 2.451500 0.100439
v 0.001500 2.450000 0.868500
v 0.001500 2.451500 0.870000
v 0.000000 2.451500 0.868500
v 0.001500 2.450439 0.869561
v 0.000634 2.450634 0.869366
v 0.000439 2.451500 0.869561
v 0.000439 2.450439 0.868500
v 0.001500 2.466500 0.100000
v 0.000000 2.466500 0.101500
v 0.001500 2.468000 0.101500
v 0.000439 2.466500 0.100439
v 0.000634 2.467366 0.100634
v 0.000439 2.467561 0.101500
v 0.001500 2.467561 0.100439
v 0.001500 2.466500 0.870000
v 0.001500 2.468000 0.868500
v 0.000000 2.466500 0.868500
v 0.001500 2.467561 0.869561
v 0.000634 2.467366 0.869366
v 0.000439 2.467561 0.868500
v 0.000439 2.466500 0.869561
v 0.648500 2.451500 0.100000
v 0.650000 2.451500 0.101500
v 0.648500 2.450000 0.101500
v 0.649561 2.451500 0.100439
v 0.649366 2.450634 0.100634
v 0.649561 2.450439 0.101500
v 0.648500 2.450439 0.100439
v 0.648500 2.451500 0.870000
v 0.648500 2.450000 0.868500
v 0.650000 2.451500 0.868500
v 0.648500 2.450439 0.869561
v 0.649366 2.450634 0.869366
v 0.649561 2.450439 0.868500
v 0.649561 2.451500 0.869561
v 0.648500 2.466500 0.100000
v 0.648500 2.468000 0.101500
v 0.650000 2.466500 0.101500
v 0.648500 2.467561 0.100439
v 0.649366 2.467366 0.100634
v 0.649561 2.467561 0.101500
v 0.649561 2.466500 0.100439
v 0.648500 2.466500 0.870000
v 0.650000 2.466500 0.868500
v 0.648500 2.468000 0.868500
v 0.649561 2.466500 0.869561
v 0.649366 2.467366 0.869366
v 0.649561 2.467561 0.868500
v 0.648500 2.467561 0.869561
v 0.001500 2.450439 0.100439
v 0.000634 2.450634 0.100634
v 0.000634 2.450634 0.100634
v 0.000439 2.451500 0.100439
v 0.000439 2.450439 0.101500
v 0.001500 2.450439 0.869561
v 0.000634 2.450634 0.869366
v 0.000634 2.450634 0.869366
v 0.000439 2.450439 0.868500
v 0.000439 2.451500 0.869561
v 0.000439 2.466500 0.100439
v 0.000634 2.467366 0.100634
v 0.000634 2.467366 0.100634
v 0.001500 2.467561 0.100439
v 0.000439 2.467561 0.101500
v 0.001500 2.467561 0.869561
v 0.000634 2.467366 0.869366
v 0.000634 2.467366 0.869366
v 0.000439 2.466500 0.869561
v 0.000439 2.467561 0.868500
v 0.649561 2.451500 0.100439
v 0.649366 2.450634 0.100634
v 0.649366 2.450634 0.100634
v 0.648500 2.450439 0.100439
v 0.649561 2.450439 0.101500
v 0.648500 2.450439 0.869561
v 0.649366 2.450634 0.869366
v 0.649366 2.450634 0.869366
v 0.649561 2.451500 0.869561
v 0.649561 2.450439 0.868500
v 0.648500 2.467561 0.100439
v 0.649366 2.467366 0.100634
v 0.649366 2.467366 0.100634
v 0.649561 2.466500 0.100439
v 0.649561 2.467561 0.101500
v 0.649561 2.466500 0.869561
v 0.649366 2.467366 0.869366
v 0.649366 2.467366 0.869366
v 0.648500 2.467561 0.869561
v 0.649561 2.467561 0.868500
s 0
f 703 709 680 674
f 717 723 710 702
f 722 694 681 708
f 675 682 696 688
f 689 695 724 716
f 673 729 730 732
f 674 733 731 676
f 675 679 677 678
f 680 734 735 737
f 681 738 736 683
f 682 686 684 685
f 687 739 740 742
f 688 743 741 690
f 689 693 691 692
f 694 744 745 747
f 695 748 746 697
f 696 700 698 699
f 701 749 750 752
f 702 753 751 704
f 703 707 705 706
f 708 754 755 757
f 709 758 756 711
f 710 714 712 713
f 715 759 760 762
f 716 763 761 718
f 717 721 719 720
f 722 764 765 767
f 723 768 766 725
f 724 728 726 727
f 687 673 732 739
f 690 679 675 688
f 674 680 737 733
f 678 686 682 675
f 681 694 747 738
f 685 700 696 682
f 695 689 692 748
f 699 743 688 696
f 715 687 742 759
f 718 693 689 716
f 694 722 767 744
f 697 728 724 695
f 723 717 720 768
f 727 763 716 724
f 701 715 762 749
f 704 721 717 702
f 722 708 757 764
f 725 714 710 723
f 709 703 706 758
f 713 753 702 710
f 673 701 752 729
f 676 707 703 674
f 708 681 683 754
f 711 734 680 709
f 687 715 701 673
o wr_sink_cab_sideN
v 0.001500 3.333500 0.100000
v 0.001500 3.332000 0.101500
v 0.000000 3.333500 0.101500
v 0.001500 3.332439 0.100439
v 0.000634 3.332634 0.100634
v 0.000439 3.332439 0.101500
v 0.000439 3.333500 0.100439
v 0.001500 3.332000 0.868500
v 0.001500 3.333500 0.870000
v 0.000000 3.333500 0.868500
v 0.001500 3.332439 0.869561
v 0.000634 3.332634 0.869366
v 0.000439 3.333500 0.869561
v 0.000439 3.332439 0.868500
v 0.001500 3.348500 0.100000
v 0.000000 3.348500 0.101500
v 0.001500 3.350000 0.101500
v 0.000439 3.348500 0.100439
v 0.000634 3.349366 0.100634
v 0.000439 3.349561 0.101500
v 0.001500 3.349561 0.100439
v 0.001500 3.348500 0.870000
v 0.001500 3.350000 0.868500
v 0.000000 3.348500 0.868500
v 0.001500 3.349561 0.869561
v 0.000634 3.349366 0.869366
v 0.000439 3.349561 0.868500
v 0.000439 3.348500 0.869561
v 0.648500 3.333500 0.100000
v 0.650000 3.333500 0.101500
v 0.648500 3.332000 0.101500
v 0.649561 3.333500 0.100439
v 0.649366 3.332634 0.100634
v 0.649561 3.332439 0.101500
v 0.648500 3.332439 0.100439
v 0.648500 3.333500 0.870000
v 0.648500 3.332000 0.868500
v 0.650000 3.333500 0.868500
v 0.648500 3.332439 0.869561
v 0.649366 3.332634 0.869366
v 0.649561 3.332439 0.868500
v 0.649561 3.333500 0.869561
v 0.648500 3.348500 0.100000
v 0.648500 3.350000 0.101500
v 0.650000 3.348500 0.101500
v 0.648500 3.349561 0.100439
v 0.649366 3.349366 0.100634
v 0.649561 3.349561 0.101500
v 0.649561 3.348500 0.100439
v 0.648500 3.348500 0.870000
v 0.650000 3.348500 0.868500
v 0.648500 3.350000 0.868500
v 0.649561 3.348500 0.869561
v 0.649366 3.349366 0.869366
v 0.649561 3.349561 0.868500
v 0.648500 3.349561 0.869561
v 0.001500 3.332439 0.100439
v 0.000634 3.332634 0.100634
v 0.000634 3.332634 0.100634
v 0.000439 3.333500 0.100439
v 0.000439 3.332439 0.101500
v 0.001500 3.332439 0.869561
v 0.000634 3.332634 0.869366
v 0.000634 3.332634 0.869366
v 0.000439 3.332439 0.868500
v 0.000439 3.333500 0.869561
v 0.000439 3.348500 0.100439
v 0.000634 3.349366 0.100634
v 0.000634 3.349366 0.100634
v 0.001500 3.349561 0.100439
v 0.000439 3.349561 0.101500
v 0.001500 3.349561 0.869561
v 0.000634 3.349366 0.869366
v 0.000634 3.349366 0.869366
v 0.000439 3.348500 0.869561
v 0.000439 3.349561 0.868500
v 0.649561 3.333500 0.100439
v 0.649366 3.332634 0.100634
v 0.649366 3.332634 0.100634
v 0.648500 3.332439 0.100439
v 0.649561 3.332439 0.101500
v 0.648500 3.332439 0.869561
v 0.649366 3.332634 0.869366
v 0.649366 3.332634 0.869366
v 0.649561 3.333500 0.869561
v 0.649561 3.332439 0.868500
v 0.648500 3.349561 0.100439
v 0.649366 3.349366 0.100634
v 0.649366 3.349366 0.100634
v 0.649561 3.348500 0.100439
v 0.649561 3.349561 0.101500
v 0.649561 3.348500 0.869561
v 0.649366 3.349366 0.869366
v 0.649366 3.349366 0.869366
v 0.648500 3.349561 0.869561
v 0.649561 3.349561 0.868500
s 0
f 799 805 776 770
f 813 819 806 798
f 818 790 777 804
f 771 778 792 784
f 785 791 820 812
f 769 825 826 828
f 770 829 827 772
f 771 775 773 774
f 776 830 831 833
f 777 834 832 779
f 778 782 780 781
f 783 835 836 838
f 784 839 837 786
f 785 789 787 788
f 790 840 841 843
f 791 844 842 793
f 792 796 794 795
f 797 845 846 848
f 798 849 847 800
f 799 803 801 802
f 804 850 851 853
f 805 854 852 807
f 806 810 808 809
f 811 855 856 858
f 812 859 857 814
f 813 817 815 816
f 818 860 861 863
f 819 864 862 821
f 820 824 822 823
f 783 769 828 835
f 786 775 771 784
f 770 776 833 829
f 774 782 778 771
f 777 790 843 834
f 781 796 792 778
f 791 785 788 844
f 795 839 784 792
f 811 783 838 855
f 814 789 785 812
f 790 818 863 840
f 793 824 820 791
f 819 813 816 864
f 823 859 812 820
f 797 811 858 845
f 800 817 813 798
f 818 804 853 860
f 821 810 806 819
f 805 799 802 854
f 809 849 798 806
f 769 797 848 825
f 772 803 799 770
f 804 777 779 850
f 807 830 776 805
f 783 811 797 769
o wr_sink_cab_back
v 0.001500 2.451500 0.100000
v 0.001500 2.450000 0.101500
v 0.000000 2.451500 0.101500
v 0.001500 2.450439 0.100439
v 0.000634 2.450634 0.100634
v 0.000439 2.450439 0.101500
v 0.000439 2.451500 0.100439
v 0.001500 2.450000 0.868500
v 0.001500 2.451500 0.870000
v 0.000000 2.451500 0.868500
v 0.001500 2.450439 0.869561
v 0.000634 2.450634 0.869366
v 0.000439 2.451500 0.869561
v 0.000439 2.450439 0.868500
v 0.001500 3.348500 0.100000
v 0.000000 3.348500 0.101500
v 0.001500 3.350000 0.101500
v 0.000439 3.348500 0.100439
v 0.000634 3.349366 0.100634
v 0.000439 3.349561 0.101500
v 0.001500 3.349561 0.100439
v 0.001500 3.348500 0.870000
v 0.001500 3.350000 0.868500
v 0.000000 3.348500 0.868500
v 0.001500 3.349561 0.869561
v 0.000634 3.349366 0.869366
v 0.000439 3.349561 0.868500
v 0.000439 3.348500 0.869561
v 0.010500 2.451500 0.100000
v 0.012000 2.451500 0.101500
v 0.010500 2.450000 0.101500
v 0.011561 2.451500 0.100439
v 0.011366 2.450634 0.100634
v 0.011561 2.450439 0.101500
v 0.010500 2.450439 0.100439
v 0.010500 2.451500 0.870000
v 0.010500 2.450000 0.868500
v 0.012000 2.451500 0.868500
v 0.010500 2.450439 0.869561
v 0.011366 2.450634 0.869366
v 0.011561 2.450439 0.868500
v 0.011561 2.451500 0.869561
v 0.010500 3.348500 0.100000
v 0.010500 3.350000 0.101500
v 0.012000 3.348500 0.101500
v 0.010500 3.349561 0.100439
v 0.011366 3.349366 0.100634
v 0.011561 3.349561 0.101500
v 0.011561 3.348500 0.100439
v 0.010500 3.348500 0.870000
v 0.012000 3.348500 0.868500
v 0.010500 3.350000 0.868500
v 0.011561 3.348500 0.869561
v 0.011366 3.349366 0.869366
v 0.011561 3.349561 0.868500
v 0.010500 3.349561 0.869561
v 0.001500 2.450439 0.100439
v 0.000634 2.450634 0.100634
v 0.000634 2.450634 0.100634
v 0.000439 2.451500 0.100439
v 0.000439 2.450439 0.101500
v 0.001500 2.450439 0.869561
v 0.000634 2.450634 0.869366
v 0.000634 2.450634 0.869366
v 0.000439 2.450439 0.868500
v 0.000439 2.451500 0.869561
v 0.000439 3.348500 0.100439
v 0.000634 3.349366 0.100634
v 0.000634 3.349366 0.100634
v 0.001500 3.349561 0.100439
v 0.000439 3.349561 0.101500
v 0.001500 3.349561 0.869561
v 0.000634 3.349366 0.869366
v 0.000634 3.349366 0.869366
v 0.000439 3.348500 0.869561
v 0.000439 3.349561 0.868500
v 0.011561 2.451500 0.100439
v 0.011366 2.450634 0.100634
v 0.011366 2.450634 0.100634
v 0.010500 2.450439 0.100439
v 0.011561 2.450439 0.101500
v 0.010500 2.450439 0.869561
v 0.011366 2.450634 0.869366
v 0.011366 2.450634 0.869366
v 0.011561 2.451500 0.869561
v 0.011561 2.450439 0.868500
v 0.010500 3.349561 0.100439
v 0.011366 3.349366 0.100634
v 0.011366 3.349366 0.100634
v 0.011561 3.348500 0.100439
v 0.011561 3.349561 0.101500
v 0.011561 3.348500 0.869561
v 0.011366 3.349366 0.869366
v 0.011366 3.349366 0.869366
v 0.010500 3.349561 0.869561
v 0.011561 3.349561 0.868500
s 0
f 895 901 872 866
f 909 915 902 894
f 914 886 873 900
f 867 874 888 880
f 881 887 916 908
f 865 921 922 924
f 866 925 923 868
f 867 871 869 870
f 872 926 927 929
f 873 930 928 875
f 874 878 876 877
f 879 931 932 934
f 880 935 933 882
f 881 885 883 884
f 886 936 937 939
f 887 940 938 889
f 888 892 890 891
f 893 941 942 944
f 894 945 943 896
f 895 899 897 898
f 900 946 947 949
f 901 950 948 903
f 902 906 904 905
f 907 951 952 954
f 908 955 953 910
f 909 913 911 912
f 914 956 957 959
f 915 960 958 917
f 916 920 918 919
f 879 865 924 931
f 882 871 867 880
f 866 872 929 925
f 870 878 874 867
f 873 886 939 930
f 877 892 888 874
f 887 881 884 940
f 891 935 880 888
f 907 879 934 951
f 910 885 881 908
f 886 914 959 936
f 889 920 916 887
f 915 909 912 960
f 919 955 908 916
f 893 907 954 941
f 896 913 909 894
f 914 900 949 956
f 917 906 902 915
f 901 895 898 950
f 905 945 894 902
f 865 893 944 921
f 868 899 895 866
f 900 873 875 946
f 903 926 872 901
f 879 907 893 865
o dw_plinth
v 0.027000 3.402000 0.000000
v 0.027000 3.400000 0.002000
v 0.025000 3.402000 0.002000
v 0.027000 3.400586 0.000586
v 0.025845 3.400845 0.000845
v 0.025586 3.400586 0.002000
v 0.025586 3.402000 0.000586
v 0.027000 3.400000 0.098000
v 0.027000 3.402000 0.100000
v 0.025000 3.402000 0.098000
v 0.027000 3.400586 0.099414
v 0.025845 3.400845 0.099155
v 0.025586 3.402000 0.099414
v 0.025586 3.400586 0.098000
v 0.027000 3.948000 0.000000
v 0.025000 3.948000 0.002000
v 0.027000 3.950000 0.002000
v 0.025586 3.948000 0.000586
v 0.025845 3.949155 0.000845
v 0.025586 3.949414 0.002000
v 0.027000 3.949414 0.000586
v 0.027000 3.948000 0.100000
v 0.027000 3.950000 0.098000
v 0.025000 3.948000 0.098000
v 0.027000 3.949414 0.099414
v 0.025845 3.949155 0.099155
v 0.025586 3.949414 0.098000
v 0.025586 3.948000 0.099414
v 0.623000 3.402000 0.000000
v 0.625000 3.402000 0.002000
v 0.623000 3.400000 0.002000
v 0.624414 3.402000 0.000586
v 0.624155 3.400845 0.000845
v 0.624414 3.400586 0.002000
v 0.623000 3.400586 0.000586
v 0.623000 3.402000 0.100000
v 0.623000 3.400000 0.098000
v 0.625000 3.402000 0.098000
v 0.623000 3.400586 0.099414
v 0.624155 3.400845 0.099155
v 0.624414 3.400586 0.098000
v 0.624414 3.402000 0.099414
v 0.623000 3.948000 0.000000
v 0.623000 3.950000 0.002000
v 0.625000 3.948000 0.002000
v 0.623000 3.949414 0.000586
v 0.624155 3.949155 0.000845
v 0.624414 3.949414 0.002000
v 0.624414 3.948000 0.000586
v 0.623000 3.948000 0.100000
v 0.625000 3.948000 0.098000
v 0.623000 3.950000 0.098000
v 0.624414 3.948000 0.099414
v 0.624155 3.949155 0.099155
v 0.624414 3.949414 0.098000
v 0.623000 3.949414 0.099414
v 0.027000 3.400586 0.000586
v 0.025845 3.400845 0.000845
v 0.025845 3.400845 0.000845
v 0.025586 3.402000 0.000586
v 0.025586 3.400586 0.002000
v 0.027000 3.400586 0.099414
v 0.025845 3.400845 0.099155
v 0.025845 3.400845 0.099155
v 0.025586 3.400586 0.098000
v 0.025586 3.402000 0.099414
v 0.025586 3.948000 0.000586
v 0.025845 3.949155 0.000845
v 0.025845 3.949155 0.000845
v 0.027000 3.949414 0.000586
v 0.025586 3.949414 0.002000
v 0.027000 3.949414 0.099414
v 0.025845 3.949155 0.099155
v 0.025845 3.949155 0.099155
v 0.025586 3.948000 0.099414
v 0.025586 3.949414 0.098000
v 0.624414 3.402000 0.000586
v 0.624155 3.400845 0.000845
v 0.624155 3.400845 0.000845
v 0.623000 3.400586 0.000586
v 0.624414 3.400586 0.002000
v 0.623000 3.400586 0.099414
v 0.624155 3.400845 0.099155
v 0.624155 3.400845 0.099155
v 0.624414 3.402000 0.099414
v 0.624414 3.400586 0.098000
v 0.623000 3.949414 0.000586
v 0.624155 3.949155 0.000845
v 0.624155 3.949155 0.000845
v 0.624414 3.948000 0.000586
v 0.624414 3.949414 0.002000
v 0.624414 3.948000 0.099414
v 0.624155 3.949155 0.099155
v 0.624155 3.949155 0.099155
v 0.623000 3.949414 0.099414
v 0.624414 3.949414 0.098000
s 0
f 991 997 968 962
f 1005 1011 998 990
f 1010 982 969 996
f 963 970 984 976
f 977 983 1012 1004
f 961 1017 1018 1020
f 962 1021 1019 964
f 963 967 965 966
f 968 1022 1023 1025
f 969 1026 1024 971
f 970 974 972 973
f 975 1027 1028 1030
f 976 1031 1029 978
f 977 981 979 980
f 982 1032 1033 1035
f 983 1036 1034 985
f 984 988 986 987
f 989 1037 1038 1040
f 990 1041 1039 992
f 991 995 993 994
f 996 1042 1043 1045
f 997 1046 1044 999
f 998 1002 1000 1001
f 1003 1047 1048 1050
f 1004 1051 1049 1006
f 1005 1009 1007 1008
f 1010 1052 1053 1055
f 1011 1056 1054 1013
f 1012 1016 1014 1015
f 975 961 1020 1027
f 978 967 963 976
f 962 968 1025 1021
f 966 974 970 963
f 969 982 1035 1026
f 973 988 984 970
f 983 977 980 1036
f 987 1031 976 984
f 1003 975 1030 1047
f 1006 981 977 1004
f 982 1010 1055 1032
f 985 1016 1012 983
f 1011 1005 1008 1056
f 1015 1051 1004 1012
f 989 1003 1050 1037
f 992 1009 1005 990
f 1010 996 1045 1052
f 1013 1002 998 1011
f 997 991 994 1046
f 1001 1041 990 998
f 961 989 1040 1017
f 964 995 991 962
f 996 969 971 1042
f 999 1022 968 997
f 975 1003 989 961
o wr_prep_cab_top
v 0.001500 3.951500 0.852000
v 0.001500 3.950000 0.853500
v 0.000000 3.951500 0.853500
v 0.001500 3.950439 0.852439
v 0.000634 3.950634 0.852634
v 0.000439 3.950439 0.853500
v 0.000439 3.951500 0.852439
v 0.001500 3.950000 0.868500
v 0.001500 3.951500 0.870000
v 0.000000 3.951500 0.868500
v 0.001500 3.950439 0.869561
v 0.000634 3.950634 0.869366
v 0.000439 3.951500 0.869561
v 0.000439 3.950439 0.868500
v 0.001500 4.948500 0.852000
v 0.000000 4.948500 0.853500
v 0.001500 4.950000 0.853500
v 0.000439 4.948500 0.852439
v 0.000634 4.949366 0.852634
v 0.000439 4.949561 0.853500
v 0.001500 4.949561 0.852439
v 0.001500 4.948500 0.870000
v 0.001500 4.950000 0.868500
v 0.000000 4.948500 0.868500
v 0.001500 4.949561 0.869561
v 0.000634 4.949366 0.869366
v 0.000439 4.949561 0.868500
v 0.000439 4.948500 0.869561
v 0.648500 3.951500 0.852000
v 0.650000 3.951500 0.853500
v 0.648500 3.950000 0.853500
v 0.649561 3.951500 0.852439
v 0.649366 3.950634 0.852634
v 0.649561 3.950439 0.853500
v 0.648500 3.950439 0.852439
v 0.648500 3.951500 0.870000
v 0.648500 3.950000 0.868500
v 0.650000 3.951500 0.868500
v 0.648500 3.950439 0.869561
v 0.649366 3.950634 0.869366
v 0.649561 3.950439 0.868500
v 0.649561 3.951500 0.869561
v 0.648500 4.948500 0.852000
v 0.648500 4.950000 0.853500
v 0.650000 4.948500 0.853500
v 0.648500 4.949561 0.852439
v 0.649366 4.949366 0.852634
v 0.649561 4.949561 0.853500
v 0.649561 4.948500 0.852439
v 0.648500 4.948500 0.870000
v 0.650000 4.948500 0.868500
v 0.648500 4.950000 0.868500
v 0.649561 4.948500 0.869561
v 0.649366 4.949366 0.869366
v 0.649561 4.949561 0.868500
v 0.648500 4.949561 0.869561
v 0.001500 3.950439 0.852439
v 0.000634 3.950634 0.852634
v 0.000634 3.950634 0.852634
v 0.000439 3.951500 0.852439
v 0.000439 3.950439 0.853500
v 0.001500 3.950439 0.869561
v 0.000634 3.950634 0.869366
v 0.000634 3.950634 0.869366
v 0.000439 3.950439 0.868500
v 0.000439 3.951500 0.869561
v 0.000439 4.948500 0.852439
v 0.000634 4.949366 0.852634
v 0.000634 4.949366 0.852634
v 0.001500 4.949561 0.852439
v 0.000439 4.949561 0.853500
v 0.001500 4.949561 0.869561
v 0.000634 4.949366 0.869366
v 0.000634 4.949366 0.869366
v 0.000439 4.948500 0.869561
v 0.000439 4.949561 0.868500
v 0.649561 3.951500 0.852439
v 0.649366 3.950634 0.852634
v 0.649366 3.950634 0.852634
v 0.648500 3.950439 0.852439
v 0.649561 3.950439 0.853500
v 0.648500 3.950439 0.869561
v 0.649366 3.950634 0.869366
v 0.649366 3.950634 0.869366
v 0.649561 3.951500 0.869561
v 0.649561 3.950439 0.868500
v 0.648500 4.949561 0.852439
v 0.649366 4.949366 0.852634
v 0.649366 4.949366 0.852634
v 0.649561 4.948500 0.852439
v 0.649561 4.949561 0.853500
v 0.649561 4.948500 0.869561
v 0.649366 4.949366 0.869366
v 0.649366 4.949366 0.869366
v 0.648500 4.949561 0.869561
v 0.649561 4.949561 0.868500
s 0
f 1087 1093 1064 1058
f 1101 1107 1094 1086
f 1106 1078 1065 1092
f 1059 1066 1080 1072
f 1073 1079 1108 1100
f 1057 1113 1114 1116
f 1058 1117 1115 1060
f 1059 1063 1061 1062
f 1064 1118 1119 1121
f 1065 1122 1120 1067
f 1066 1070 1068 1069
f 1071 1123 1124 1126
f 1072 1127 1125 1074
f 1073 1077 1075 1076
f 1078 1128 1129 1131
f 1079 1132 1130 1081
f 1080 1084 1082 1083
f 1085 1133 1134 1136
f 1086 1137 1135 1088
f 1087 1091 1089 1090
f 1092 1138 1139 1141
f 1093 1142 1140 1095
f 1094 1098 1096 1097
f 1099 1143 1144 1146
f 1100 1147 1145 1102
f 1101 1105 1103 1104
f 1106 1148 1149 1151
f 1107 1152 1150 1109
f 1108 1112 1110 1111
f 1071 1057 1116 1123
f 1074 1063 1059 1072
f 1058 1064 1121 1117
f 1062 1070 1066 1059
f 1065 1078 1131 1122
f 1069 1084 1080 1066
f 1079 1073 1076 1132
f 1083 1127 1072 1080
f 1099 1071 1126 1143
f 1102 1077 1073 1100
f 1078 1106 1151 1128
f 1081 1112 1108 1079
f 1107 1101 1104 1152
f 1111 1147 1100 1108
f 1085 1099 1146 1133
f 1088 1105 1101 1086
f 1106 1092 1141 1148
f 1109 1098 1094 1107
f 1093 1087 1090 1142
f 1097 1137 1086 1094
f 1057 1085 1136 1113
f 1060 1091 1087 1058
f 1092 1065 1067 1138
f 1095 1118 1064 1093
f 1071 1099 1085 1057
o wr_prep_cab_bot
v 0.001500 3.951500 0.100000
v 0.001500 3.950000 0.101500
v 0.000000 3.951500 0.101500
v 0.001500 3.950439 0.100439
v 0.000634 3.950634 0.100634
v 0.000439 3.950439 0.101500
v 0.000439 3.951500 0.100439
v 0.001500 3.950000 0.116500
v 0.001500 3.951500 0.118000
v 0.000000 3.951500 0.116500
v 0.001500 3.950439 0.117561
v 0.000634 3.950634 0.117366
v 0.000439 3.951500 0.117561
v 0.000439 3.950439 0.116500
v 0.001500 4.948500 0.100000
v 0.000000 4.948500 0.101500
v 0.001500 4.950000 0.101500
v 0.000439 4.948500 0.100439
v 0.000634 4.949366 0.100634
v 0.000439 4.949561 0.101500
v 0.001500 4.949561 0.100439
v 0.001500 4.948500 0.118000
v 0.001500 4.950000 0.116500
v 0.000000 4.948500 0.116500
v 0.001500 4.949561 0.117561
v 0.000634 4.949366 0.117366
v 0.000439 4.949561 0.116500
v 0.000439 4.948500 0.117561
v 0.648500 3.951500 0.100000
v 0.650000 3.951500 0.101500
v 0.648500 3.950000 0.101500
v 0.649561 3.951500 0.100439
v 0.649366 3.950634 0.100634
v 0.649561 3.950439 0.101500
v 0.648500 3.950439 0.100439
v 0.648500 3.951500 0.118000
v 0.648500 3.950000 0.116500
v 0.650000 3.951500 0.116500
v 0.648500 3.950439 0.117561
v 0.649366 3.950634 0.117366
v 0.649561 3.950439 0.116500
v 0.649561 3.951500 0.117561
v 0.648500 4.948500 0.100000
v 0.648500 4.950000 0.101500
v 0.650000 4.948500 0.101500
v 0.648500 4.949561 0.100439
v 0.649366 4.949366 0.100634
v 0.649561 4.949561 0.101500
v 0.649561 4.948500 0.100439
v 0.648500 4.948500 0.118000
v 0.650000 4.948500 0.116500
v 0.648500 4.950000 0.116500
v 0.649561 4.948500 0.117561
v 0.649366 4.949366 0.117366
v 0.649561 4.949561 0.116500
v 0.648500 4.949561 0.117561
v 0.001500 3.950439 0.100439
v 0.000634 3.950634 0.100634
v 0.000634 3.950634 0.100634
v 0.000439 3.951500 0.100439
v 0.000439 3.950439 0.101500
v 0.001500 3.950439 0.117561
v 0.000634 3.950634 0.117366
v 0.000634 3.950634 0.117366
v 0.000439 3.950439 0.116500
v 0.000439 3.951500 0.117561
v 0.000439 4.948500 0.100439
v 0.000634 4.949366 0.100634
v 0.000634 4.949366 0.100634
v 0.001500 4.949561 0.100439
v 0.000439 4.949561 0.101500
v 0.001500 4.949561 0.117561
v 0.000634 4.949366 0.117366
v 0.000634 4.949366 0.117366
v 0.000439 4.948500 0.117561
v 0.000439 4.949561 0.116500
v 0.649561 3.951500 0.100439
v 0.649366 3.950634 0.100634
v 0.649366 3.950634 0.100634
v 0.648500 3.950439 0.100439
v 0.649561 3.950439 0.101500
v 0.648500 3.950439 0.117561
v 0.649366 3.950634 0.117366
v 0.649366 3.950634 0.117366
v 0.649561 3.951500 0.117561
v 0.649561 3.950439 0.116500
v 0.648500 4.949561 0.100439
v 0.649366 4.949366 0.100634
v 0.649366 4.949366 0.100634
v 0.649561 4.948500 0.100439
v 0.649561 4.949561 0.101500
v 0.649561 4.948500 0.117561
v 0.649366 4.949366 0.117366
v 0.649366 4.949366 0.117366
v 0.648500 4.949561 0.117561
v 0.649561 4.949561 0.116500
s 0
f 1183 1189 1160 1154
f 1197 1203 1190 1182
f 1202 1174 1161 1188
f 1155 1162 1176 1168
f 1169 1175 1204 1196
f 1153 1209 1210 1212
f 1154 1213 1211 1156
f 1155 1159 1157 1158
f 1160 1214 1215 1217
f 1161 1218 1216 1163
f 1162 1166 1164 1165
f 1167 1219 1220 1222
f 1168 1223 1221 1170
f 1169 1173 1171 1172
f 1174 1224 1225 1227
f 1175 1228 1226 1177
f 1176 1180 1178 1179
f 1181 1229 1230 1232
f 1182 1233 1231 1184
f 1183 1187 1185 1186
f 1188 1234 1235 1237
f 1189 1238 1236 1191
f 1190 1194 1192 1193
f 1195 1239 1240 1242
f 1196 1243 1241 1198
f 1197 1201 1199 1200
f 1202 1244 1245 1247
f 1203 1248 1246 1205
f 1204 1208 1206 1207
f 1167 1153 1212 1219
f 1170 1159 1155 1168
f 1154 1160 1217 1213
f 1158 1166 1162 1155
f 1161 1174 1227 1218
f 1165 1180 1176 1162
f 1175 1169 1172 1228
f 1179 1223 1168 1176
f 1195 1167 1222 1239
f 1198 1173 1169 1196
f 1174 1202 1247 1224
f 1177 1208 1204 1175
f 1203 1197 1200 1248
f 1207 1243 1196 1204
f 1181 1195 1242 1229
f 1184 1201 1197 1182
f 1202 1188 1237 1244
f 1205 1194 1190 1203
f 1189 1183 1186 1238
f 1193 1233 1182 1190
f 1153 1181 1232 1209
f 1156 1187 1183 1154
f 1188 1161 1163 1234
f 1191 1214 1160 1189
f 1167 1195 1181 1153
o wr_prep_cab_sideS
v 0.001500 3.951500 0.100000
v 0.001500 3.950000 0.101500
v 0.000000 3.951500 0.101500
v 0.001500 3.950439 0.100439
v 0.000634 3.950634 0.100634
v 0.000439 3.950439 0.101500
v 0.000439 3.951500 0.100439
v 0.001500 3.950000 0.868500
v 0.001500 3.951500 0.870000
v 0.000000 3.951500 0.868500
v 0.001500 3.950439 0.869561
v 0.000634 3.950634 0.869366
v 0.000439 3.951500 0.869561
v 0.000439 3.950439 0.868500
v 0.001500 3.966500 0.100000
v 0.000000 3.966500 0.101500
v 0.001500 3.968000 0.101500
v 0.000439 3.966500 0.100439
v 0.000634 3.967366 0.100634
v 0.000439 3.967561 0.101500
v 0.001500 3.967561 0.100439
v 0.001500 3.966500 0.870000
v 0.001500 3.968000 0.868500
v 0.000000 3.966500 0.868500
v 0.001500 3.967561 0.869561
v 0.000634 3.967366 0.869366
v 0.000439 3.967561 0.868500
v 0.000439 3.966500 0.869561
v 0.648500 3.951500 0.100000
v 0.650000 3.951500 0.101500
v 0.648500 3.950000 0.101500
v 0.649561 3.951500 0.100439
v 0.649366 3.950634 0.100634
v 0.649561 3.950439 0.101500
v 0.648500 3.950439 0.100439
v 0.648500 3.951500 0.870000
v 0.648500 3.950000 0.868500
v 0.650000 3.951500 0.868500
v 0.648500 3.950439 0.869561
v 0.649366 3.950634 0.869366
v 0.649561 3.950439 0.868500
v 0.649561 3.951500 0.869561
v 0.648500 3.966500 0.100000
v 0.648500 3.968000 0.101500
v 0.650000 3.966500 0.101500
v 0.648500 3.967561 0.100439
v 0.649366 3.967366 0.100634
v 0.649561 3.967561 0.101500
v 0.649561 3.966500 0.100439
v 0.648500 3.966500 0.870000
v 0.650000 3.966500 0.868500
v 0.648500 3.968000 0.868500
v 0.649561 3.966500 0.869561
v 0.649366 3.967366 0.869366
v 0.649561 3.967561 0.868500
v 0.648500 3.967561 0.869561
v 0.001500 3.950439 0.100439
v 0.000634 3.950634 0.100634
v 0.000634 3.950634 0.100634
v 0.000439 3.951500 0.100439
v 0.000439 3.950439 0.101500
v 0.001500 3.950439 0.869561
v 0.000634 3.950634 0.869366
v 0.000634 3.950634 0.869366
v 0.000439 3.950439 0.868500
v 0.000439 3.951500 0.869561
v 0.000439 3.966500 0.100439
v 0.000634 3.967366 0.100634
v 0.000634 3.967366 0.100634
v 0.001500 3.967561 0.100439
v 0.000439 3.967561 0.101500
v 0.001500 3.967561 0.869561
v 0.000634 3.967366 0.869366
v 0.000634 3.967366 0.869366
v 0.000439 3.966500 0.869561
v 0.000439 3.967561 0.868500
v 0.649561 3.951500 0.100439
v 0.649366 3.950634 0.100634
v 0.649366 3.950634 0.100634
v 0.648500 3.950439 0.100439
v 0.649561 3.950439 0.101500
v 0.648500 3.950439 0.869561
v 0.649366 3.950634 0.869366
v 0.649366 3.950634 0.869366
v 0.649561 3.951500 0.869561
v 0.649561 3.950439 0.868500
v 0.648500 3.967561 0.100439
v 0.649366 3.967366 0.100634
v 0.649366 3.967366 0.100634
v 0.649561 3.966500 0.100439
v 0.649561 3.967561 0.101500
v 0.649561 3.966500 0.869561
v 0.649366 3.967366 0.869366
v 0.649366 3.967366 0.869366
v 0.648500 3.967561 0.869561
v 0.649561 3.967561 0.868500
s 0
f 1279 1285 1256 1250
f 1293 1299 1286 1278
f 1298 1270 1257 1284
f 1251 1258 1272 1264
f 1265 1271 1300 1292
f 1249 1305 1306 1308
f 1250 1309 1307 1252
f 1251 1255 1253 1254
f 1256 1310 1311 1313
f 1257 1314 1312 1259
f 1258 1262 1260 1261
f 1263 1315 1316 1318
f 1264 1319 1317 1266
f 1265 1269 1267 1268
f 1270 1320 1321 1323
f 1271 1324 1322 1273
f 1272 1276 1274 1275
f 1277 1325 1326 1328
f 1278 1329 1327 1280
f 1279 1283 1281 1282
f 1284 1330 1331 1333
f 1285 1334 1332 1287
f 1286 1290 1288 1289
f 1291 1335 1336 1338
f 1292 1339 1337 1294
f 1293 1297 1295 1296
f 1298 1340 1341 1343
f 1299 1344 1342 1301
f 1300 1304 1302 1303
f 1263 1249 1308 1315
f 1266 1255 1251 1264
f 1250 1256 1313 1309
f 1254 1262 1258 1251
f 1257 1270 1323 1314
f 1261 1276 1272 1258
f 1271 1265 1268 1324
f 1275 1319 1264 1272
f 1291 1263 1318 1335
f 1294 1269 1265 1292
f 1270 1298 1343 1320
f 1273 1304 1300 1271
f 1299 1293 1296 1344
f 1303 1339 1292 1300
f 1277 1291 1338 1325
f 1280 1297 1293 1278
f 1298 1284 1333 1340
f 1301 1290 1286 1299
f 1285 1279 1282 1334
f 1289 1329 1278 1286
f 1249 1277 1328 1305
f 1252 1283 1279 1250
f 1284 1257 1259 1330
f 1287 1310 1256 1285
f 1263 1291 1277 1249
o wr_prep_cab_sideN
v 0.001500 4.933500 0.100000
v 0.001500 4.932000 0.101500
v 0.000000 4.933500 0.101500
v 0.001500 4.932439 0.100439
v 0.000634 4.932634 0.100634
v 0.000439 4.932439 0.101500
v 0.000439 4.933500 0.100439
v 0.001500 4.932000 0.868500
v 0.001500 4.933500 0.870000
v 0.000000 4.933500 0.868500
v 0.001500 4.932439 0.869561
v 0.000634 4.932634 0.869366
v 0.000439 4.933500 0.869561
v 0.000439 4.932439 0.868500
v 0.001500 4.948500 0.100000
v 0.000000 4.948500 0.101500
v 0.001500 4.950000 0.101500
v 0.000439 4.948500 0.100439
v 0.000634 4.949366 0.100634
v 0.000439 4.949561 0.101500
v 0.001500 4.949561 0.100439
v 0.001500 4.948500 0.870000
v 0.001500 4.950000 0.868500
v 0.000000 4.948500 0.868500
v 0.001500 4.949561 0.869561
v 0.000634 4.949366 0.869366
v 0.000439 4.949561 0.868500
v 0.000439 4.948500 0.869561
v 0.648500 4.933500 0.100000
v 0.650000 4.933500 0.101500
v 0.648500 4.932000 0.101500
v 0.649561 4.933500 0.100439
v 0.649366 4.932634 0.100634
v 0.649561 4.932439 0.101500
v 0.648500 4.932439 0.100439
v 0.648500 4.933500 0.870000
v 0.648500 4.932000 0.868500
v 0.650000 4.933500 0.868500
v 0.648500 4.932439 0.869561
v 0.649366 4.932634 0.869366
v 0.649561 4.932439 0.868500
v 0.649561 4.933500 0.869561
v 0.648500 4.948500 0.100000
v 0.648500 4.950000 0.101500
v 0.650000 4.948500 0.101500
v 0.648500 4.949561 0.100439
v 0.649366 4.949366 0.100634
v 0.649561 4.949561 0.101500
v 0.649561 4.948500 0.100439
v 0.648500 4.948500 0.870000
v 0.650000 4.948500 0.868500
v 0.648500 4.950000 0.868500
v 0.649561 4.948500 0.869561
v 0.649366 4.949366 0.869366
v 0.649561 4.949561 0.868500
v 0.648500 4.949561 0.869561
v 0.001500 4.932439 0.100439
v 0.000634 4.932634 0.100634
v 0.000634 4.932634 0.100634
v 0.000439 4.933500 0.100439
v 0.000439 4.932439 0.101500
v 0.001500 4.932439 0.869561
v 0.000634 4.932634 0.869366
v 0.000634 4.932634 0.869366
v 0.000439 4.932439 0.868500
v 0.000439 4.933500 0.869561
v 0.000439 4.948500 0.100439
v 0.000634 4.949366 0.100634
v 0.000634 4.949366 0.100634
v 0.001500 4.949561 0.100439
v 0.000439 4.949561 0.101500
v 0.001500 4.949561 0.869561
v 0.000634 4.949366 0.869366
v 0.000634 4.949366 0.869366
v 0.000439 4.948500 0.869561
v 0.000439 4.949561 0.868500
v 0.649561 4.933500 0.100439
v 0.649366 4.932634 0.100634
v 0.649366 4.932634 0.100634
v 0.648500 4.932439 0.100439
v 0.649561 4.932439 0.101500
v 0.648500 4.932439 0.869561
v 0.649366 4.932634 0.869366
v 0.649366 4.932634 0.869366
v 0.649561 4.933500 0.869561
v 0.649561 4.932439 0.868500
v 0.648500 4.949561 0.100439
v 0.649366 4.949366 0.100634
v 0.649366 4.949366 0.100634
v 0.649561 4.948500 0.100439
v 0.649561 4.949561 0.101500
v 0.649561 4.948500 0.869561
v 0.649366 4.949366 0.869366
v 0.649366 4.949366 0.869366
v 0.648500 4.949561 0.869561
v 0.649561 4.949561 0.868500
s 0
f 1375 1381 1352 1346
f 1389 1395 1382 1374
f 1394 1366 1353 1380
f 1347 1354 1368 1360
f 1361 1367 1396 1388
f 1345 1401 1402 1404
f 1346 1405 1403 1348
f 1347 1351 1349 1350
f 1352 1406 1407 1409
f 1353 1410 1408 1355
f 1354 1358 1356 1357
f 1359 1411 1412 1414
f 1360 1415 1413 1362
f 1361 1365 1363 1364
f 1366 1416 1417 1419
f 1367 1420 1418 1369
f 1368 1372 1370 1371
f 1373 1421 1422 1424
f 1374 1425 1423 1376
f 1375 1379 1377 1378
f 1380 1426 1427 1429
f 1381 1430 1428 1383
f 1382 1386 1384 1385
f 1387 1431 1432 1434
f 1388 1435 1433 1390
f 1389 1393 1391 1392
f 1394 1436 1437 1439
f 1395 1440 1438 1397
f 1396 1400 1398 1399
f 1359 1345 1404 1411
f 1362 1351 1347 1360
f 1346 1352 1409 1405
f 1350 1358 1354 1347
f 1353 1366 1419 1410
f 1357 1372 1368 1354
f 1367 1361 1364 1420
f 1371 1415 1360 1368
f 1387 1359 1414 1431
f 1390 1365 1361 1388
f 1366 1394 1439 1416
f 1369 1400 1396 1367
f 1395 1389 1392 1440
f 1399 1435 1388 1396
f 1373 1387 1434 1421
f 1376 1393 1389 1374
f 1394 1380 1429 1436
f 1397 1386 1382 1395
f 1381 1375 1378 1430
f 1385 1425 1374 1382
f 1345 1373 1424 1401
f 1348 1379 1375 1346
f 1380 1353 1355 1426
f 1383 1406 1352 1381
f 1359 1387 1373 1345
o wr_prep_cab_back
v 0.001500 3.951500 0.100000
v 0.001500 3.950000 0.101500
v 0.000000 3.951500 0.101500
v 0.001500 3.950439 0.100439
v 0.000634 3.950634 0.100634
v 0.000439 3.950439 0.101500
v 0.000439 3.951500 0.100439
v 0.001500 3.950000 0.868500
v 0.001500 3.951500 0.870000
v 0.000000 3.951500 0.868500
v 0.001500 3.950439 0.869561
v 0.000634 3.950634 0.869366
v 0.000439 3.951500 0.869561
v 0.000439 3.950439 0.868500
v 0.001500 4.948500 0.100000
v 0.000000 4.948500 0.101500
v 0.001500 4.950000 0.101500
v 0.000439 4.948500 0.100439
v 0.000634 4.949366 0.100634
v 0.000439 4.949561 0.101500
v 0.001500 4.949561 0.100439
v 0.001500 4.948500 0.870000
v 0.001500 4.950000 0.868500
v 0.000000 4.948500 0.868500
v 0.001500 4.949561 0.869561
v 0.000634 4.949366 0.869366
v 0.000439 4.949561 0.868500
v 0.000439 4.948500 0.869561
v 0.010500 3.951500 0.100000
v 0.012000 3.951500 0.101500
v 0.010500 3.950000 0.101500
v 0.011561 3.951500 0.100439
v 0.011366 3.950634 0.100634
v 0.011561 3.950439 0.101500
v 0.010500 3.950439 0.100439
v 0.010500 3.951500 0.870000
v 0.010500 3.950000 0.868500
v 0.012000 3.951500 0.868500
v 0.010500 3.950439 0.869561
v 0.011366 3.950634 0.869366
v 0.011561 3.950439 0.868500
v 0.011561 3.951500 0.869561
v 0.010500 4.948500 0.100000
v 0.010500 4.950000 0.101500
v 0.012000 4.948500 0.101500
v 0.010500 4.949561 0.100439
v 0.011366 4.949366 0.100634
v 0.011561 4.949561 0.101500
v 0.011561 4.948500 0.100439
v 0.010500 4.948500 0.870000
v 0.012000 4.948500 0.868500
v 0.010500 4.950000 0.868500
v 0.011561 4.948500 0.869561
v 0.011366 4.949366 0.869366
v 0.011561 4.949561 0.868500
v 0.010500 4.949561 0.869561
v 0.001500 3.950439 0.100439
v 0.000634 3.950634 0.100634
v 0.000634 3.950634 0.100634
v 0.000439 3.951500 0.100439
v 0.000439 3.950439 0.101500
v 0.001500 3.950439 0.869561
v 0.000634 3.950634 0.869366
v 0.000634 3.950634 0.869366
v 0.000439 3.950439 0.868500
v 0.000439 3.951500 0.869561
v 0.000439 4.948500 0.100439
v 0.000634 4.949366 0.100634
v 0.000634 4.949366 0.100634
v 0.001500 4.949561 0.100439
v 0.000439 4.949561 0.101500
v 0.001500 4.949561 0.869561
v 0.000634 4.949366 0.869366
v 0.000634 4.949366 0.869366
v 0.000439 4.948500 0.869561
v 0.000439 4.949561 0.868500
v 0.011561 3.951500 0.100439
v 0.011366 3.950634 0.100634
v 0.011366 3.950634 0.100634
v 0.010500 3.950439 0.100439
v 0.011561 3.950439 0.101500
v 0.010500 3.950439 0.869561
v 0.011366 3.950634 0.869366
v 0.011366 3.950634 0.869366
v 0.011561 3.951500 0.869561
v 0.011561 3.950439 0.868500
v 0.010500 4.949561 0.100439
v 0.011366 4.949366 0.100634
v 0.011366 4.949366 0.100634
v 0.011561 4.948500 0.100439
v 0.011561 4.949561 0.101500
v 0.011561 4.948500 0.869561
v 0.011366 4.949366 0.869366
v 0.011366 4.949366 0.869366
v 0.010500 4.949561 0.869561
v 0.011561 4.949561 0.868500
s 0
f 1471 1477 1448 1442
f 1485 1491 1478 1470
f 1490 1462 1449 1476
f 1443 1450 1464 1456
f 1457 1463 1492 1484
f 1441 1497 1498 1500
f 1442 1501 1499 1444
f 1443 1447 1445 1446
f 1448 1502 1503 1505
f 1449 1506 1504 1451
f 1450 1454 1452 1453
f 1455 1507 1508 1510
f 1456 1511 1509 1458
f 1457 1461 1459 1460
f 1462 1512 1513 1515
f 1463 1516 1514 1465
f 1464 1468 1466 1467
f 1469 1517 1518 1520
f 1470 1521 1519 1472
f 1471 1475 1473 1474
f 1476 1522 1523 1525
f 1477 1526 1524 1479
f 1478 1482 1480 1481
f 1483 1527 1528 1530
f 1484 1531 1529 1486
f 1485 1489 1487 1488
f 1490 1532 1533 1535
f 1491 1536 1534 1493
f 1492 1496 1494 1495
f 1455 1441 1500 1507
f 1458 1447 1443 1456
f 1442 1448 1505 1501
f 1446 1454 1450 1443
f 1449 1462 1515 1506
f 1453 1468 1464 1450
f 1463 1457 1460 1516
f 1467 1511 1456 1464
f 1483 1455 1510 1527
f 1486 1461 1457 1484
f 1462 1490 1535 1512
f 1465 1496 1492 1463
f 1491 1485 1488 1536
f 1495 1531 1484 1492
f 1469 1483 1530 1517
f 1472 1489 1485 1470
f 1490 1476 1525 1532
f 1493 1482 1478 1491
f 1477 1471 1474 1526
f 1481 1521 1470 1478
f 1441 1469 1520 1497
f 1444 1475 1471 1442
f 1476 1449 1451 1522
f 1479 1502 1448 1477
f 1455 1483 1469 1441
o wr_prep_plinth
v 0.027000 4.002000 0.000000
v 0.027000 4.000000 0.002000
v 0.025000 4.002000 0.002000
v 0.027000 4.000586 0.000586
v 0.025845 4.000845 0.000845
v 0.025586 4.000586 0.002000
v 0.025586 4.002000 0.000586
v 0.027000 4.000000 0.098000
v 0.027000 4.002000 0.100000
v 0.025000 4.002000 0.098000
v 0.027000 4.000586 0.099414
v 0.025845 4.000845 0.099155
v 0.025586 4.002000 0.099414
v 0.025586 4.000586 0.098000
v 0.027000 4.948000 0.000000
v 0.025000 4.948000 0.002000
v 0.027000 4.950000 0.002000
v 0.025586 4.948000 0.000586
v 0.025845 4.949154 0.000845
v 0.025586 4.949414 0.002000
v 0.027000 4.949414 0.000586
v 0.027000 4.948000 0.100000
v 0.027000 4.950000 0.098000
v 0.025000 4.948000 0.098000
v 0.027000 4.949414 0.099414
v 0.025845 4.949154 0.099155
v 0.025586 4.949414 0.098000
v 0.025586 4.948000 0.099414
v 0.623000 4.002000 0.000000
v 0.625000 4.002000 0.002000
v 0.623000 4.000000 0.002000
v 0.624414 4.002000 0.000586
v 0.624155 4.000845 0.000845
v 0.624414 4.000586 0.002000
v 0.623000 4.000586 0.000586
v 0.623000 4.002000 0.100000
v 0.623000 4.000000 0.098000
v 0.625000 4.002000 0.098000
v 0.623000 4.000586 0.099414
v 0.624155 4.000845 0.099155
v 0.624414 4.000586 0.098000
v 0.624414 4.002000 0.099414
v 0.623000 4.948000 0.000000
v 0.623000 4.950000 0.002000
v 0.625000 4.948000 0.002000
v 0.623000 4.949414 0.000586
v 0.624155 4.949154 0.000845
v 0.624414 4.949414 0.002000
v 0.624414 4.948000 0.000586
v 0.623000 4.948000 0.100000
v 0.625000 4.948000 0.098000
v 0.623000 4.950000 0.098000
v 0.624414 4.948000 0.099414
v 0.624155 4.949154 0.099155
v 0.624414 4.949414 0.098000
v 0.623000 4.949414 0.099414
v 0.027000 4.000586 0.000586
v 0.025845 4.000845 0.000845
v 0.025845 4.000845 0.000845
v 0.025586 4.002000 0.000586
v 0.025586 4.000586 0.002000
v 0.027000 4.000586 0.099414
v 0.025845 4.000845 0.099155
v 0.025845 4.000845 0.099155
v 0.025586 4.000586 0.098000
v 0.025586 4.002000 0.099414
v 0.025586 4.948000 0.000586
v 0.025845 4.949154 0.000845
v 0.025845 4.949154 0.000845
v 0.027000 4.949414 0.000586
v 0.025586 4.949414 0.002000
v 0.027000 4.949414 0.099414
v 0.025845 4.949154 0.099155
v 0.025845 4.949154 0.099155
v 0.025586 4.948000 0.099414
v 0.025586 4.949414 0.098000
v 0.624414 4.002000 0.000586
v 0.624155 4.000845 0.000845
v 0.624155 4.000845 0.000845
v 0.623000 4.000586 0.000586
v 0.624414 4.000586 0.002000
v 0.623000 4.000586 0.099414
v 0.624155 4.000845 0.099155
v 0.624155 4.000845 0.099155
v 0.624414 4.002000 0.099414
v 0.624414 4.000586 0.098000
v 0.623000 4.949414 0.000586
v 0.624155 4.949154 0.000845
v 0.624155 4.949154 0.000845
v 0.624414 4.948000 0.000586
v 0.624414 4.949414 0.002000
v 0.624414 4.948000 0.099414
v 0.624155 4.949154 0.099155
v 0.624155 4.949154 0.099155
v 0.623000 4.949414 0.099414
v 0.624414 4.949414 0.098000
s 0
f 1567 1573 1544 1538
f 1581 1587 1574 1566
f 1586 1558 1545 1572
f 1539 1546 1560 1552
f 1553 1559 1588 1580
f 1537 1593 1594 1596
f 1538 1597 1595 1540
f 1539 1543 1541 1542
f 1544 1598 1599 1601
f 1545 1602 1600 1547
f 1546 1550 1548 1549
f 1551 1603 1604 1606
f 1552 1607 1605 1554
f 1553 1557 1555 1556
f 1558 1608 1609 1611
f 1559 1612 1610 1561
f 1560 1564 1562 1563
f 1565 1613 1614 1616
f 1566 1617 1615 1568
f 1567 1571 1569 1570
f 1572 1618 1619 1621
f 1573 1622 1620 1575
f 1574 1578 1576 1577
f 1579 1623 1624 1626
f 1580 1627 1625 1582
f 1581 1585 1583 1584
f 1586 1628 1629 1631
f 1587 1632 1630 1589
f 1588 1592 1590 1591
f 1551 1537 1596 1603
f 1554 1543 1539 1552
f 1538 1544 1601 1597
f 1542 1550 1546 1539
f 1545 1558 1611 1602
f 1549 1564 1560 1546
f 1559 1553 1556 1612
f 1563 1607 1552 1560
f 1579 1551 1606 1623
f 1582 1557 1553 1580
f 1558 1586 1631 1608
f 1561 1592 1588 1559
f 1587 1581 1584 1632
f 1591 1627 1580 1588
f 1565 1579 1626 1613
f 1568 1585 1581 1566
f 1586 1572 1621 1628
f 1589 1578 1574 1587
f 1573 1567 1570 1622
f 1577 1617 1566 1574
f 1537 1565 1616 1593
f 1540 1571 1567 1538
f 1572 1545 1547 1618
f 1575 1598 1544 1573
f 1551 1579 1565 1537
o wr_prep_shelfB
v 0.011000 4.461000 0.431000
v 0.011000 4.460000 0.432000
v 0.010000 4.461000 0.432000
v 0.011000 4.460293 0.431293
v 0.010423 4.460423 0.431423
v 0.010293 4.460293 0.432000
v 0.010293 4.461000 0.431293
v 0.011000 4.460000 0.448000
v 0.011000 4.461000 0.449000
v 0.010000 4.461000 0.448000
v 0.011000 4.460293 0.448707
v 0.010423 4.460423 0.448577
v 0.010293 4.461000 0.448707
v 0.010293 4.460293 0.448000
v 0.011000 4.939000 0.431000
v 0.010000 4.939000 0.432000
v 0.011000 4.940000 0.432000
v 0.010293 4.939000 0.431293
v 0.010423 4.939577 0.431423
v 0.010293 4.939707 0.432000
v 0.011000 4.939707 0.431293
v 0.011000 4.939000 0.449000
v 0.011000 4.940000 0.448000
v 0.010000 4.939000 0.448000
v 0.011000 4.939707 0.448707
v 0.010423 4.939577 0.448577
v 0.010293 4.939707 0.448000
v 0.010293 4.939000 0.448707
v 0.639000 4.461000 0.431000
v 0.640000 4.461000 0.432000
v 0.639000 4.460000 0.432000
v 0.639707 4.461000 0.431293
v 0.639577 4.460423 0.431423
v 0.639707 4.460293 0.432000
v 0.639000 4.460293 0.431293
v 0.639000 4.461000 0.449000
v 0.639000 4.460000 0.448000
v 0.640000 4.461000 0.448000
v 0.639000 4.460293 0.448707
v 0.639577 4.460423 0.448577
v 0.639707 4.460293 0.448000
v 0.639707 4.461000 0.448707
v 0.639000 4.939000 0.431000
v 0.639000 4.940000 0.432000
v 0.640000 4.939000 0.432000
v 0.639000 4.939707 0.431293
v 0.639577 4.939577 0.431423
v 0.639707 4.939707 0.432000
v 0.639707 4.939000 0.431293
v 0.639000 4.939000 0.449000
v 0.640000 4.939000 0.448000
v 0.639000 4.940000 0.448000
v 0.639707 4.939000 0.448707
v 0.639577 4.939577 0.448577
v 0.639707 4.939707 0.448000
v 0.639000 4.939707 0.448707
v 0.011000 4.460293 0.431293
v 0.010423 4.460423 0.431423
v 0.010423 4.460423 0.431423
v 0.010293 4.461000 0.431293
v 0.010293 4.460293 0.432000
v 0.011000 4.460293 0.448707
v 0.010423 4.460423 0.448577
v 0.010423 4.460423 0.448577
v 0.010293 4.460293 0.448000
v 0.010293 4.461000 0.448707
v 0.010293 4.939000 0.431293
v 0.010423 4.939577 0.431423
v 0.010423 4.939577 0.431423
v 0.011000 4.939707 0.431293
v 0.010293 4.939707 0.432000
v 0.011000 4.939707 0.448707
v 0.010423 4.939577 0.448577
v 0.010423 4.939577 0.448577
v 0.010293 4.939000 0.448707
v 0.010293 4.939707 0.448000
v 0.639707 4.461000 0.431293
v 0.639577 4.460423 0.431423
v 0.639577 4.460423 0.431423
v 0.639000 4.460293 0.431293
v 0.639707 4.460293 0.432000
v 0.639000 4.460293 0.448707
v 0.639577 4.460423 0.448577
v 0.639577 4.460423 0.448577
v 0.639707 4.461000 0.448707
v 0.639707 4.460293 0.448000
v 0.639000 4.939707 0.431293
v 0.639577 4.939577 0.431423
v 0.639577 4.939577 0.431423
v 0.639707 4.939000 0.431293
v 0.639707 4.939707 0.432000
v 0.639707 4.939000 0.448707
v 0.639577 4.939577 0.448577
v 0.639577 4.939577 0.448577
v 0.639000 4.939707 0.448707
v 0.639707 4.939707 0.448000
s 0
f 1663 1669 1640 1634
f 1677 1683 1670 1662
f 1682 1654 1641 1668
f 1635 1642 1656 1648
f 1649 1655 1684 1676
f 1633 1689 1690 1692
f 1634 1693 1691 1636
f 1635 1639 1637 1638
f 1640 1694 1695 1697
f 1641 1698 1696 1643
f 1642 1646 1644 1645
f 1647 1699 1700 1702
f 1648 1703 1701 1650
f 1649 1653 1651 1652
f 1654 1704 1705 1707
f 1655 1708 1706 1657
f 1656 1660 1658 1659
f 1661 1709 1710 1712
f 1662 1713 1711 1664
f 1663 1667 1665 1666
f 1668 1714 1715 1717
f 1669 1718 1716 1671
f 1670 1674 1672 1673
f 1675 1719 1720 1722
f 1676 1723 1721 1678
f 1677 1681 1679 1680
f 1682 1724 1725 1727
f 1683 1728 1726 1685
f 1684 1688 1686 1687
f 1647 1633 1692 1699
f 1650 1639 1635 1648
f 1634 1640 1697 1693
f 1638 1646 1642 1635
f 1641 1654 1707 1698
f 1645 1660 1656 1642
f 1655 1649 1652 1708
f 1659 1703 1648 1656
f 1675 1647 1702 1719
f 1678 1653 1649 1676
f 1654 1682 1727 1704
f 1657 1688 1684 1655
f 1683 1677 1680 1728
f 1687 1723 1676 1684
f 1661 1675 1722 1709
f 1664 1681 1677 1662
f 1682 1668 1717 1724
f 1685 1674 1670 1683
f 1669 1663 1666 1718
f 1673 1713 1662 1670
f 1633 1661 1712 1689
f 1636 1667 1663 1634
f 1668 1641 1643 1714
f 1671 1694 1640 1669
f 1647 1675 1661 1633
o wr_cook_cab_top
v 0.001500 4.951500 0.852000
v 0.001500 4.950000 0.853500
v 0.000000 4.951500 0.853500
v 0.001500 4.950439 0.852439
v 0.000634 4.950634 0.852634
v 0.000439 4.950439 0.853500
v 0.000439 4.951500 0.852439
v 0.001500 4.950000 0.868500
v 0.001500 4.951500 0.870000
v 0.000000 4.951500 0.868500
v 0.001500 4.950439 0.869561
v 0.000634 4.950634 0.869366
v 0.000439 4.951500 0.869561
v 0.000439 4.950439 0.868500
v 0.001500 5.748500 0.852000
v 0.000000 5.748500 0.853500
v 0.001500 5.750000 0.853500
v 0.000439 5.748500 0.852439
v 0.000634 5.749366 0.852634
v 0.000439 5.749560 0.853500
v 0.001500 5.749560 0.852439
v 0.001500 5.748500 0.870000
v 0.001500 5.750000 0.868500
v 0.000000 5.748500 0.868500
v 0.001500 5.749560 0.869561
v 0.000634 5.749366 0.869366
v 0.000439 5.749560 0.868500
v 0.000439 5.748500 0.869561
v 0.648500 4.951500 0.852000
v 0.650000 4.951500 0.853500
v 0.648500 4.950000 0.853500
v 0.649561 4.951500 0.852439
v 0.649366 4.950634 0.852634
v 0.649561 4.950439 0.853500
v 0.648500 4.950439 0.852439
v 0.648500 4.951500 0.870000
v 0.648500 4.950000 0.868500
v 0.650000 4.951500 0.868500
v 0.648500 4.950439 0.869561
v 0.649366 4.950634 0.869366
v 0.649561 4.950439 0.868500
v 0.649561 4.951500 0.869561
v 0.648500 5.748500 0.852000
v 0.648500 5.750000 0.853500
v 0.650000 5.748500 0.853500
v 0.648500 5.749560 0.852439
v 0.649366 5.749366 0.852634
v 0.649561 5.749560 0.853500
v 0.649561 5.748500 0.852439
v 0.648500 5.748500 0.870000
v 0.650000 5.748500 0.868500
v 0.648500 5.750000 0.868500
v 0.649561 5.748500 0.869561
v 0.649366 5.749366 0.869366
v 0.649561 5.749560 0.868500
v 0.648500 5.749560 0.869561
v 0.001500 4.950439 0.852439
v 0.000634 4.950634 0.852634
v 0.000634 4.950634 0.852634
v 0.000439 4.951500 0.852439
v 0.000439 4.950439 0.853500
v 0.001500 4.950439 0.869561
v 0.000634 4.950634 0.869366
v 0.000634 4.950634 0.869366
v 0.000439 4.950439 0.868500
v 0.000439 4.951500 0.869561
v 0.000439 5.748500 0.852439
v 0.000634 5.749366 0.852634
v 0.000634 5.749366 0.852634
v 0.001500 5.749560 0.852439
v 0.000439 5.749560 0.853500
v 0.001500 5.749560 0.869561
v 0.000634 5.749366 0.869366
v 0.000634 5.749366 0.869366
v 0.000439 5.748500 0.869561
v 0.000439 5.749560 0.868500
v 0.649561 4.951500 0.852439
v 0.649366 4.950634 0.852634
v 0.649366 4.950634 0.852634
v 0.648500 4.950439 0.852439
v 0.649561 4.950439 0.853500
v 0.648500 4.950439 0.869561
v 0.649366 4.950634 0.869366
v 0.649366 4.950634 0.869366
v 0.649561 4.951500 0.869561
v 0.649561 4.950439 0.868500
v 0.648500 5.749560 0.852439
v 0.649366 5.749366 0.852634
v 0.649366 5.749366 0.852634
v 0.649561 5.748500 0.852439
v 0.649561 5.749560 0.853500
v 0.649561 5.748500 0.869561
v 0.649366 5.749366 0.869366
v 0.649366 5.749366 0.869366
v 0.648500 5.749560 0.869561
v 0.649561 5.749560 0.868500
s 0
f 1759 1765 1736 1730
f 1773 1779 1766 1758
f 1778 1750 1737 1764
f 1731 1738 1752 1744
f 1745 1751 1780 1772
f 1729 1785 1786 1788
f 1730 1789 1787 1732
f 1731 1735 1733 1734
f 1736 1790 1791 1793
f 1737 1794 1792 1739
f 1738 1742 1740 1741
f 1743 1795 1796 1798
f 1744 1799 1797 1746
f 1745 1749 1747 1748
f 1750 1800 1801 1803
f 1751 1804 1802 1753
f 1752 1756 1754 1755
f 1757 1805 1806 1808
f 1758 1809 1807 1760
f 1759 1763 1761 1762
f 1764 1810 1811 1813
f 1765 1814 1812 1767
f 1766 1770 1768 1769
f 1771 1815 1816 1818
f 1772 1819 1817 1774
f 1773 1777 1775 1776
f 1778 1820 1821 1823
f 1779 1824 1822 1781
f 1780 1784 1782 1783
f 1743 1729 1788 1795
f 1746 1735 1731 1744
f 1730 1736 1793 1789
f 1734 1742 1738 1731
f 1737 1750 1803 1794
f 1741 1756 1752 1738
f 1751 1745 1748 1804
f 1755 1799 1744 1752
f 1771 1743 1798 1815
f 1774 1749 1745 1772
f 1750 1778 1823 1800
f 1753 1784 1780 1751
f 1779 1773 1776 1824
f 1783 1819 1772 1780
f 1757 1771 1818 1805
f 1760 1777 1773 1758
f 1778 1764 1813 1820
f 1781 1770 1766 1779
f 1765 1759 1762 1814
f 1769 1809 1758 1766
f 1729 1757 1808 1785
f 1732 1763 1759 1730
f 1764 1737 1739 1810
f 1767 1790 1736 1765
f 1743 1771 1757 1729
o wr_cook_cab_bot
v 0.001500 4.951500 0.100000
v 0.001500 4.950000 0.101500
v 0.000000 4.951500 0.101500
v 0.001500 4.950439 0.100439
v 0.000634 4.950634 0.100634
v 0.000439 4.950439 0.101500
v 0.000439 4.951500 0.100439
v 0.001500 4.950000 0.116500
v 0.001500 4.951500 0.118000
v 0.000000 4.951500 0.116500
v 0.001500 4.950439 0.117561
v 0.000634 4.950634 0.117366
v 0.000439 4.951500 0.117561
v 0.000439 4.950439 0.116500
v 0.001500 5.748500 0.100000
v 0.000000 5.748500 0.101500
v 0.001500 5.750000 0.101500
v 0.000439 5.748500 0.100439
v 0.000634 5.749366 0.100634
v 0.000439 5.749560 0.101500
v 0.001500 5.749560 0.100439
v 0.001500 5.748500 0.118000
v 0.001500 5.750000 0.116500
v 0.000000 5.748500 0.116500
v 0.001500 5.749560 0.117561
v 0.000634 5.749366 0.117366
v 0.000439 5.749560 0.116500
v 0.000439 5.748500 0.117561
v 0.648500 4.951500 0.100000
v 0.650000 4.951500 0.101500
v 0.648500 4.950000 0.101500
v 0.649561 4.951500 0.100439
v 0.649366 4.950634 0.100634
v 0.649561 4.950439 0.101500
v 0.648500 4.950439 0.100439
v 0.648500 4.951500 0.118000
v 0.648500 4.950000 0.116500
v 0.650000 4.951500 0.116500
v 0.648500 4.950439 0.117561
v 0.649366 4.950634 0.117366
v 0.649561 4.950439 0.116500
v 0.649561 4.951500 0.117561
v 0.648500 5.748500 0.100000
v 0.648500 5.750000 0.101500
v 0.650000 5.748500 0.101500
v 0.648500 5.749560 0.100439
v 0.649366 5.749366 0.100634
v 0.649561 5.749560 0.101500
v 0.649561 5.748500 0.100439
v 0.648500 5.748500 0.118000
v 0.650000 5.748500 0.116500
v 0.648500 5.750000 0.116500
v 0.649561 5.748500 0.117561
v 0.649366 5.749366 0.117366
v 0.649561 5.749560 0.116500
v 0.648500 5.749560 0.117561
v 0.001500 4.950439 0.100439
v 0.000634 4.950634 0.100634
v 0.000634 4.950634 0.100634
v 0.000439 4.951500 0.100439
v 0.000439 4.950439 0.101500
v 0.001500 4.950439 0.117561
v 0.000634 4.950634 0.117366
v 0.000634 4.950634 0.117366
v 0.000439 4.950439 0.116500
v 0.000439 4.951500 0.117561
v 0.000439 5.748500 0.100439
v 0.000634 5.749366 0.100634
v 0.000634 5.749366 0.100634
v 0.001500 5.749560 0.100439
v 0.000439 5.749560 0.101500
v 0.001500 5.749560 0.117561
v 0.000634 5.749366 0.117366
v 0.000634 5.749366 0.117366
v 0.000439 5.748500 0.117561
v 0.000439 5.749560 0.116500
v 0.649561 4.951500 0.100439
v 0.649366 4.950634 0.100634
v 0.649366 4.950634 0.100634
v 0.648500 4.950439 0.100439
v 0.649561 4.950439 0.101500
v 0.648500 4.950439 0.117561
v 0.649366 4.950634 0.117366
v 0.649366 4.950634 0.117366
v 0.649561 4.951500 0.117561
v 0.649561 4.950439 0.116500
v 0.648500 5.749560 0.100439
v 0.649366 5.749366 0.100634
v 0.649366 5.749366 0.100634
v 0.649561 5.748500 0.100439
v 0.649561 5.749560 0.101500
v 0.649561 5.748500 0.117561
v 0.649366 5.749366 0.117366
v 0.649366 5.749366 0.117366
v 0.648500 5.749560 0.117561
v 0.649561 5.749560 0.116500
s 0
f 1855 1861 1832 1826
f 1869 1875 1862 1854
f 1874 1846 1833 1860
f 1827 1834 1848 1840
f 1841 1847 1876 1868
f 1825 1881 1882 1884
f 1826 1885 1883 1828
f 1827 1831 1829 1830
f 1832 1886 1887 1889
f 1833 1890 1888 1835
f 1834 1838 1836 1837
f 1839 1891 1892 1894
f 1840 1895 1893 1842
f 1841 1845 1843 1844
f 1846 1896 1897 1899
f 1847 1900 1898 1849
f 1848 1852 1850 1851
f 1853 1901 1902 1904
f 1854 1905 1903 1856
f 1855 1859 1857 1858
f 1860 1906 1907 1909
f 1861 1910 1908 1863
f 1862 1866 1864 1865
f 1867 1911 1912 1914
f 1868 1915 1913 1870
f 1869 1873 1871 1872
f 1874 1916 1917 1919
f 1875 1920 1918 1877
f 1876 1880 1878 1879
f 1839 1825 1884 1891
f 1842 1831 1827 1840
f 1826 1832 1889 1885
f 1830 1838 1834 1827
f 1833 1846 1899 1890
f 1837 1852 1848 1834
f 1847 1841 1844 1900
f 1851 1895 1840 1848
f 1867 1839 1894 1911
f 1870 1845 1841 1868
f 1846 1874 1919 1896
f 1849 1880 1876 1847
f 1875 1869 1872 1920
f 1879 1915 1868 1876
f 1853 1867 1914 1901
f 1856 1873 1869 1854
f 1874 1860 1909 1916
f 1877 1866 1862 1875
f 1861 1855 1858 1910
f 1865 1905 1854 1862
f 1825 1853 1904 1881
f 1828 1859 1855 1826
f 1860 1833 1835 1906
f 1863 1886 1832 1861
f 1839 1867 1853 1825
o wr_cook_cab_sideS
v 0.001500 4.951500 0.100000
v 0.001500 4.950000 0.101500
v 0.000000 4.951500 0.101500
v 0.001500 4.950439 0.100439
v 0.000634 4.950634 0.100634
v 0.000439 4.950439 0.101500
v 0.000439 4.951500 0.100439
v 0.001500 4.950000 0.868500
v 0.001500 4.951500 0.870000
v 0.000000 4.951500 0.868500
v 0.001500 4.950439 0.869561
v 0.000634 4.950634 0.869366
v 0.000439 4.951500 0.869561
v 0.000439 4.950439 0.868500
v 0.001500 4.966500 0.100000
v 0.000000 4.966500 0.101500
v 0.001500 4.968000 0.101500
v 0.000439 4.966500 0.100439
v 0.000634 4.967366 0.100634
v 0.000439 4.967561 0.101500
v 0.001500 4.967561 0.100439
v 0.001500 4.966500 0.870000
v 0.001500 4.968000 0.868500
v 0.000000 4.966500 0.868500
v 0.001500 4.967561 0.869561
v 0.000634 4.967366 0.869366
v 0.000439 4.967561 0.868500
v 0.000439 4.966500 0.869561
v 0.648500 4.951500 0.100000
v 0.650000 4.951500 0.101500
v 0.648500 4.950000 0.101500
v 0.649561 4.951500 0.100439
v 0.649366 4.950634 0.100634
v 0.649561 4.950439 0.101500
v 0.648500 4.950439 0.100439
v 0.648500 4.951500 0.870000
v 0.648500 4.950000 0.868500
v 0.650000 4.951500 0.868500
v 0.648500 4.950439 0.869561
v 0.649366 4.950634 0.869366
v 0.649561 4.950439 0.868500
v 0.649561 4.951500 0.869561
v 0.648500 4.966500 0.100000
v 0.648500 4.968000 0.101500
v 0.650000 4.966500 0.101500
v 0.648500 4.967561 0.100439
v 0.649366 4.967366 0.100634
v 0.649561 4.967561 0.101500
v 0.649561 4.966500 0.100439
v 0.648500 4.966500 0.870000
v 0.650000 4.966500 0.868500
v 0.648500 4.968000 0.868500
v 0.649561 4.966500 0.869561
v 0.649366 4.967366 0.869366
v 0.649561 4.967561 0.868500
v 0.648500 4.967561 0.869561
v 0.001500 4.950439 0.100439
v 0.000634 4.950634 0.100634
v 0.000634 4.950634 0.100634
v 0.000439 4.951500 0.100439
v 0.000439 4.950439 0.101500
v 0.001500 4.950439 0.869561
v 0.000634 4.950634 0.869366
v 0.000634 4.950634 0.869366
v 0.000439 4.950439 0.868500
v 0.000439 4.951500 0.869561
v 0.000439 4.966500 0.100439
v 0.000634 4.967366 0.100634
v 0.000634 4.967366 0.100634
v 0.001500 4.967561 0.100439
v 0.000439 4.967561 0.101500
v 0.001500 4.967561 0.869561
v 0.000634 4.967366 0.869366
v 0.000634 4.967366 0.869366
v 0.000439 4.966500 0.869561
v 0.000439 4.967561 0.868500
v 0.649561 4.951500 0.100439
v 0.649366 4.950634 0.100634
v 0.649366 4.950634 0.100634
v 0.648500 4.950439 0.100439
v 0.649561 4.950439 0.101500
v 0.648500 4.950439 0.869561
v 0.649366 4.950634 0.869366
v 0.649366 4.950634 0.869366
v 0.649561 4.951500 0.869561
v 0.649561 4.950439 0.868500
v 0.648500 4.967561 0.100439
v 0.649366 4.967366 0.100634
v 0.649366 4.967366 0.100634
v 0.649561 4.966500 0.100439
v 0.649561 4.967561 0.101500
v 0.649561 4.966500 0.869561
v 0.649366 4.967366 0.869366
v 0.649366 4.967366 0.869366
v 0.648500 4.967561 0.869561
v 0.649561 4.967561 0.868500
s 0
f 1951 1957 1928 1922
f 1965 1971 1958 1950
f 1970 1942 1929 1956
f 1923 1930 1944 1936
f 1937 1943 1972 1964
f 1921 1977 1978 1980
f 1922 1981 1979 1924
f 1923 1927 1925 1926
f 1928 1982 1983 1985
f 1929 1986 1984 1931
f 1930 1934 1932 1933
f 1935 1987 1988 1990
f 1936 1991 1989 1938
f 1937 1941 1939 1940
f 1942 1992 1993 1995
f 1943 1996 1994 1945
f 1944 1948 1946 1947
f 1949 1997 1998 2000
f 1950 2001 1999 1952
f 1951 1955 1953 1954
f 1956 2002 2003 2005
f 1957 2006 2004 1959
f 1958 1962 1960 1961
f 1963 2007 2008 2010
f 1964 2011 2009 1966
f 1965 1969 1967 1968
f 1970 2012 2013 2015
f 1971 2016 2014 1973
f 1972 1976 1974 1975
f 1935 1921 1980 1987
f 1938 1927 1923 1936
f 1922 1928 1985 1981
f 1926 1934 1930 1923
f 1929 1942 1995 1986
f 1933 1948 1944 1930
f 1943 1937 1940 1996
f 1947 1991 1936 1944
f 1963 1935 1990 2007
f 1966 1941 1937 1964
f 1942 1970 2015 1992
f 1945 1976 1972 1943
f 1971 1965 1968 2016
f 1975 2011 1964 1972
f 1949 1963 2010 1997
f 1952 1969 1965 1950
f 1970 1956 2005 2012
f 1973 1962 1958 1971
f 1957 1951 1954 2006
f 1961 2001 1950 1958
f 1921 1949 2000 1977
f 1924 1955 1951 1922
f 1956 1929 1931 2002
f 1959 1982 1928 1957
f 1935 1963 1949 1921
o wr_cook_cab_sideN
v 0.001500 5.733500 0.100000
v 0.001500 5.732000 0.101500
v 0.000000 5.733500 0.101500
v 0.001500 5.732440 0.100439
v 0.000634 5.732634 0.100634
v 0.000439 5.732440 0.101500
v 0.000439 5.733500 0.100439
v 0.001500 5.732000 0.868500
v 0.001500 5.733500 0.870000
v 0.000000 5.733500 0.868500
v 0.001500 5.732440 0.869561
v 0.000634 5.732634 0.869366
v 0.000439 5.733500 0.869561
v 0.000439 5.732440 0.868500
v 0.001500 5.748500 0.100000
v 0.000000 5.748500 0.101500
v 0.001500 5.750000 0.101500
v 0.000439 5.748500 0.100439
v 0.000634 5.749366 0.100634
v 0.000439 5.749561 0.101500
v 0.001500 5.749561 0.100439
v 0.001500 5.748500 0.870000
v 0.001500 5.750000 0.868500
v 0.000000 5.748500 0.868500
v 0.001500 5.749561 0.869561
v 0.000634 5.749366 0.869366
v 0.000439 5.749561 0.868500
v 0.000439 5.748500 0.869561
v 0.648500 5.733500 0.100000
v 0.650000 5.733500 0.101500
v 0.648500 5.732000 0.101500
v 0.649561 5.733500 0.100439
v 0.649366 5.732634 0.100634
v 0.649561 5.732440 0.101500
v 0.648500 5.732440 0.100439
v 0.648500 5.733500 0.870000
v 0.648500 5.732000 0.868500
v 0.650000 5.733500 0.868500
v 0.648500 5.732440 0.869561
v 0.649366 5.732634 0.869366
v 0.649561 5.732440 0.868500
v 0.649561 5.733500 0.869561
v 0.648500 5.748500 0.100000
v 0.648500 5.750000 0.101500
v 0.650000 5.748500 0.101500
v 0.648500 5.749561 0.100439
v 0.649366 5.749366 0.100634
v 0.649561 5.749561 0.101500
v 0.649561 5.748500 0.100439
v 0.648500 5.748500 0.870000
v 0.650000 5.748500 0.868500
v 0.648500 5.750000 0.868500
v 0.649561 5.748500 0.869561
v 0.649366 5.749366 0.869366
v 0.649561 5.749561 0.868500
v 0.648500 5.749561 0.869561
v 0.001500 5.732440 0.100439
v 0.000634 5.732634 0.100634
v 0.000634 5.732634 0.100634
v 0.000439 5.733500 0.100439
v 0.000439 5.732440 0.101500
v 0.001500 5.732440 0.869561
v 0.000634 5.732634 0.869366
v 0.000634 5.732634 0.869366
v 0.000439 5.732440 0.868500
v 0.000439 5.733500 0.869561
v 0.000439 5.748500 0.100439
v 0.000634 5.749366 0.100634
v 0.000634 5.749366 0.100634
v 0.001500 5.749561 0.100439
v 0.000439 5.749561 0.101500
v 0.001500 5.749561 0.869561
v 0.000634 5.749366 0.869366
v 0.000634 5.749366 0.869366
v 0.000439 5.748500 0.869561
v 0.000439 5.749561 0.868500
v 0.649561 5.733500 0.100439
v 0.649366 5.732634 0.100634
v 0.649366 5.732634 0.100634
v 0.648500 5.732440 0.100439
v 0.649561 5.732440 0.101500
v 0.648500 5.732440 0.869561
v 0.649366 5.732634 0.869366
v 0.649366 5.732634 0.869366
v 0.649561 5.733500 0.869561
v 0.649561 5.732440 0.868500
v 0.648500 5.749561 0.100439
v 0.649366 5.749366 0.100634
v 0.649366 5.749366 0.100634
v 0.649561 5.748500 0.100439
v 0.649561 5.749561 0.101500
v 0.649561 5.748500 0.869561
v 0.649366 5.749366 0.869366
v 0.649366 5.749366 0.869366
v 0.648500 5.749561 0.869561
v 0.649561 5.749561 0.868500
s 0
f 2047 2053 2024 2018
f 2061 2067 2054 2046
f 2066 2038 2025 2052
f 2019 2026 2040 2032
f 2033 2039 2068 2060
f 2017 2073 2074 2076
f 2018 2077 2075 2020
f 2019 2023 2021 2022
f 2024 2078 2079 2081
f 2025 2082 2080 2027
f 2026 2030 2028 2029
f 2031 2083 2084 2086
f 2032 2087 2085 2034
f 2033 2037 2035 2036
f 2038 2088 2089 2091
f 2039 2092 2090 2041
f 2040 2044 2042 2043
f 2045 2093 2094 2096
f 2046 2097 2095 2048
f 2047 2051 2049 2050
f 2052 2098 2099 2101
f 2053 2102 2100 2055
f 2054 2058 2056 2057
f 2059 2103 2104 2106
f 2060 2107 2105 2062
f 2061 2065 2063 2064
f 2066 2108 2109 2111
f 2067 2112 2110 2069
f 2068 2072 2070 2071
f 2031 2017 2076 2083
f 2034 2023 2019 2032
f 2018 2024 2081 2077
f 2022 2030 2026 2019
f 2025 2038 2091 2082
f 2029 2044 2040 2026
f 2039 2033 2036 2092
f 2043 2087 2032 2040
f 2059 2031 2086 2103
f 2062 2037 2033 2060
f 2038 2066 2111 2088
f 2041 2072 2068 2039
f 2067 2061 2064 2112
f 2071 2107 2060 2068
f 2045 2059 2106 2093
f 2048 2065 2061 2046
f 2066 2052 2101 2108
f 2069 2058 2054 2067
f 2053 2047 2050 2102
f 2057 2097 2046 2054
f 2017 2045 2096 2073
f 2020 2051 2047 2018
f 2052 2025 2027 2098
f 2055 2078 2024 2053
f 2031 2059 2045 2017
o wr_cook_cab_back
v 0.001500 4.951500 0.100000
v 0.001500 4.950000 0.101500
v 0.000000 4.951500 0.101500
v 0.001500 4.950439 0.100439
v 0.000634 4.950634 0.100634
v 0.000439 4.950439 0.101500
v 0.000439 4.951500 0.100439
v 0.001500 4.950000 0.868500
v 0.001500 4.951500 0.870000
v 0.000000 4.951500 0.868500
v 0.001500 4.950439 0.869561
v 0.000634 4.950634 0.869366
v 0.000439 4.951500 0.869561
v 0.000439 4.950439 0.868500
v 0.001500 5.748500 0.100000
v 0.000000 5.748500 0.101500
v 0.001500 5.750000 0.101500
v 0.000439 5.748500 0.100439
v 0.000634 5.749366 0.100634
v 0.000439 5.749560 0.101500
v 0.001500 5.749560 0.100439
v 0.001500 5.748500 0.870000
v 0.001500 5.750000 0.868500
v 0.000000 5.748500 0.868500
v 0.001500 5.749560 0.869561
v 0.000634 5.749366 0.869366
v 0.000439 5.749560 0.868500
v 0.000439 5.748500 0.869561
v 0.010500 4.951500 0.100000
v 0.012000 4.951500 0.101500
v 0.010500 4.950000 0.101500
v 0.011561 4.951500 0.100439
v 0.011366 4.950634 0.100634
v 0.011561 4.950439 0.101500
v 0.010500 4.950439 0.100439
v 0.010500 4.951500 0.870000
v 0.010500 4.950000 0.868500
v 0.012000 4.951500 0.868500
v 0.010500 4.950439 0.869561
v 0.011366 4.950634 0.869366
v 0.011561 4.950439 0.868500
v 0.011561 4.951500 0.869561
v 0.010500 5.748500 0.100000
v 0.010500 5.750000 0.101500
v 0.012000 5.748500 0.101500
v 0.010500 5.749560 0.100439
v 0.011366 5.749366 0.100634
v 0.011561 5.749560 0.101500
v 0.011561 5.748500 0.100439
v 0.010500 5.748500 0.870000
v 0.012000 5.748500 0.868500
v 0.010500 5.750000 0.868500
v 0.011561 5.748500 0.869561
v 0.011366 5.749366 0.869366
v 0.011561 5.749560 0.868500
v 0.010500 5.749560 0.869561
v 0.001500 4.950439 0.100439
v 0.000634 4.950634 0.100634
v 0.000634 4.950634 0.100634
v 0.000439 4.951500 0.100439
v 0.000439 4.950439 0.101500
v 0.001500 4.950439 0.869561
v 0.000634 4.950634 0.869366
v 0.000634 4.950634 0.869366
v 0.000439 4.950439 0.868500
v 0.000439 4.951500 0.869561
v 0.000439 5.748500 0.100439
v 0.000634 5.749366 0.100634
v 0.000634 5.749366 0.100634
v 0.001500 5.749560 0.100439
v 0.000439 5.749560 0.101500
v 0.001500 5.749560 0.869561
v 0.000634 5.749366 0.869366
v 0.000634 5.749366 0.869366
v 0.000439 5.748500 0.869561
v 0.000439 5.749560 0.868500
v 0.011561 4.951500 0.100439
v 0.011366 4.950634 0.100634
v 0.011366 4.950634 0.100634
v 0.010500 4.950439 0.100439
v 0.011561 4.950439 0.101500
v 0.010500 4.950439 0.869561
v 0.011366 4.950634 0.869366
v 0.011366 4.950634 0.869366
v 0.011561 4.951500 0.869561
v 0.011561 4.950439 0.868500
v 0.010500 5.749560 0.100439
v 0.011366 5.749366 0.100634
v 0.011366 5.749366 0.100634
v 0.011561 5.748500 0.100439
v 0.011561 5.749560 0.101500
v 0.011561 5.748500 0.869561
v 0.011366 5.749366 0.869366
v 0.011366 5.749366 0.869366
v 0.010500 5.749560 0.869561
v 0.011561 5.749560 0.868500
s 0
f 2143 2149 2120 2114
f 2157 2163 2150 2142
f 2162 2134 2121 2148
f 2115 2122 2136 2128
f 2129 2135 2164 2156
f 2113 2169 2170 2172
f 2114 2173 2171 2116
f 2115 2119 2117 2118
f 2120 2174 2175 2177
f 2121 2178 2176 2123
f 2122 2126 2124 2125
f 2127 2179 2180 2182
f 2128 2183 2181 2130
f 2129 2133 2131 2132
f 2134 2184 2185 2187
f 2135 2188 2186 2137
f 2136 2140 2138 2139
f 2141 2189 2190 2192
f 2142 2193 2191 2144
f 2143 2147 2145 2146
f 2148 2194 2195 2197
f 2149 2198 2196 2151
f 2150 2154 2152 2153
f 2155 2199 2200 2202
f 2156 2203 2201 2158
f 2157 2161 2159 2160
f 2162 2204 2205 2207
f 2163 2208 2206 2165
f 2164 2168 2166 2167
f 2127 2113 2172 2179
f 2130 2119 2115 2128
f 2114 2120 2177 2173
f 2118 2126 2122 2115
f 2121 2134 2187 2178
f 2125 2140 2136 2122
f 2135 2129 2132 2188
f 2139 2183 2128 2136
f 2155 2127 2182 2199
f 2158 2133 2129 2156
f 2134 2162 2207 2184
f 2137 2168 2164 2135
f 2163 2157 2160 2208
f 2167 2203 2156 2164
f 2141 2155 2202 2189
f 2144 2161 2157 2142
f 2162 2148 2197 2204
f 2165 2154 2150 2163
f 2149 2143 2146 2198
f 2153 2193 2142 2150
f 2113 2141 2192 2169
f 2116 2147 2143 2114
f 2148 2121 2123 2194
f 2151 2174 2120 2149
f 2127 2155 2141 2113
o wr_cook_plinth
v 0.027000 5.002000 0.000000
v 0.027000 5.000000 0.002000
v 0.025000 5.002000 0.002000
v 0.027000 5.000586 0.000586
v 0.025845 5.000845 0.000845
v 0.025586 5.000586 0.002000
v 0.025586 5.002000 0.000586
v 0.027000 5.000000 0.098000
v 0.027000 5.002000 0.100000
v 0.025000 5.002000 0.098000
v 0.027000 5.000586 0.099414
v 0.025845 5.000845 0.099155
v 0.025586 5.002000 0.099414
v 0.025586 5.000586 0.098000
v 0.027000 5.748000 0.000000
v 0.025000 5.748000 0.002000
v 0.027000 5.750000 0.002000
v 0.025586 5.748000 0.000586
v 0.025845 5.749155 0.000845
v 0.025586 5.749414 0.002000
v 0.027000 5.749414 0.000586
v 0.027000 5.748000 0.100000
v 0.027000 5.750000 0.098000
v 0.025000 5.748000 0.098000
v 0.027000 5.749414 0.099414
v 0.025845 5.749155 0.099155
v 0.025586 5.749414 0.098000
v 0.025586 5.748000 0.099414
v 0.623000 5.002000 0.000000
v 0.625000 5.002000 0.002000
v 0.623000 5.000000 0.002000
v 0.624414 5.002000 0.000586
v 0.624155 5.000845 0.000845
v 0.624414 5.000586 0.002000
v 0.623000 5.000586 0.000586
v 0.623000 5.002000 0.100000
v 0.623000 5.000000 0.098000
v 0.625000 5.002000 0.098000
v 0.623000 5.000586 0.099414
v 0.624155 5.000845 0.099155
v 0.624414 5.000586 0.098000
v 0.624414 5.002000 0.099414
v 0.623000 5.748000 0.000000
v 0.623000 5.750000 0.002000
v 0.625000 5.748000 0.002000
v 0.623000 5.749414 0.000586
v 0.624155 5.749155 0.000845
v 0.624414 5.749414 0.002000
v 0.624414 5.748000 0.000586
v 0.623000 5.748000 0.100000
v 0.625000 5.748000 0.098000
v 0.623000 5.750000 0.098000
v 0.624414 5.748000 0.099414
v 0.624155 5.749155 0.099155
v 0.624414 5.749414 0.098000
v 0.623000 5.749414 0.099414
v 0.027000 5.000586 0.000586
v 0.025845 5.000845 0.000845
v 0.025845 5.000845 0.000845
v 0.025586 5.002000 0.000586
v 0.025586 5.000586 0.002000
v 0.027000 5.000586 0.099414
v 0.025845 5.000845 0.099155
v 0.025845 5.000845 0.099155
v 0.025586 5.000586 0.098000
v 0.025586 5.002000 0.099414
v 0.025586 5.748000 0.000586
v 0.025845 5.749155 0.000845
v 0.025845 5.749155 0.000845
v 0.027000 5.749414 0.000586
v 0.025586 5.749414 0.002000
v 0.027000 5.749414 0.099414
v 0.025845 5.749155 0.099155
v 0.025845 5.749155 0.099155
v 0.025586 5.748000 0.099414
v 0.025586 5.749414 0.098000
v 0.624414 5.002000 0.000586
v 0.624155 5.000845 0.000845
v 0.624155 5.000845 0.000845
v 0.623000 5.000586 0.000586
v 0.624414 5.000586 0.002000
v 0.623000 5.000586 0.099414
v 0.624155 5.000845 0.099155
v 0.624155 5.000845 0.099155
v 0.624414 5.002000 0.099414
v 0.624414 5.000586 0.098000
v 0.623000 5.749414 0.000586
v 0.624155 5.749155 0.000845
v 0.624155 5.749155 0.000845
v 0.624414 5.748000 0.000586
v 0.624414 5.749414 0.002000
v 0.624414 5.748000 0.099414
v 0.624155 5.749155 0.099155
v 0.624155 5.749155 0.099155
v 0.623000 5.749414 0.099414
v 0.624414 5.749414 0.098000
s 0
f 2239 2245 2216 2210
f 2253 2259 2246 2238
f 2258 2230 2217 2244
f 2211 2218 2232 2224
f 2225 2231 2260 2252
f 2209 2265 2266 2268
f 2210 2269 2267 2212
f 2211 2215 2213 2214
f 2216 2270 2271 2273
f 2217 2274 2272 2219
f 2218 2222 2220 2221
f 2223 2275 2276 2278
f 2224 2279 2277 2226
f 2225 2229 2227 2228
f 2230 2280 2281 2283
f 2231 2284 2282 2233
f 2232 2236 2234 2235
f 2237 2285 2286 2288
f 2238 2289 2287 2240
f 2239 2243 2241 2242
f 2244 2290 2291 2293
f 2245 2294 2292 2247
f 2246 2250 2248 2249
f 2251 2295 2296 2298
f 2252 2299 2297 2254
f 2253 2257 2255 2256
f 2258 2300 2301 2303
f 2259 2304 2302 2261
f 2260 2264 2262 2263
f 2223 2209 2268 2275
f 2226 2215 2211 2224
f 2210 2216 2273 2269
f 2214 2222 2218 2211
f 2217 2230 2283 2274
f 2221 2236 2232 2218
f 2231 2225 2228 2284
f 2235 2279 2224 2232
f 2251 2223 2278 2295
f 2254 2229 2225 2252
f 2230 2258 2303 2280
f 2233 2264 2260 2231
f 2259 2253 2256 2304
f 2263 2299 2252 2260
f 2237 2251 2298 2285
f 2240 2257 2253 2238
f 2258 2244 2293 2300
f 2261 2250 2246 2259
f 2245 2239 2242 2294
f 2249 2289 2238 2246
f 2209 2237 2288 2265
f 2212 2243 2239 2210
f 2244 2217 2219 2290
f 2247 2270 2216 2245
f 2223 2251 2237 2209
o wr_coffee_cab_top
v 0.001500 5.751500 0.852000
v 0.001500 5.750000 0.853500
v 0.000000 5.751500 0.853500
v 0.001500 5.750440 0.852439
v 0.000634 5.750634 0.852634
v 0.000439 5.750440 0.853500
v 0.000439 5.751500 0.852439
v 0.001500 5.750000 0.868500
v 0.001500 5.751500 0.870000
v 0.000000 5.751500 0.868500
v 0.001500 5.750440 0.869561
v 0.000634 5.750634 0.869366
v 0.000439 5.751500 0.869561
v 0.000439 5.750440 0.868500
v 0.001500 6.348500 0.852000
v 0.000000 6.348500 0.853500
v 0.001500 6.350000 0.853500
v 0.000439 6.348500 0.852439
v 0.000634 6.349366 0.852634
v 0.000439 6.349561 0.853500
v 0.001500 6.349561 0.852439
v 0.001500 6.348500 0.870000
v 0.001500 6.350000 0.868500
v 0.000000 6.348500 0.868500
v 0.001500 6.349561 0.869561
v 0.000634 6.349366 0.869366
v 0.000439 6.349561 0.868500
v 0.000439 6.348500 0.869561
v 0.648500 5.751500 0.852000
v 0.650000 5.751500 0.853500
v 0.648500 5.750000 0.853500
v 0.649561 5.751500 0.852439
v 0.649366 5.750634 0.852634
v 0.649561 5.750440 0.853500
v 0.648500 5.750440 0.852439
v 0.648500 5.751500 0.870000
v 0.648500 5.750000 0.868500
v 0.650000 5.751500 0.868500
v 0.648500 5.750440 0.869561
v 0.649366 5.750634 0.869366
v 0.649561 5.750440 0.868500
v 0.649561 5.751500 0.869561
v 0.648500 6.348500 0.852000
v 0.648500 6.350000 0.853500
v 0.650000 6.348500 0.853500
v 0.648500 6.349561 0.852439
v 0.649366 6.349366 0.852634
v 0.649561 6.349561 0.853500
v 0.649561 6.348500 0.852439
v 0.648500 6.348500 0.870000
v 0.650000 6.348500 0.868500
v 0.648500 6.350000 0.868500
v 0.649561 6.348500 0.869561
v 0.649366 6.349366 0.869366
v 0.649561 6.349561 0.868500
v 0.648500 6.349561 0.869561
v 0.001500 5.750440 0.852439
v 0.000634 5.750634 0.852634
v 0.000634 5.750634 0.852634
v 0.000439 5.751500 0.852439
v 0.000439 5.750440 0.853500
v 0.001500 5.750440 0.869561
v 0.000634 5.750634 0.869366
v 0.000634 5.750634 0.869366
v 0.000439 5.750440 0.868500
v 0.000439 5.751500 0.869561
v 0.000439 6.348500 0.852439
v 0.000634 6.349366 0.852634
v 0.000634 6.349366 0.852634
v 0.001500 6.349561 0.852439
v 0.000439 6.349561 0.853500
v 0.001500 6.349561 0.869561
v 0.000634 6.349366 0.869366
v 0.000634 6.349366 0.869366
v 0.000439 6.348500 0.869561
v 0.000439 6.349561 0.868500
v 0.649561 5.751500 0.852439
v 0.649366 5.750634 0.852634
v 0.649366 5.750634 0.852634
v 0.648500 5.750440 0.852439
v 0.649561 5.750440 0.853500
v 0.648500 5.750440 0.869561
v 0.649366 5.750634 0.869366
v 0.649366 5.750634 0.869366
v 0.649561 5.751500 0.869561
v 0.649561 5.750440 0.868500
v 0.648500 6.349561 0.852439
v 0.649366 6.349366 0.852634
v 0.649366 6.349366 0.852634
v 0.649561 6.348500 0.852439
v 0.649561 6.349561 0.853500
v 0.649561 6.348500 0.869561
v 0.649366 6.349366 0.869366
v 0.649366 6.349366 0.869366
v 0.648500 6.349561 0.869561
v 0.649561 6.349561 0.868500
s 0
f 2335 2341 2312 2306
f 2349 2355 2342 2334
f 2354 2326 2313 2340
f 2307 2314 2328 2320
f 2321 2327 2356 2348
f 2305 2361 2362 2364
f 2306 2365 2363 2308
f 2307 2311 2309 2310
f 2312 2366 2367 2369
f 2313 2370 2368 2315
f 2314 2318 2316 2317
f 2319 2371 2372 2374
f 2320 2375 2373 2322
f 2321 2325 2323 2324
f 2326 2376 2377 2379
f 2327 2380 2378 2329
f 2328 2332 2330 2331
f 2333 2381 2382 2384
f 2334 2385 2383 2336
f 2335 2339 2337 2338
f 2340 2386 2387 2389
f 2341 2390 2388 2343
f 2342 2346 2344 2345
f 2347 2391 2392 2394
f 2348 2395 2393 2350
f 2349 2353 2351 2352
f 2354 2396 2397 2399
f 2355 2400 2398 2357
f 2356 2360 2358 2359
f 2319 2305 2364 2371
f 2322 2311 2307 2320
f 2306 2312 2369 2365
f 2310 2318 2314 2307
f 2313 2326 2379 2370
f 2317 2332 2328 2314
f 2327 2321 2324 2380
f 2331 2375 2320 2328
f 2347 2319 2374 2391
f 2350 2325 2321 2348
f 2326 2354 2399 2376
f 2329 2360 2356 2327
f 2355 2349 2352 2400
f 2359 2395 2348 2356
f 2333 2347 2394 2381
f 2336 2353 2349 2334
f 2354 2340 2389 2396
f 2357 2346 2342 2355
f 2341 2335 2338 2390
f 2345 2385 2334 2342
f 2305 2333 2384 2361
f 2308 2339 2335 2306
f 2340 2313 2315 2386
f 2343 2366 2312 2341
f 2319 2347 2333 2305
o wr_coffee_cab_bot
v 0.001500 5.751500 0.100000
v 0.001500 5.750000 0.101500
v 0.000000 5.751500 0.101500
v 0.001500 5.750440 0.100439
v 0.000634 5.750634 0.100634
v 0.000439 5.750440 0.101500
v 0.000439 5.751500 0.100439
v 0.001500 5.750000 0.116500
v 0.001500 5.751500 0.118000
v 0.000000 5.751500 0.116500
v 0.001500 5.750440 0.117561
v 0.000634 5.750634 0.117366
v 0.000439 5.751500 0.117561
v 0.000439 5.750440 0.116500
v 0.001500 6.348500 0.100000
v 0.000000 6.348500 0.101500
v 0.001500 6.350000 0.101500
v 0.000439 6.348500 0.100439
v 0.000634 6.349366 0.100634
v 0.000439 6.349561 0.101500
v 0.001500 6.349561 0.100439
v 0.001500 6.348500 0.118000
v 0.001500 6.350000 0.116500
v 0.000000 6.348500 0.116500
v 0.001500 6.349561 0.117561
v 0.000634 6.349366 0.117366
v 0.000439 6.349561 0.116500
v 0.000439 6.348500 0.117561
v 0.648500 5.751500 0.100000
v 0.650000 5.751500 0.101500
v 0.648500 5.750000 0.101500
v 0.649561 5.751500 0.100439
v 0.649366 5.750634 0.100634
v 0.649561 5.750440 0.101500
v 0.648500 5.750440 0.100439
v 0.648500 5.751500 0.118000
v 0.648500 5.750000 0.116500
v 0.650000 5.751500 0.116500
v 0.648500 5.750440 0.117561
v 0.649366 5.750634 0.117366
v 0.649561 5.750440 0.116500
v 0.649561 5.751500 0.117561
v 0.648500 6.348500 0.100000
v 0.648500 6.350000 0.101500
v 0.650000 6.348500 0.101500
v 0.648500 6.349561 0.100439
v 0.649366 6.349366 0.100634
v 0.649561 6.349561 0.101500
v 0.649561 6.348500 0.100439
v 0.648500 6.348500 0.118000
v 0.650000 6.348500 0.116500
v 0.648500 6.350000 0.116500
v 0.649561 6.348500 0.117561
v 0.649366 6.349366 0.117366
v 0.649561 6.349561 0.116500
v 0.648500 6.349561 0.117561
v 0.001500 5.750440 0.100439
v 0.000634 5.750634 0.100634
v 0.000634 5.750634 0.100634
v 0.000439 5.751500 0.100439
v 0.000439 5.750440 0.101500
v 0.001500 5.750440 0.117561
v 0.000634 5.750634 0.117366
v 0.000634 5.750634 0.117366
v 0.000439 5.750440 0.116500
v 0.000439 5.751500 0.117561
v 0.000439 6.348500 0.100439
v 0.000634 6.349366 0.100634
v 0.000634 6.349366 0.100634
v 0.001500 6.349561 0.100439
v 0.000439 6.349561 0.101500
v 0.001500 6.349561 0.117561
v 0.000634 6.349366 0.117366
v 0.000634 6.349366 0.117366
v 0.000439 6.348500 0.117561
v 0.000439 6.349561 0.116500
v 0.649561 5.751500 0.100439
v 0.649366 5.750634 0.100634
v 0.649366 5.750634 0.100634
v 0.648500 5.750440 0.100439
v 0.649561 5.750440 0.101500
v 0.648500 5.750440 0.117561
v 0.649366 5.750634 0.117366
v 0.649366 5.750634 0.117366
v 0.649561 5.751500 0.117561
v 0.649561 5.750440 0.116500
v 0.648500 6.349561 0.100439
v 0.649366 6.349366 0.100634
v 0.649366 6.349366 0.100634
v 0.649561 6.348500 0.100439
v 0.649561 6.349561 0.101500
v 0.649561 6.348500 0.117561
v 0.649366 6.349366 0.117366
v 0.649366 6.349366 0.117366
v 0.648500 6.349561 0.117561
v 0.649561 6.349561 0.116500
s 0
f 2431 2437 2408 2402
f 2445 2451 2438 2430
f 2450 2422 2409 2436
f 2403 2410 2424 2416
f 2417 2423 2452 2444
f 2401 2457 2458 2460
f 2402 2461 2459 2404
f 2403 2407 2405 2406
f 2408 2462 2463 2465
f 2409 2466 2464 2411
f 2410 2414 2412 2413
f 2415 2467 2468 2470
f 2416 2471 2469 2418
f 2417 2421 2419 2420
f 2422 2472 2473 2475
f 2423 2476 2474 2425
f 2424 2428 2426 2427
f 2429 2477 2478 2480
f 2430 2481 2479 2432
f 2431 2435 2433 2434
f 2436 2482 2483 2485
f 2437 2486 2484 2439
f 2438 2442 2440 2441
f 2443 2487 2488 2490
f 2444 2491 2489 2446
f 2445 2449 2447 2448
f 2450 2492 2493 2495
f 2451 2496 2494 2453
f 2452 2456 2454 2455
f 2415 2401 2460 2467
f 2418 2407 2403 2416
f 2402 2408 2465 2461
f 2406 2414 2410 2403
f 2409 2422 2475 2466
f 2413 2428 2424 2410
f 2423 2417 2420 2476
f 2427 2471 2416 2424
f 2443 2415 2470 2487
f 2446 2421 2417 2444
f 2422 2450 2495 2472
f 2425 2456 2452 2423
f 2451 2445 2448 2496
f 2455 2491 2444 2452
f 2429 2443 2490 2477
f 2432 2449 2445 2430
f 2450 2436 2485 2492
f 2453 2442 2438 2451
f 2437 2431 2434 2486
f 2441 2481 2430 2438
f 2401 2429 2480 2457
f 2404 2435 2431 2402
f 2436 2409 2411 2482
f 2439 2462 2408 2437
f 2415 2443 2429 2401
o wr_coffee_cab_sideS
v 0.001500 5.751500 0.100000
v 0.001500 5.750000 0.101500
v 0.000000 5.751500 0.101500
v 0.001500 5.750439 0.100439
v 0.000634 5.750634 0.100634
v 0.000439 5.750439 0.101500
v 0.000439 5.751500 0.100439
v 0.001500 5.750000 0.868500
v 0.001500 5.751500 0.870000
v 0.000000 5.751500 0.868500
v 0.001500 5.750439 0.869561
v 0.000634 5.750634 0.869366
v 0.000439 5.751500 0.869561
v 0.000439 5.750439 0.868500
v 0.001500 5.766500 0.100000
v 0.000000 5.766500 0.101500
v 0.001500 5.768000 0.101500
v 0.000439 5.766500 0.100439
v 0.000634 5.767366 0.100634
v 0.000439 5.767560 0.101500
v 0.001500 5.767560 0.100439
v 0.001500 5.766500 0.870000
v 0.001500 5.768000 0.868500
v 0.000000 5.766500 0.868500
v 0.001500 5.767560 0.869561
v 0.000634 5.767366 0.869366
v 0.000439 5.767560 0.868500
v 0.000439 5.766500 0.869561
v 0.648500 5.751500 0.100000
v 0.650000 5.751500 0.101500
v 0.648500 5.750000 0.101500
v 0.649561 5.751500 0.100439
v 0.649366 5.750634 0.100634
v 0.649561 5.750439 0.101500
v 0.648500 5.750439 0.100439
v 0.648500 5.751500 0.870000
v 0.648500 5.750000 0.868500
v 0.650000 5.751500 0.868500
v 0.648500 5.750439 0.869561
v 0.649366 5.750634 0.869366
v 0.649561 5.750439 0.868500
v 0.649561 5.751500 0.869561
v 0.648500 5.766500 0.100000
v 0.648500 5.768000 0.101500
v 0.650000 5.766500 0.101500
v 0.648500 5.767560 0.100439
v 0.649366 5.767366 0.100634
v 0.649561 5.767560 0.101500
v 0.649561 5.766500 0.100439
v 0.648500 5.766500 0.870000
v 0.650000 5.766500 0.868500
v 0.648500 5.768000 0.868500
v 0.649561 5.766500 0.869561
v 0.649366 5.767366 0.869366
v 0.649561 5.767560 0.868500
v 0.648500 5.767560 0.869561
v 0.001500 5.750439 0.100439
v 0.000634 5.750634 0.100634
v 0.000634 5.750634 0.100634
v 0.000439 5.751500 0.100439
v 0.000439 5.750439 0.101500
v 0.001500 5.750439 0.869561
v 0.000634 5.750634 0.869366
v 0.000634 5.750634 0.869366
v 0.000439 5.750439 0.868500
v 0.000439 5.751500 0.869561
v 0.000439 5.766500 0.100439
v 0.000634 5.767366 0.100634
v 0.000634 5.767366 0.100634
v 0.001500 5.767560 0.100439
v 0.000439 5.767560 0.101500
v 0.001500 5.767560 0.869561
v 0.000634 5.767366 0.869366
v 0.000634 5.767366 0.869366
v 0.000439 5.766500 0.869561
v 0.000439 5.767560 0.868500
v 0.649561 5.751500 0.100439
v 0.649366 5.750634 0.100634
v 0.649366 5.750634 0.100634
v 0.648500 5.750439 0.100439
v 0.649561 5.750439 0.101500
v 0.648500 5.750439 0.869561
v 0.649366 5.750634 0.869366
v 0.649366 5.750634 0.869366
v 0.649561 5.751500 0.869561
v 0.649561 5.750439 0.868500
v 0.648500 5.767560 0.100439
v 0.649366 5.767366 0.100634
v 0.649366 5.767366 0.100634
v 0.649561 5.766500 0.100439
v 0.649561 5.767560 0.101500
v 0.649561 5.766500 0.869561
v 0.649366 5.767366 0.869366
v 0.649366 5.767366 0.869366
v 0.648500 5.767560 0.869561
v 0.649561 5.767560 0.868500
s 0
f 2527 2533 2504 2498
f 2541 2547 2534 2526
f 2546 2518 2505 2532
f 2499 2506 2520 2512
f 2513 2519 2548 2540
f 2497 2553 2554 2556
f 2498 2557 2555 2500
f 2499 2503 2501 2502
f 2504 2558 2559 2561
f 2505 2562 2560 2507
f 2506 2510 2508 2509
f 2511 2563 2564 2566
f 2512 2567 2565 2514
f 2513 2517 2515 2516
f 2518 2568 2569 2571
f 2519 2572 2570 2521
f 2520 2524 2522 2523
f 2525 2573 2574 2576
f 2526 2577 2575 2528
f 2527 2531 2529 2530
f 2532 2578 2579 2581
f 2533 2582 2580 2535
f 2534 2538 2536 2537
f 2539 2583 2584 2586
f 2540 2587 2585 2542
f 2541 2545 2543 2544
f 2546 2588 2589 2591
f 2547 2592 2590 2549
f 2548 2552 2550 2551
f 2511 2497 2556 2563
f 2514 2503 2499 2512
f 2498 2504 2561 2557
f 2502 2510 2506 2499
f 2505 2518 2571 2562
f 2509 2524 2520 2506
f 2519 2513 2516 2572
f 2523 2567 2512 2520
f 2539 2511 2566 2583
f 2542 2517 2513 2540
f 2518 2546 2591 2568
f 2521 2552 2548 2519
f 2547 2541 2544 2592
f 2551 2587 2540 2548
f 2525 2539 2586 2573
f 2528 2545 2541 2526
f 2546 2532 2581 2588
f 2549 2538 2534 2547
f 2533 2527 2530 2582
f 2537 2577 2526 2534
f 2497 2525 2576 2553
f 2500 2531 2527 2498
f 2532 2505 2507 2578
f 2535 2558 2504 2533
f 2511 2539 2525 2497
o wr_coffee_cab_sideN
v 0.001500 6.333500 0.100000
v 0.001500 6.332000 0.101500
v 0.000000 6.333500 0.101500
v 0.001500 6.332439 0.100439
v 0.000634 6.332634 0.100634
v 0.000439 6.332439 0.101500
v 0.000439 6.333500 0.100439
v 0.001500 6.332000 0.868500
v 0.001500 6.333500 0.870000
v 0.000000 6.333500 0.868500
v 0.001500 6.332439 0.869561
v 0.000634 6.332634 0.869366
v 0.000439 6.333500 0.869561
v 0.000439 6.332439 0.868500
v 0.001500 6.348500 0.100000
v 0.000000 6.348500 0.101500
v 0.001500 6.350000 0.101500
v 0.000439 6.348500 0.100439
v 0.000634 6.349366 0.100634
v 0.000439 6.349561 0.101500
v 0.001500 6.349561 0.100439
v 0.001500 6.348500 0.870000
v 0.001500 6.350000 0.868500
v 0.000000 6.348500 0.868500
v 0.001500 6.349561 0.869561
v 0.000634 6.349366 0.869366
v 0.000439 6.349561 0.868500
v 0.000439 6.348500 0.869561
v 0.648500 6.333500 0.100000
v 0.650000 6.333500 0.101500
v 0.648500 6.332000 0.101500
v 0.649561 6.333500 0.100439
v 0.649366 6.332634 0.100634
v 0.649561 6.332439 0.101500
v 0.648500 6.332439 0.100439
v 0.648500 6.333500 0.870000
v 0.648500 6.332000 0.868500
v 0.650000 6.333500 0.868500
v 0.648500 6.332439 0.869561
v 0.649366 6.332634 0.869366
v 0.649561 6.332439 0.868500
v 0.649561 6.333500 0.869561
v 0.648500 6.348500 0.100000
v 0.648500 6.350000 0.101500
v 0.650000 6.348500 0.101500
v 0.648500 6.349561 0.100439
v 0.649366 6.349366 0.100634
v 0.649561 6.349561 0.101500
v 0.649561 6.348500 0.100439
v 0.648500 6.348500 0.870000
v 0.650000 6.348500 0.868500
v 0.648500 6.350000 0.868500
v 0.649561 6.348500 0.869561
v 0.649366 6.349366 0.869366
v 0.649561 6.349561 0.868500
v 0.648500 6.349561 0.869561
v 0.001500 6.332439 0.100439
v 0.000634 6.332634 0.100634
v 0.000634 6.332634 0.100634
v 0.000439 6.333500 0.100439
v 0.000439 6.332439 0.101500
v 0.001500 6.332439 0.869561
v 0.000634 6.332634 0.869366
v 0.000634 6.332634 0.869366
v 0.000439 6.332439 0.868500
v 0.000439 6.333500 0.869561
v 0.000439 6.348500 0.100439
v 0.000634 6.349366 0.100634
v 0.000634 6.349366 0.100634
v 0.001500 6.349561 0.100439
v 0.000439 6.349561 0.101500
v 0.001500 6.349561 0.869561
v 0.000634 6.349366 0.869366
v 0.000634 6.349366 0.869366
v 0.000439 6.348500 0.869561
v 0.000439 6.349561 0.868500
v 0.649561 6.333500 0.100439
v 0.649366 6.332634 0.100634
v 0.649366 6.332634 0.100634
v 0.648500 6.332439 0.100439
v 0.649561 6.332439 0.101500
v 0.648500 6.332439 0.869561
v 0.649366 6.332634 0.869366
v 0.649366 6.332634 0.869366
v 0.649561 6.333500 0.869561
v 0.649561 6.332439 0.868500
v 0.648500 6.349561 0.100439
v 0.649366 6.349366 0.100634
v 0.649366 6.349366 0.100634
v 0.649561 6.348500 0.100439
v 0.649561 6.349561 0.101500
v 0.649561 6.348500 0.869561
v 0.649366 6.349366 0.869366
v 0.649366 6.349366 0.869366
v 0.648500 6.349561 0.869561
v 0.649561 6.349561 0.868500
s 0
f 2623 2629 2600 2594
f 2637 2643 2630 2622
f 2642 2614 2601 2628
f 2595 2602 2616 2608
f 2609 2615 2644 2636
f 2593 2649 2650 2652
f 2594 2653 2651 2596
f 2595 2599 2597 2598
f 2600 2654 2655 2657
f 2601 2658 2656 2603
f 2602 2606 2604 2605
f 2607 2659 2660 2662
f 2608 2663 2661 2610
f 2609 2613 2611 2612
f 2614 2664 2665 2667
f 2615 2668 2666 2617
f 2616 2620 2618 2619
f 2621 2669 2670 2672
f 2622 2673 2671 2624
f 2623 2627 2625 2626
f 2628 2674 2675 2677
f 2629 2678 2676 2631
f 2630 2634 2632 2633
f 2635 2679 2680 2682
f 2636 2683 2681 2638
f 2637 2641 2639 2640
f 2642 2684 2685 2687
f 2643 2688 2686 2645
f 2644 2648 2646 2647
f 2607 2593 2652 2659
f 2610 2599 2595 2608
f 2594 2600 2657 2653
f 2598 2606 2602 2595
f 2601 2614 2667 2658
f 2605 2620 2616 2602
f 2615 2609 2612 2668
f 2619 2663 2608 2616
f 2635 2607 2662 2679
f 2638 2613 2609 2636
f 2614 2642 2687 2664
f 2617 2648 2644 2615
f 2643 2637 2640 2688
f 2647 2683 2636 2644
f 2621 2635 2682 2669
f 2624 2641 2637 2622
f 2642 2628 2677 2684
f 2645 2634 2630 2643
f 2629 2623 2626 2678
f 2633 2673 2622 2630
f 2593 2621 2672 2649
f 2596 2627 2623 2594
f 2628 2601 2603 2674
f 2631 2654 2600 2629
f 2607 2635 2621 2593
o wr_coffee_cab_back
v 0.001500 5.751500 0.100000
v 0.001500 5.750000 0.101500
v 0.000000 5.751500 0.101500
v 0.001500 5.750440 0.100439
v 0.000634 5.750634 0.100634
v 0.000439 5.750440 0.101500
v 0.000439 5.751500 0.100439
v 0.001500 5.750000 0.868500
v 0.001500 5.751500 0.870000
v 0.000000 5.751500 0.868500
v 0.001500 5.750440 0.869561
v 0.000634 5.750634 0.869366
v 0.000439 5.751500 0.869561
v 0.000439 5.750440 0.868500
v 0.001500 6.348500 0.100000
v 0.000000 6.348500 0.101500
v 0.001500 6.350000 0.101500
v 0.000439 6.348500 0.100439
v 0.000634 6.349366 0.100634
v 0.000439 6.349561 0.101500
v 0.001500 6.349561 0.100439
v 0.001500 6.348500 0.870000
v 0.001500 6.350000 0.868500
v 0.000000 6.348500 0.868500
v 0.001500 6.349561 0.869561
v 0.000634 6.349366 0.869366
v 0.000439 6.349561 0.868500
v 0.000439 6.348500 0.869561
v 0.010500 5.751500 0.100000
v 0.012000 5.751500 0.101500
v 0.010500 5.750000 0.101500
v 0.011561 5.751500 0.100439
v 0.011366 5.750634 0.100634
v 0.011561 5.750440 0.101500
v 0.010500 5.750440 0.100439
v 0.010500 5.751500 0.870000
v 0.010500 5.750000 0.868500
v 0.012000 5.751500 0.868500
v 0.010500 5.750440 0.869561
v 0.011366 5.750634 0.869366
v 0.011561 5.750440 0.868500
v 0.011561 5.751500 0.869561
v 0.010500 6.348500 0.100000
v 0.010500 6.350000 0.101500
v 0.012000 6.348500 0.101500
v 0.010500 6.349561 0.100439
v 0.011366 6.349366 0.100634
v 0.011561 6.349561 0.101500
v 0.011561 6.348500 0.100439
v 0.010500 6.348500 0.870000
v 0.012000 6.348500 0.868500
v 0.010500 6.350000 0.868500
v 0.011561 6.348500 0.869561
v 0.011366 6.349366 0.869366
v 0.011561 6.349561 0.868500
v 0.010500 6.349561 0.869561
v 0.001500 5.750440 0.100439
v 0.000634 5.750634 0.100634
v 0.000634 5.750634 0.100634
v 0.000439 5.751500 0.100439
v 0.000439 5.750440 0.101500
v 0.001500 5.750440 0.869561
v 0.000634 5.750634 0.869366
v 0.000634 5.750634 0.869366
v 0.000439 5.750440 0.868500
v 0.000439 5.751500 0.869561
v 0.000439 6.348500 0.100439
v 0.000634 6.349366 0.100634
v 0.000634 6.349366 0.100634
v 0.001500 6.349561 0.100439
v 0.000439 6.349561 0.101500
v 0.001500 6.349561 0.869561
v 0.000634 6.349366 0.869366
v 0.000634 6.349366 0.869366
v 0.000439 6.348500 0.869561
v 0.000439 6.349561 0.868500
v 0.011561 5.751500 0.100439
v 0.011366 5.750634 0.100634
v 0.011366 5.750634 0.100634
v 0.010500 5.750440 0.100439
v 0.011561 5.750440 0.101500
v 0.010500 5.750440 0.869561
v 0.011366 5.750634 0.869366
v 0.011366 5.750634 0.869366
v 0.011561 5.751500 0.869561
v 0.011561 5.750440 0.868500
v 0.010500 6.349561 0.100439
v 0.011366 6.349366 0.100634
v 0.011366 6.349366 0.100634
v 0.011561 6.348500 0.100439
v 0.011561 6.349561 0.101500
v 0.011561 6.348500 0.869561
v 0.011366 6.349366 0.869366
v 0.011366 6.349366 0.869366
v 0.010500 6.349561 0.869561
v 0.011561 6.349561 0.868500
s 0
f 2719 2725 2696 2690
f 2733 2739 2726 2718
f 2738 2710 2697 2724
f 2691 2698 2712 2704
f 2705 2711 2740 2732
f 2689 2745 2746 2748
f 2690 2749 2747 2692
f 2691 2695 2693 2694
f 2696 2750 2751 2753
f 2697 2754 2752 2699
f 2698 2702 2700 2701
f 2703 2755 2756 2758
f 2704 2759 2757 2706
f 2705 2709 2707 2708
f 2710 2760 2761 2763
f 2711 2764 2762 2713
f 2712 2716 2714 2715
f 2717 2765 2766 2768
f 2718 2769 2767 2720
f 2719 2723 2721 2722
f 2724 2770 2771 2773
f 2725 2774 2772 2727
f 2726 2730 2728 2729
f 2731 2775 2776 2778
f 2732 2779 2777 2734
f 2733 2737 2735 2736
f 2738 2780 2781 2783
f 2739 2784 2782 2741
f 2740 2744 2742 2743
f 2703 2689 2748 2755
f 2706 2695 2691 2704
f 2690 2696 2753 2749
f 2694 2702 2698 2691
f 2697 2710 2763 2754
f 2701 2716 2712 2698
f 2711 2705 2708 2764
f 2715 2759 2704 2712
f 2731 2703 2758 2775
f 2734 2709 2705 2732
f 2710 2738 2783 2760
f 2713 2744 2740 2711
f 2739 2733 2736 2784
f 2743 2779 2732 2740
f 2717 2731 2778 2765
f 2720 2737 2733 2718
f 2738 2724 2773 2780
f 2741 2730 2726 2739
f 2725 2719 2722 2774
f 2729 2769 2718 2726
f 2689 2717 2768 2745
f 2692 2723 2719 2690
f 2724 2697 2699 2770
f 2727 2750 2696 2725
f 2703 2731 2717 2689
o wr_coffee_plinth
v 0.027000 5.802000 0.000000
v 0.027000 5.800000 0.002000
v 0.025000 5.802000 0.002000
v 0.027000 5.800586 0.000586
v 0.025845 5.800845 0.000845
v 0.025586 5.800586 0.002000
v 0.025586 5.802000 0.000586
v 0.027000 5.800000 0.098000
v 0.027000 5.802000 0.100000
v 0.025000 5.802000 0.098000
v 0.027000 5.800586 0.099414
v 0.025845 5.800845 0.099155
v 0.025586 5.802000 0.099414
v 0.025586 5.800586 0.098000
v 0.027000 6.348000 0.000000
v 0.025000 6.348000 0.002000
v 0.027000 6.350000 0.002000
v 0.025586 6.348000 0.000586
v 0.025845 6.349154 0.000845
v 0.025586 6.349414 0.002000
v 0.027000 6.349414 0.000586
v 0.027000 6.348000 0.100000
v 0.027000 6.350000 0.098000
v 0.025000 6.348000 0.098000
v 0.027000 6.349414 0.099414
v 0.025845 6.349154 0.099155
v 0.025586 6.349414 0.098000
v 0.025586 6.348000 0.099414
v 0.623000 5.802000 0.000000
v 0.625000 5.802000 0.002000
v 0.623000 5.800000 0.002000
v 0.624414 5.802000 0.000586
v 0.624155 5.800845 0.000845
v 0.624414 5.800586 0.002000
v 0.623000 5.800586 0.000586
v 0.623000 5.802000 0.100000
v 0.623000 5.800000 0.098000
v 0.625000 5.802000 0.098000
v 0.623000 5.800586 0.099414
v 0.624155 5.800845 0.099155
v 0.624414 5.800586 0.098000
v 0.624414 5.802000 0.099414
v 0.623000 6.348000 0.000000
v 0.623000 6.350000 0.002000
v 0.625000 6.348000 0.002000
v 0.623000 6.349414 0.000586
v 0.624155 6.349154 0.000845
v 0.624414 6.349414 0.002000
v 0.624414 6.348000 0.000586
v 0.623000 6.348000 0.100000
v 0.625000 6.348000 0.098000
v 0.623000 6.350000 0.098000
v 0.624414 6.348000 0.099414
v 0.624155 6.349154 0.099155
v 0.624414 6.349414 0.098000
v 0.623000 6.349414 0.099414
v 0.027000 5.800586 0.000586
v 0.025845 5.800845 0.000845
v 0.025845 5.800845 0.000845
v 0.025586 5.802000 0.000586
v 0.025586 5.800586 0.002000
v 0.027000 5.800586 0.099414
v 0.025845 5.800845 0.099155
v 0.025845 5.800845 0.099155
v 0.025586 5.800586 0.098000
v 0.025586 5.802000 0.099414
v 0.025586 6.348000 0.000586
v 0.025845 6.349154 0.000845
v 0.025845 6.349154 0.000845
v 0.027000 6.349414 0.000586
v 0.025586 6.349414 0.002000
v 0.027000 6.349414 0.099414
v 0.025845 6.349154 0.099155
v 0.025845 6.349154 0.099155
v 0.025586 6.348000 0.099414
v 0.025586 6.349414 0.098000
v 0.624414 5.802000 0.000586
v 0.624155 5.800845 0.000845
v 0.624155 5.800845 0.000845
v 0.623000 5.800586 0.000586
v 0.624414 5.800586 0.002000
v 0.623000 5.800586 0.099414
v 0.624155 5.800845 0.099155
v 0.624155 5.800845 0.099155
v 0.624414 5.802000 0.099414
v 0.624414 5.800586 0.098000
v 0.623000 6.349414 0.000586
v 0.624155 6.349154 0.000845
v 0.624155 6.349154 0.000845
v 0.624414 6.348000 0.000586
v 0.624414 6.349414 0.002000
v 0.624414 6.348000 0.099414
v 0.624155 6.349154 0.099155
v 0.624155 6.349154 0.099155
v 0.623000 6.349414 0.099414
v 0.624414 6.349414 0.098000
s 0
f 2815 2821 2792 2786
f 2829 2835 2822 2814
f 2834 2806 2793 2820
f 2787 2794 2808 2800
f 2801 2807 2836 2828
f 2785 2841 2842 2844
f 2786 2845 2843 2788
f 2787 2791 2789 2790
f 2792 2846 2847 2849
f 2793 2850 2848 2795
f 2794 2798 2796 2797
f 2799 2851 2852 2854
f 2800 2855 2853 2802
f 2801 2805 2803 2804
f 2806 2856 2857 2859
f 2807 2860 2858 2809
f 2808 2812 2810 2811
f 2813 2861 2862 2864
f 2814 2865 2863 2816
f 2815 2819 2817 2818
f 2820 2866 2867 2869
f 2821 2870 2868 2823
f 2822 2826 2824 2825
f 2827 2871 2872 2874
f 2828 2875 2873 2830
f 2829 2833 2831 2832
f 2834 2876 2877 2879
f 2835 2880 2878 2837
f 2836 2840 2838 2839
f 2799 2785 2844 2851
f 2802 2791 2787 2800
f 2786 2792 2849 2845
f 2790 2798 2794 2787
f 2793 2806 2859 2850
f 2797 2812 2808 2794
f 2807 2801 2804 2860
f 2811 2855 2800 2808
f 2827 2799 2854 2871
f 2830 2805 2801 2828
f 2806 2834 2879 2856
f 2809 2840 2836 2807
f 2835 2829 2832 2880
f 2839 2875 2828 2836
f 2813 2827 2874 2861
f 2816 2833 2829 2814
f 2834 2820 2869 2876
f 2837 2826 2822 2835
f 2821 2815 2818 2870
f 2825 2865 2814 2822
f 2785 2813 2864 2841
f 2788 2819 2815 2786
f 2820 2793 2795 2866
f 2823 2846 2792 2821
f 2799 2827 2813 2785
o wr_oven_cab_top
v 0.001500 6.351500 2.432000
v 0.001500 6.350000 2.433500
v 0.000000 6.351500 2.433500
v 0.001500 6.350440 2.432439
v 0.000634 6.350634 2.432634
v 0.000439 6.350440 2.433500
v 0.000439 6.351500 2.432439
v 0.001500 6.350000 2.448500
v 0.001500 6.351500 2.450000
v 0.000000 6.351500 2.448500
v 0.001500 6.350440 2.449561
v 0.000634 6.350634 2.449366
v 0.000439 6.351500 2.449561
v 0.000439 6.350440 2.448500
v 0.001500 7.398500 2.432000
v 0.000000 7.398500 2.433500
v 0.001500 7.400000 2.433500
v 0.000439 7.398500 2.432439
v 0.000634 7.399366 2.432634
v 0.000439 7.399560 2.433500
v 0.001500 7.399560 2.432439
v 0.001500 7.398500 2.450000
v 0.001500 7.400000 2.448500
v 0.000000 7.398500 2.448500
v 0.001500 7.399560 2.449561
v 0.000634 7.399366 2.449366
v 0.000439 7.399560 2.448500
v 0.000439 7.398500 2.449561
v 0.648500 6.351500 2.432000
v 0.650000 6.351500 2.433500
v 0.648500 6.350000 2.433500
v 0.649561 6.351500 2.432439
v 0.649366 6.350634 2.432634
v 0.649561 6.350440 2.433500
v 0.648500 6.350440 2.432439
v 0.648500 6.351500 2.450000
v 0.648500 6.350000 2.448500
v 0.650000 6.351500 2.448500
v 0.648500 6.350440 2.449561
v 0.649366 6.350634 2.449366
v 0.649561 6.350440 2.448500
v 0.649561 6.351500 2.449561
v 0.648500 7.398500 2.432000
v 0.648500 7.400000 2.433500
v 0.650000 7.398500 2.433500
v 0.648500 7.399560 2.432439
v 0.649366 7.399366 2.432634
v 0.649561 7.399560 2.433500
v 0.649561 7.398500 2.432439
v 0.648500 7.398500 2.450000
v 0.650000 7.398500 2.448500
v 0.648500 7.400000 2.448500
v 0.649561 7.398500 2.449561
v 0.649366 7.399366 2.449366
v 0.649561 7.399560 2.448500
v 0.648500 7.399560 2.449561
v 0.001500 6.350440 2.432439
v 0.000634 6.350634 2.432634
v 0.000634 6.350634 2.432634
v 0.000439 6.351500 2.432439
v 0.000439 6.350440 2.433500
v 0.001500 6.350440 2.449561
v 0.000634 6.350634 2.449366
v 0.000634 6.350634 2.449366
v 0.000439 6.350440 2.448500
v 0.000439 6.351500 2.449561
v 0.000439 7.398500 2.432439
v 0.000634 7.399366 2.432634
v 0.000634 7.399366 2.432634
v 0.001500 7.399560 2.432439
v 0.000439 7.399560 2.433500
v 0.001500 7.399560 2.449561
v 0.000634 7.399366 2.449366
v 0.000634 7.399366 2.449366
v 0.000439 7.398500 2.449561
v 0.000439 7.399560 2.448500
v 0.649561 6.351500 2.432439
v 0.649366 6.350634 2.432634
v 0.649366 6.350634 2.432634
v 0.648500 6.350440 2.432439
v 0.649561 6.350440 2.433500
v 0.648500 6.350440 2.449561
v 0.649366 6.350634 2.449366
v 0.649366 6.350634 2.449366
v 0.649561 6.351500 2.449561
v 0.649561 6.350440 2.448500
v 0.648500 7.399560 2.432439
v 0.649366 7.399366 2.432634
v 0.649366 7.399366 2.432634
v 0.649561 7.398500 2.432439
v 0.649561 7.399560 2.433500
v 0.649561 7.398500 2.449561
v 0.649366 7.399366 2.449366
v 0.649366 7.399366 2.449366
v 0.648500 7.399560 2.449561
v 0.649561 7.399560 2.448500
s 0
f 2911 2917 2888 2882
f 2925 2931 2918 2910
f 2930 2902 2889 2916
f 2883 2890 2904 2896
f 2897 2903 2932 2924
f 2881 2937 2938 2940
f 2882 2941 2939 2884
f 2883 2887 2885 2886
f 2888 2942 2943 2945
f 2889 2946 2944 2891
f 2890 2894 2892 2893
f 2895 2947 2948 2950
f 2896 2951 2949 2898
f 2897 2901 2899 2900
f 2902 2952 2953 2955
f 2903 2956 2954 2905
f 2904 2908 2906 2907
f 2909 2957 2958 2960
f 2910 2961 2959 2912
f 2911 2915 2913 2914
f 2916 2962 2963 2965
f 2917 2966 2964 2919
f 2918 2922 2920 2921
f 2923 2967 2968 2970
f 2924 2971 2969 2926
f 2925 2929 2927 2928
f 2930 2972 2973 2975
f 2931 2976 2974 2933
f 2932 2936 2934 2935
f 2895 2881 2940 2947
f 2898 2887 2883 2896
f 2882 2888 2945 2941
f 2886 2894 2890 2883
f 2889 2902 2955 2946
f 2893 2908 2904 2890
f 2903 2897 2900 2956
f 2907 2951 2896 2904
f 2923 2895 2950 2967
f 2926 2901 2897 2924
f 2902 2930 2975 2952
f 2905 2936 2932 2903
f 2931 2925 2928 2976
f 2935 2971 2924 2932
f 2909 2923 2970 2957
f 2912 2929 2925 2910
f 2930 2916 2965 2972
f 2933 2922 2918 2931
f 2917 2911 2914 2966
f 2921 2961 2910 2918
f 2881 2909 2960 2937
f 2884 2915 2911 2882
f 2916 2889 2891 2962
f 2919 2942 2888 2917
f 2895 2923 2909 2881
o wr_oven_cab_bot
v 0.001500 6.351500 0.100000
v 0.001500 6.350000 0.101500
v 0.000000 6.351500 0.101500
v 0.001500 6.350440 0.100439
v 0.000634 6.350634 0.100634
v 0.000439 6.350440 0.101500
v 0.000439 6.351500 0.100439
v 0.001500 6.350000 0.116500
v 0.001500 6.351500 0.118000
v 0.000000 6.351500 0.116500
v 0.001500 6.350440 0.117561
v 0.000634 6.350634 0.117366
v 0.000439 6.351500 0.117561
v 0.000439 6.350440 0.116500
v 0.001500 7.398500 0.100000
v 0.000000 7.398500 0.101500
v 0.001500 7.400000 0.101500
v 0.000439 7.398500 0.100439
v 0.000634 7.399366 0.100634
v 0.000439 7.399560 0.101500
v 0.001500 7.399560 0.100439
v 0.001500 7.398500 0.118000
v 0.001500 7.400000 0.116500
v 0.000000 7.398500 0.116500
v 0.001500 7.399560 0.117561
v 0.000634 7.399366 0.117366
v 0.000439 7.399560 0.116500
v 0.000439 7.398500 0.117561
v 0.648500 6.351500 0.100000
v 0.650000 6.351500 0.101500
v 0.648500 6.350000 0.101500
v 0.649561 6.351500 0.100439
v 0.649366 6.350634 0.100634
v 0.649561 6.350440 0.101500
v 0.648500 6.350440 0.100439
v 0.648500 6.351500 0.118000
v 0.648500 6.350000 0.116500
v 0.650000 6.351500 0.116500
v 0.648500 6.350440 0.117561
v 0.649366 6.350634 0.117366
v 0.649561 6.350440 0.116500
v 0.649561 6.351500 0.117561
v 0.648500 7.398500 0.100000
v 0.648500 7.400000 0.101500
v 0.650000 7.398500 0.101500
v 0.648500 7.399560 0.100439
v 0.649366 7.399366 0.100634
v 0.649561 7.399560 0.101500
v 0.649561 7.398500 0.100439
v 0.648500 7.398500 0.118000
v 0.650000 7.398500 0.116500
v 0.648500 7.400000 0.116500
v 0.649561 7.398500 0.117561
v 0.649366 7.399366 0.117366
v 0.649561 7.399560 0.116500
v 0.648500 7.399560 0.117561
v 0.001500 6.350440 0.100439
v 0.000634 6.350634 0.100634
v 0.000634 6.350634 0.100634
v 0.000439 6.351500 0.100439
v 0.000439 6.350440 0.101500
v 0.001500 6.350440 0.117561
v 0.000634 6.350634 0.117366
v 0.000634 6.350634 0.117366
v 0.000439 6.350440 0.116500
v 0.000439 6.351500 0.117561
v 0.000439 7.398500 0.100439
v 0.000634 7.399366 0.100634
v 0.000634 7.399366 0.100634
v 0.001500 7.399560 0.100439
v 0.000439 7.399560 0.101500
v 0.001500 7.399560 0.117561
v 0.000634 7.399366 0.117366
v 0.000634 7.399366 0.117366
v 0.000439 7.398500 0.117561
v 0.000439 7.399560 0.116500
v 0.649561 6.351500 0.100439
v 0.649366 6.350634 0.100634
v 0.649366 6.350634 0.100634
v 0.648500 6.350440 0.100439
v 0.649561 6.350440 0.101500
v 0.648500 6.350440 0.117561
v 0.649366 6.350634 0.117366
v 0.649366 6.350634 0.117366
v 0.649561 6.351500 0.117561
v 0.649561 6.350440 0.116500
v 0.648500 7.399560 0.100439
v 0.649366 7.399366 0.100634
v 0.649366 7.399366 0.100634
v 0.649561 7.398500 0.100439
v 0.649561 7.399560 0.101500
v 0.649561 7.398500 0.117561
v 0.649366 7.399366 0.117366
v 0.649366 7.399366 0.117366
v 0.648500 7.399560 0.117561
v 0.649561 7.399560 0.116500
s 0
f 3007 3013 2984 2978
f 3021 3027 3014 3006
f 3026 2998 2985 3012
f 2979 2986 3000 2992
f 2993 2999 3028 3020
f 2977 3033 3034 3036
f 2978 3037 3035 2980
f 2979 2983 2981 2982
f 2984 3038 3039 3041
f 2985 3042 3040 2987
f 2986 2990 2988 2989
f 2991 3043 3044 3046
f 2992 3047 3045 2994
f 2993 2997 2995 2996
f 2998 3048 3049 3051
f 2999 3052 3050 3001
f 3000 3004 3002 3003
f 3005 3053 3054 3056
f 3006 3057 3055 3008
f 3007 3011 3009 3010
f 3012 3058 3059 3061
f 3013 3062 3060 3015
f 3014 3018 3016 3017
f 3019 3063 3064 3066
f 3020 3067 3065 3022
f 3021 3025 3023 3024
f 3026 3068 3069 3071
f 3027 3072 3070 3029
f 3028 3032 3030 3031
f 2991 2977 3036 3043
f 2994 2983 2979 2992
f 2978 2984 3041 3037
f 2982 2990 2986 2979
f 2985 2998 3051 3042
f 2989 3004 3000 2986
f 2999 2993 2996 3052
f 3003 3047 2992 3000
f 3019 2991 3046 3063
f 3022 2997 2993 3020
f 2998 3026 3071 3048
f 3001 3032 3028 2999
f 3027 3021 3024 3072
f 3031 3067 3020 3028
f 3005 3019 3066 3053
f 3008 3025 3021 3006
f 3026 3012 3061 3068
f 3029 3018 3014 3027
f 3013 3007 3010 3062
f 3017 3057 3006 3014
f 2977 3005 3056 3033
f 2980 3011 3007 2978
f 3012 2985 2987 3058
f 3015 3038 2984 3013
f 2991 3019 3005 2977
o wr_oven_cab_sideS
v 0.001500 6.351500 0.100000
v 0.001500 6.350000 0.101500
v 0.000000 6.351500 0.101500
v 0.001500 6.350440 0.100439
v 0.000634 6.350634 0.100634
v 0.000439 6.350440 0.101500
v 0.000439 6.351500 0.100439
v 0.001500 6.350000 2.448500
v 0.001500 6.351500 2.450000
v 0.000000 6.351500 2.448500
v 0.001500 6.350440 2.449561
v 0.000634 6.350634 2.449366
v 0.000439 6.351500 2.449561
v 0.000439 6.350440 2.448500
v 0.001500 6.366500 0.100000
v 0.000000 6.366500 0.101500
v 0.001500 6.368000 0.101500
v 0.000439 6.366500 0.100439
v 0.000634 6.367366 0.100634
v 0.000439 6.367561 0.101500
v 0.001500 6.367561 0.100439
v 0.001500 6.366500 2.450000
v 0.001500 6.368000 2.448500
v 0.000000 6.366500 2.448500
v 0.001500 6.367561 2.449561
v 0.000634 6.367366 2.449366
v 0.000439 6.367561 2.448500
v 0.000439 6.366500 2.449561
v 0.648500 6.351500 0.100000
v 0.650000 6.351500 0.101500
v 0.648500 6.350000 0.101500
v 0.649561 6.351500 0.100439
v 0.649366 6.350634 0.100634
v 0.649561 6.350440 0.101500
v 0.648500 6.350440 0.100439
v 0.648500 6.351500 2.450000
v 0.648500 6.350000 2.448500
v 0.650000 6.351500 2.448500
v 0.648500 6.350440 2.449561
v 0.649366 6.350634 2.449366
v 0.649561 6.350440 2.448500
v 0.649561 6.351500 2.449561
v 0.648500 6.366500 0.100000
v 0.648500 6.368000 0.101500
v 0.650000 6.366500 0.101500
v 0.648500 6.367561 0.100439
v 0.649366 6.367366 0.100634
v 0.649561 6.367561 0.101500
v 0.649561 6.366500 0.100439
v 0.648500 6.366500 2.450000
v 0.650000 6.366500 2.448500
v 0.648500 6.368000 2.448500
v 0.649561 6.366500 2.449561
v 0.649366 6.367366 2.449366
v 0.649561 6.367561 2.448500
v 0.648500 6.367561 2.449561
v 0.001500 6.350440 0.100439
v 0.000634 6.350634 0.100634
v 0.000634 6.350634 0.100634
v 0.000439 6.351500 0.100439
v 0.000439 6.350440 0.101500
v 0.001500 6.350440 2.449561
v 0.000634 6.350634 2.449366
v 0.000634 6.350634 2.449366
v 0.000439 6.350440 2.448500
v 0.000439 6.351500 2.449561
v 0.000439 6.366500 0.100439
v 0.000634 6.367366 0.100634
v 0.000634 6.367366 0.100634
v 0.001500 6.367561 0.100439
v 0.000439 6.367561 0.101500
v 0.001500 6.367561 2.449561
v 0.000634 6.367366 2.449366
v 0.000634 6.367366 2.449366
v 0.000439 6.366500 2.449561
v 0.000439 6.367561 2.448500
v 0.649561 6.351500 0.100439
v 0.649366 6.350634 0.100634
v 0.649366 6.350634 0.100634
v 0.648500 6.350440 0.100439
v 0.649561 6.350440 0.101500
v 0.648500 6.350440 2.449561
v 0.649366 6.350634 2.449366
v 0.649366 6.350634 2.449366
v 0.649561 6.351500 2.449561
v 0.649561 6.350440 2.448500
v 0.648500 6.367561 0.100439
v 0.649366 6.367366 0.100634
v 0.649366 6.367366 0.100634
v 0.649561 6.366500 0.100439
v 0.649561 6.367561 0.101500
v 0.649561 6.366500 2.449561
v 0.649366 6.367366 2.449366
v 0.649366 6.367366 2.449366
v 0.648500 6.367561 2.449561
v 0.649561 6.367561 2.448500
s 0
f 3103 3109 3080 3074
f 3117 3123 3110 3102
f 3122 3094 3081 3108
f 3075 3082 3096 3088
f 3089 3095 3124 3116
f 3073 3129 3130 3132
f 3074 3133 3131 3076
f 3075 3079 3077 3078
f 3080 3134 3135 3137
f 3081 3138 3136 3083
f 3082 3086 3084 3085
f 3087 3139 3140 3142
f 3088 3143 3141 3090
f 3089 3093 3091 3092
f 3094 3144 3145 3147
f 3095 3148 3146 3097
f 3096 3100 3098 3099
f 3101 3149 3150 3152
f 3102 3153 3151 3104
f 3103 3107 3105 3106
f 3108 3154 3155 3157
f 3109 3158 3156 3111
f 3110 3114 3112 3113
f 3115 3159 3160 3162
f 3116 3163 3161 3118
f 3117 3121 3119 3120
f 3122 3164 3165 3167
f 3123 3168 3166 3125
f 3124 3128 3126 3127
f 3087 3073 3132 3139
f 3090 3079 3075 3088
f 3074 3080 3137 3133
f 3078 3086 3082 3075
f 3081 3094 3147 3138
f 3085 3100 3096 3082
f 3095 3089 3092 3148
f 3099 3143 3088 3096
f 3115 3087 3142 3159
f 3118 3093 3089 3116
f 3094 3122 3167 3144
f 3097 3128 3124 3095
f 3123 3117 3120 3168
f 3127 3163 3116 3124
f 3101 3115 3162 3149
f 3104 3121 3117 3102
f 3122 3108 3157 3164
f 3125 3114 3110 3123
f 3109 3103 3106 3158
f 3113 3153 3102 3110
f 3073 3101 3152 3129
f 3076 3107 3103 3074
f 3108 3081 3083 3154
f 3111 3134 3080 3109
f 3087 3115 3101 3073
o wr_oven_cab_sideN
v 0.001500 7.383500 0.100000
v 0.001500 7.382000 0.101500
v 0.000000 7.383500 0.101500
v 0.001500 7.382439 0.100439
v 0.000634 7.382634 0.100634
v 0.000439 7.382439 0.101500
v 0.000439 7.383500 0.100439
v 0.001500 7.382000 2.448500
v 0.001500 7.383500 2.450000
v 0.000000 7.383500 2.448500
v 0.001500 7.382439 2.449561
v 0.000634 7.382634 2.449366
v 0.000439 7.383500 2.449561
v 0.000439 7.382439 2.448500
v 0.001500 7.398500 0.100000
v 0.000000 7.398500 0.101500
v 0.001500 7.400000 0.101500
v 0.000439 7.398500 0.100439
v 0.000634 7.399366 0.100634
v 0.000439 7.399560 0.101500
v 0.001500 7.399560 0.100439
v 0.001500 7.398500 2.450000
v 0.001500 7.400000 2.448500
v 0.000000 7.398500 2.448500
v 0.001500 7.399560 2.449561
v 0.000634 7.399366 2.449366
v 0.000439 7.399560 2.448500
v 0.000439 7.398500 2.449561
v 0.648500 7.383500 0.100000
v 0.650000 7.383500 0.101500
v 0.648500 7.382000 0.101500
v 0.649561 7.383500 0.100439
v 0.649366 7.382634 0.100634
v 0.649561 7.382439 0.101500
v 0.648500 7.382439 0.100439
v 0.648500 7.383500 2.450000
v 0.648500 7.382000 2.448500
v 0.650000 7.383500 2.448500
v 0.648500 7.382439 2.449561
v 0.649366 7.382634 2.449366
v 0.649561 7.382439 2.448500
v 0.649561 7.383500 2.449561
v 0.648500 7.398500 0.100000
v 0.648500 7.400000 0.101500
v 0.650000 7.398500 0.101500
v 0.648500 7.399560 0.100439
v 0.649366 7.399366 0.100634
v 0.649561 7.399560 0.101500
v 0.649561 7.398500 0.100439
v 0.648500 7.398500 2.450000
v 0.650000 7.398500 2.448500
v 0.648500 7.400000 2.448500
v 0.649561 7.398500 2.449561
v 0.649366 7.399366 2.449366
v 0.649561 7.399560 2.448500
v 0.648500 7.399560 2.449561
v 0.001500 7.382439 0.100439
v 0.000634 7.382634 0.100634
v 0.000634 7.382634 0.100634
v 0.000439 7.383500 0.100439
v 0.000439 7.382439 0.101500
v 0.001500 7.382439 2.449561
v 0.000634 7.382634 2.449366
v 0.000634 7.382634 2.449366
v 0.000439 7.382439 2.448500
v 0.000439 7.383500 2.449561
v 0.000439 7.398500 0.100439
v 0.000634 7.399366 0.100634
v 0.000634 7.399366 0.100634
v 0.001500 7.399560 0.100439
v 0.000439 7.399560 0.101500
v 0.001500 7.399560 2.449561
v 0.000634 7.399366 2.449366
v 0.000634 7.399366 2.449366
v 0.000439 7.398500 2.449561
v 0.000439 7.399560 2.448500
v 0.649561 7.383500 0.100439
v 0.649366 7.382634 0.100634
v 0.649366 7.382634 0.100634
v 0.648500 7.382439 0.100439
v 0.649561 7.382439 0.101500
v 0.648500 7.382439 2.449561
v 0.649366 7.382634 2.449366
v 0.649366 7.382634 2.449366
v 0.649561 7.383500 2.449561
v 0.649561 7.382439 2.448500
v 0.648500 7.399560 0.100439
v 0.649366 7.399366 0.100634
v 0.649366 7.399366 0.100634
v 0.649561 7.398500 0.100439
v 0.649561 7.399560 0.101500
v 0.649561 7.398500 2.449561
v 0.649366 7.399366 2.449366
v 0.649366 7.399366 2.449366
v 0.648500 7.399560 2.449561
v 0.649561 7.399560 2.448500
s 0
f 3199 3205 3176 3170
f 3213 3219 3206 3198
f 3218 3190 3177 3204
f 3171 3178 3192 3184
f 3185 3191 3220 3212
f 3169 3225 3226 3228
f 3170 3229 3227 3172
f 3171 3175 3173 3174
f 3176 3230 3231 3233
f 3177 3234 3232 3179
f 3178 3182 3180 3181
f 3183 3235 3236 3238
f 3184 3239 3237 3186
f 3185 3189 3187 3188
f 3190 3240 3241 3243
f 3191 3244 3242 3193
f 3192 3196 3194 3195
f 3197 3245 3246 3248
f 3198 3249 3247 3200
f 3199 3203 3201 3202
f 3204 3250 3251 3253
f 3205 3254 3252 3207
f 3206 3210 3208 3209
f 3211 3255 3256 3258
f 3212 3259 3257 3214
f 3213 3217 3215 3216
f 3218 3260 3261 3263
f 3219 3264 3262 3221
f 3220 3224 3222 3223
f 3183 3169 3228 3235
f 3186 3175 3171 3184
f 3170 3176 3233 3229
f 3174 3182 3178 3171
f 3177 3190 3243 3234
f 3181 3196 3192 3178
f 3191 3185 3188 3244
f 3195 3239 3184 3192
f 3211 3183 3238 3255
f 3214 3189 3185 3212
f 3190 3218 3263 3240
f 3193 3224 3220 3191
f 3219 3213 3216 3264
f 3223 3259 3212 3220
f 3197 3211 3258 3245
f 3200 3217 3213 3198
f 3218 3204 3253 3260
f 3221 3210 3206 3219
f 3205 3199 3202 3254
f 3209 3249 3198 3206
f 3169 3197 3248 3225
f 3172 3203 3199 3170
f 3204 3177 3179 3250
f 3207 3230 3176 3205
f 3183 3211 3197 3169
o wr_oven_cab_back
v 0.001500 6.351500 0.100000
v 0.001500 6.350000 0.101500
v 0.000000 6.351500 0.101500
v 0.001500 6.350440 0.100439
v 0.000634 6.350634 0.100634
v 0.000439 6.350440 0.101500
v 0.000439 6.351500 0.100439
v 0.001500 6.350000 2.448500
v 0.001500 6.351500 2.450000
v 0.000000 6.351500 2.448500
v 0.001500 6.350440 2.449561
v 0.000634 6.350634 2.449366
v 0.000439 6.351500 2.449561
v 0.000439 6.350440 2.448500
v 0.001500 7.398500 0.100000
v 0.000000 7.398500 0.101500
v 0.001500 7.400000 0.101500
v 0.000439 7.398500 0.100439
v 0.000634 7.399366 0.100634
v 0.000439 7.399560 0.101500
v 0.001500 7.399560 0.100439
v 0.001500 7.398500 2.450000
v 0.001500 7.400000 2.448500
v 0.000000 7.398500 2.448500
v 0.001500 7.399560 2.449561
v 0.000634 7.399366 2.449366
v 0.000439 7.399560 2.448500
v 0.000439 7.398500 2.449561
v 0.010500 6.351500 0.100000
v 0.012000 6.351500 0.101500
v 0.010500 6.350000 0.101500
v 0.011561 6.351500 0.100439
v 0.011366 6.350634 0.100634
v 0.011561 6.350440 0.101500
v 0.010500 6.350440 0.100439
v 0.010500 6.351500 2.450000
v 0.010500 6.350000 2.448500
v 0.012000 6.351500 2.448500
v 0.010500 6.350440 2.449561
v 0.011366 6.350634 2.449366
v 0.011561 6.350440 2.448500
v 0.011561 6.351500 2.449561
v 0.010500 7.398500 0.100000
v 0.010500 7.400000 0.101500
v 0.012000 7.398500 0.101500
v 0.010500 7.399560 0.100439
v 0.011366 7.399366 0.100634
v 0.011561 7.399560 0.101500
v 0.011561 7.398500 0.100439
v 0.010500 7.398500 2.450000
v 0.012000 7.398500 2.448500
v 0.010500 7.400000 2.448500
v 0.011561 7.398500 2.449561
v 0.011366 7.399366 2.449366
v 0.011561 7.399560 2.448500
v 0.010500 7.399560 2.449561
v 0.001500 6.350440 0.100439
v 0.000634 6.350634 0.100634
v 0.000634 6.350634 0.100634
v 0.000439 6.351500 0.100439
v 0.000439 6.350440 0.101500
v 0.001500 6.350440 2.449561
v 0.000634 6.350634 2.449366
v 0.000634 6.350634 2.449366
v 0.000439 6.350440 2.448500
v 0.000439 6.351500 2.449561
v 0.000439 7.398500 0.100439
v 0.000634 7.399366 0.100634
v 0.000634 7.399366 0.100634
v 0.001500 7.399560 0.100439
v 0.000439 7.399560 0.101500
v 0.001500 7.399560 2.449561
v 0.000634 7.399366 2.449366
v 0.000634 7.399366 2.449366
v 0.000439 7.398500 2.449561
v 0.000439 7.399560 2.448500
v 0.011561 6.351500 0.100439
v 0.011366 6.350634 0.100634
v 0.011366 6.350634 0.100634
v 0.010500 6.350440 0.100439
v 0.011561 6.350440 0.101500
v 0.010500 6.350440 2.449561
v 0.011366 6.350634 2.449366
v 0.011366 6.350634 2.449366
v 0.011561 6.351500 2.449561
v 0.011561 6.350440 2.448500
v 0.010500 7.399560 0.100439
v 0.011366 7.399366 0.100634
v 0.011366 7.399366 0.100634
v 0.011561 7.398500 0.100439
v 0.011561 7.399560 0.101500
v 0.011561 7.398500 2.449561
v 0.011366 7.399366 2.449366
v 0.011366 7.399366 2.449366
v 0.010500 7.399560 2.449561
v 0.011561 7.399560 2.448500
s 0
f 3295 3301 3272 3266
f 3309 3315 3302 3294
f 3314 3286 3273 3300
f 3267 3274 3288 3280
f 3281 3287 3316 3308
f 3265 3321 3322 3324
f 3266 3325 3323 3268
f 3267 3271 3269 3270
f 3272 3326 3327 3329
f 3273 3330 3328 3275
f 3274 3278 3276 3277
f 3279 3331 3332 3334
f 3280 3335 3333 3282
f 3281 3285 3283 3284
f 3286 3336 3337 3339
f 3287 3340 3338 3289
f 3288 3292 3290 3291
f 3293 3341 3342 3344
f 3294 3345 3343 3296
f 3295 3299 3297 3298
f 3300 3346 3347 3349
f 3301 3350 3348 3303
f 3302 3306 3304 3305
f 3307 3351 3352 3354
f 3308 3355 3353 3310
f 3309 3313 3311 3312
f 3314 3356 3357 3359
f 3315 3360 3358 3317
f 3316 3320 3318 3319
f 3279 3265 3324 3331
f 3282 3271 3267 3280
f 3266 3272 3329 3325
f 3270 3278 3274 3267
f 3273 3286 3339 3330
f 3277 3292 3288 3274
f 3287 3281 3284 3340
f 3291 3335 3280 3288
f 3307 3279 3334 3351
f 3310 3285 3281 3308
f 3286 3314 3359 3336
f 3289 3320 3316 3287
f 3315 3309 3312 3360
f 3319 3355 3308 3316
f 3293 3307 3354 3341
f 3296 3313 3309 3294
f 3314 3300 3349 3356
f 3317 3306 3302 3315
f 3301 3295 3298 3350
f 3305 3345 3294 3302
f 3265 3293 3344 3321
f 3268 3299 3295 3266
f 3300 3273 3275 3346
f 3303 3326 3272 3301
f 3279 3307 3293 3265
o wr_oven_plinth
v 0.027000 6.402000 0.000000
v 0.027000 6.400000 0.002000
v 0.025000 6.402000 0.002000
v 0.027000 6.400586 0.000586
v 0.025845 6.400846 0.000845
v 0.025586 6.400586 0.002000
v 0.025586 6.402000 0.000586
v 0.027000 6.400000 0.098000
v 0.027000 6.402000 0.100000
v 0.025000 6.402000 0.098000
v 0.027000 6.400586 0.099414
v 0.025845 6.400846 0.099155
v 0.025586 6.402000 0.099414
v 0.025586 6.400586 0.098000
v 0.027000 7.398000 0.000000
v 0.025000 7.398000 0.002000
v 0.027000 7.400000 0.002000
v 0.025586 7.398000 0.000586
v 0.025845 7.399155 0.000845
v 0.025586 7.399415 0.002000
v 0.027000 7.399415 0.000586
v 0.027000 7.398000 0.100000
v 0.027000 7.400000 0.098000
v 0.025000 7.398000 0.098000
v 0.027000 7.399415 0.099414
v 0.025845 7.399155 0.099155
v 0.025586 7.399415 0.098000
v 0.025586 7.398000 0.099414
v 0.623000 6.402000 0.000000
v 0.625000 6.402000 0.002000
v 0.623000 6.400000 0.002000
v 0.624414 6.402000 0.000586
v 0.624155 6.400846 0.000845
v 0.624414 6.400586 0.002000
v 0.623000 6.400586 0.000586
v 0.623000 6.402000 0.100000
v 0.623000 6.400000 0.098000
v 0.625000 6.402000 0.098000
v 0.623000 6.400586 0.099414
v 0.624155 6.400846 0.099155
v 0.624414 6.400586 0.098000
v 0.624414 6.402000 0.099414
v 0.623000 7.398000 0.000000
v 0.623000 7.400000 0.002000
v 0.625000 7.398000 0.002000
v 0.623000 7.399415 0.000586
v 0.624155 7.399155 0.000845
v 0.624414 7.399415 0.002000
v 0.624414 7.398000 0.000586
v 0.623000 7.398000 0.100000
v 0.625000 7.398000 0.098000
v 0.623000 7.400000 0.098000
v 0.624414 7.398000 0.099414
v 0.624155 7.399155 0.099155
v 0.624414 7.399415 0.098000
v 0.623000 7.399415 0.099414
v 0.027000 6.400586 0.000586
v 0.025845 6.400846 0.000845
v 0.025845 6.400846 0.000845
v 0.025586 6.402000 0.000586
v 0.025586 6.400586 0.002000
v 0.027000 6.400586 0.099414
v 0.025845 6.400846 0.099155
v 0.025845 6.400846 0.099155
v 0.025586 6.400586 0.098000
v 0.025586 6.402000 0.099414
v 0.025586 7.398000 0.000586
v 0.025845 7.399155 0.000845
v 0.025845 7.399155 0.000845
v 0.027000 7.399415 0.000586
v 0.025586 7.399415 0.002000
v 0.027000 7.399415 0.099414
v 0.025845 7.399155 0.099155
v 0.025845 7.399155 0.099155
v 0.025586 7.398000 0.099414
v 0.025586 7.399415 0.098000
v 0.624414 6.402000 0.000586
v 0.624155 6.400846 0.000845
v 0.624155 6.400846 0.000845
v 0.623000 6.400586 0.000586
v 0.624414 6.400586 0.002000
v 0.623000 6.400586 0.099414
v 0.624155 6.400846 0.099155
v 0.624155 6.400846 0.099155
v 0.624414 6.402000 0.099414
v 0.624414 6.400586 0.098000
v 0.623000 7.399415 0.000586
v 0.624155 7.399155 0.000845
v 0.624155 7.399155 0.000845
v 0.624414 7.398000 0.000586
v 0.624414 7.399415 0.002000
v 0.624414 7.398000 0.099414
v 0.624155 7.399155 0.099155
v 0.624155 7.399155 0.099155
v 0.623000 7.399415 0.099414
v 0.624414 7.399415 0.098000
s 0
f 3391 3397 3368 3362
f 3405 3411 3398 3390
f 3410 3382 3369 3396
f 3363 3370 3384 3376
f 3377 3383 3412 3404
f 3361 3417 3418 3420
f 3362 3421 3419 3364
f 3363 3367 3365 3366
f 3368 3422 3423 3425
f 3369 3426 3424 3371
f 3370 3374 3372 3373
f 3375 3427 3428 3430
f 3376 3431 3429 3378
f 3377 3381 3379 3380
f 3382 3432 3433 3435
f 3383 3436 3434 3385
f 3384 3388 3386 3387
f 3389 3437 3438 3440
f 3390 3441 3439 3392
f 3391 3395 3393 3394
f 3396 3442 3443 3445
f 3397 3446 3444 3399
f 3398 3402 3400 3401
f 3403 3447 3448 3450
f 3404 3451 3449 3406
f 3405 3409 3407 3408
f 3410 3452 3453 3455
f 3411 3456 3454 3413
f 3412 3416 3414 3415
f 3375 3361 3420 3427
f 3378 3367 3363 3376
f 3362 3368 3425 3421
f 3366 3374 3370 3363
f 3369 3382 3435 3426
f 3373 3388 3384 3370
f 3383 3377 3380 3436
f 3387 3431 3376 3384
f 3403 3375 3430 3447
f 3406 3381 3377 3404
f 3382 3410 3455 3432
f 3385 3416 3412 3383
f 3411 3405 3408 3456
f 3415 3451 3404 3412
f 3389 3403 3450 3437
f 3392 3409 3405 3390
f 3410 3396 3445 3452
f 3413 3402 3398 3411
f 3397 3391 3394 3446
f 3401 3441 3390 3398
f 3361 3389 3440 3417
f 3364 3395 3391 3362
f 3396 3369 3371 3442
f 3399 3422 3368 3397
f 3375 3403 3389 3361
o wr_oven_shelf_top
v 0.031000 6.381000 2.091000
v 0.031000 6.380000 2.092000
v 0.030000 6.381000 2.092000
v 0.031000 6.380293 2.091293
v 0.030423 6.380423 2.091423
v 0.030293 6.380293 2.092000
v 0.030293 6.381000 2.091293
v 0.031000 6.380000 2.108000
v 0.031000 6.381000 2.109000
v 0.030000 6.381000 2.108000
v 0.031000 6.380293 2.108707
v 0.030423 6.380423 2.108577
v 0.030293 6.381000 2.108707
v 0.030293 6.380293 2.108000
v 0.031000 7.369000 2.091000
v 0.030000 7.369000 2.092000
v 0.031000 7.370000 2.092000
v 0.030293 7.369000 2.091293
v 0.030423 7.369577 2.091423
v 0.030293 7.369707 2.092000
v 0.031000 7.369707 2.091293
v 0.031000 7.369000 2.109000
v 0.031000 7.370000 2.108000
v 0.030000 7.369000 2.108000
v 0.031000 7.369707 2.108707
v 0.030423 7.369577 2.108577
v 0.030293 7.369707 2.108000
v 0.030293 7.369000 2.108707
v 0.619000 6.381000 2.091000
v 0.620000 6.381000 2.092000
v 0.619000 6.380000 2.092000
v 0.619707 6.381000 2.091293
v 0.619577 6.380423 2.091423
v 0.619707 6.380293 2.092000
v 0.619000 6.380293 2.091293
v 0.619000 6.381000 2.109000
v 0.619000 6.380000 2.108000
v 0.620000 6.381000 2.108000
v 0.619000 6.380293 2.108707
v 0.619577 6.380423 2.108577
v 0.619707 6.380293 2.108000
v 0.619707 6.381000 2.108707
v 0.619000 7.369000 2.091000
v 0.619000 7.370000 2.092000
v 0.620000 7.369000 2.092000
v 0.619000 7.369707 2.091293
v 0.619577 7.369577 2.091423
v 0.619707 7.369707 2.092000
v 0.619707 7.369000 2.091293
v 0.619000 7.369000 2.109000
v 0.620000 7.369000 2.108000
v 0.619000 7.370000 2.108000
v 0.619707 7.369000 2.108707
v 0.619577 7.369577 2.108577
v 0.619707 7.369707 2.108000
v 0.619000 7.369707 2.108707
v 0.031000 6.380293 2.091293
v 0.030423 6.380423 2.091423
v 0.030423 6.380423 2.091423
v 0.030293 6.381000 2.091293
v 0.030293 6.380293 2.092000
v 0.031000 6.380293 2.108707
v 0.030423 6.380423 2.108577
v 0.030423 6.380423 2.108577
v 0.030293 6.380293 2.108000
v 0.030293 6.381000 2.108707
v 0.030293 7.369000 2.091293
v 0.030423 7.369577 2.091423
v 0.030423 7.369577 2.091423
v 0.031000 7.369707 2.091293
v 0.030293 7.369707 2.092000
v 0.031000 7.369707 2.108707
v 0.030423 7.369577 2.108577
v 0.030423 7.369577 2.108577
v 0.030293 7.369000 2.108707
v 0.030293 7.369707 2.108000
v 0.619707 6.381000 2.091293
v 0.619577 6.380423 2.091423
v 0.619577 6.380423 2.091423
v 0.619000 6.380293 2.091293
v 0.619707 6.380293 2.092000
v 0.619000 6.380293 2.108707
v 0.619577 6.380423 2.108577
v 0.619577 6.380423 2.108577
v 0.619707 6.381000 2.108707
v 0.619707 6.380293 2.108000
v 0.619000 7.369707 2.091293
v 0.619577 7.369577 2.091423
v 0.619577 7.369577 2.091423
v 0.619707 7.369000 2.091293
v 0.619707 7.369707 2.092000
v 0.619707 7.369000 2.108707
v 0.619577 7.369577 2.108577
v 0.619577 7.369577 2.108577
v 0.619000 7.369707 2.108707
v 0.619707 7.369707 2.108000
s 0
f 3487 3493 3464 3458
f 3501 3507 3494 3486
f 3506 3478 3465 3492
f 3459 3466 3480 3472
f 3473 3479 3508 3500
f 3457 3513 3514 3516
f 3458 3517 3515 3460
f 3459 3463 3461 3462
f 3464 3518 3519 3521
f 3465 3522 3520 3467
f 3466 3470 3468 3469
f 3471 3523 3524 3526
f 3472 3527 3525 3474
f 3473 3477 3475 3476
f 3478 3528 3529 3531
f 3479 3532 3530 3481
f 3480 3484 3482 3483
f 3485 3533 3534 3536
f 3486 3537 3535 3488
f 3487 3491 3489 3490
f 3492 3538 3539 3541
f 3493 3542 3540 3495
f 3494 3498 3496 3497
f 3499 3543 3544 3546
f 3500 3547 3545 3502
f 3501 3505 3503 3504
f 3506 3548 3549 3551
f 3507 3552 3550 3509
f 3508 3512 3510 3511
f 3471 3457 3516 3523
f 3474 3463 3459 3472
f 3458 3464 3521 3517
f 3462 3470 3466 3459
f 3465 3478 3531 3522
f 3469 3484 3480 3466
f 3479 3473 3476 3532
f 3483 3527 3472 3480
f 3499 3471 3526 3543
f 3502 3477 3473 3500
f 3478 3506 3551 3528
f 3481 3512 3508 3479
f 3507 3501 3504 3552
f 3511 3547 3500 3508
f 3485 3499 3546 3533
f 3488 3505 3501 3486
f 3506 3492 3541 3548
f 3509 3498 3494 3507
f 3493 3487 3490 3542
f 3497 3537 3486 3494
f 3457 3485 3536 3513
f 3460 3491 3487 3458
f 3492 3465 3467 3538
f 3495 3518 3464 3493
f 3471 3499 3485 3457
o up_a_top
v 0.001500 3.951500 2.232000
v 0.001500 3.950000 2.233500
v 0.000000 3.951500 2.233500
v 0.001500 3.950439 2.232439
v 0.000634 3.950634 2.232634
v 0.000439 3.950439 2.233500
v 0.000439 3.951500 2.232439
v 0.001500 3.950000 2.248500
v 0.001500 3.951500 2.250000
v 0.000000 3.951500 2.248500
v 0.001500 3.950439 2.249561
v 0.000634 3.950634 2.249366
v 0.000439 3.951500 2.249561
v 0.000439 3.950439 2.248500
v 0.001500 4.948500 2.232000
v 0.000000 4.948500 2.233500
v 0.001500 4.950000 2.233500
v 0.000439 4.948500 2.232439
v 0.000634 4.949366 2.232634
v 0.000439 4.949561 2.233500
v 0.001500 4.949561 2.232439
v 0.001500 4.948500 2.250000
v 0.001500 4.950000 2.248500
v 0.000000 4.948500 2.248500
v 0.001500 4.949561 2.249561
v 0.000634 4.949366 2.249366
v 0.000439 4.949561 2.248500
v 0.000439 4.948500 2.249561
v 0.348500 3.951500 2.232000
v 0.350000 3.951500 2.233500
v 0.348500 3.950000 2.233500
v 0.349561 3.951500 2.232439
v 0.349366 3.950634 2.232634
v 0.349561 3.950439 2.233500
v 0.348500 3.950439 2.232439
v 0.348500 3.951500 2.250000
v 0.348500 3.950000 2.248500
v 0.350000 3.951500 2.248500
v 0.348500 3.950439 2.249561
v 0.349366 3.950634 2.249366
v 0.349561 3.950439 2.248500
v 0.349561 3.951500 2.249561
v 0.348500 4.948500 2.232000
v 0.348500 4.950000 2.233500
v 0.350000 4.948500 2.233500
v 0.348500 4.949561 2.232439
v 0.349366 4.949366 2.232634
v 0.349561 4.949561 2.233500
v 0.349561 4.948500 2.232439
v 0.348500 4.948500 2.250000
v 0.350000 4.948500 2.248500
v 0.348500 4.950000 2.248500
v 0.349561 4.948500 2.249561
v 0.349366 4.949366 2.249366
v 0.349561 4.949561 2.248500
v 0.348500 4.949561 2.249561
v 0.001500 3.950439 2.232439
v 0.000634 3.950634 2.232634
v 0.000634 3.950634 2.232634
v 0.000439 3.951500 2.232439
v 0.000439 3.950439 2.233500
v 0.001500 3.950439 2.249561
v 0.000634 3.950634 2.249366
v 0.000634 3.950634 2.249366
v 0.000439 3.950439 2.248500
v 0.000439 3.951500 2.249561
v 0.000439 4.948500 2.232439
v 0.000634 4.949366 2.232634
v 0.000634 4.949366 2.232634
v 0.001500 4.949561 2.232439
v 0.000439 4.949561 2.233500
v 0.001500 4.949561 2.249561
v 0.000634 4.949366 2.249366
v 0.000634 4.949366 2.249366
v 0.000439 4.948500 2.249561
v 0.000439 4.949561 2.248500
v 0.349561 3.951500 2.232439
v 0.349366 3.950634 2.232634
v 0.349366 3.950634 2.232634
v 0.348500 3.950439 2.232439
v 0.349561 3.950439 2.233500
v 0.348500 3.950439 2.249561
v 0.349366 3.950634 2.249366
v 0.349366 3.950634 2.249366
v 0.349561 3.951500 2.249561
v 0.349561 3.950439 2.248500
v 0.348500 4.949561 2.232439
v 0.349366 4.949366 2.232634
v 0.349366 4.949366 2.232634
v 0.349561 4.948500 2.232439
v 0.349561 4.949561 2.233500
v 0.349561 4.948500 2.249561
v 0.349366 4.949366 2.249366
v 0.349366 4.949366 2.249366
v 0.348500 4.949561 2.249561
v 0.349561 4.949561 2.248500
s 0
f 3583 3589 3560 3554
f 3597 3603 3590 3582
f 3602 3574 3561 3588
f 3555 3562 3576 3568
f 3569 3575 3604 3596
f 3553 3609 3610 3612
f 3554 3613 3611 3556
f 3555 3559 3557 3558
f 3560 3614 3615 3617
f 3561 3618 3616 3563
f 3562 3566 3564 3565
f 3567 3619 3620 3622
f 3568 3623 3621 3570
f 3569 3573 3571 3572
f 3574 3624 3625 3627
f 3575 3628 3626 3577
f 3576 3580 3578 3579
f 3581 3629 3630 3632
f 3582 3633 3631 3584
f 3583 3587 3585 3586
f 3588 3634 3635 3637
f 3589 3638 3636 3591
f 3590 3594 3592 3593
f 3595 3639 3640 3642
f 3596 3643 3641 3598
f 3597 3601 3599 3600
f 3602 3644 3645 3647
f 3603 3648 3646 3605
f 3604 3608 3606 3607
f 3567 3553 3612 3619
f 3570 3559 3555 3568
f 3554 3560 3617 3613
f 3558 3566 3562 3555
f 3561 3574 3627 3618
f 3565 3580 3576 3562
f 3575 3569 3572 3628
f 3579 3623 3568 3576
f 3595 3567 3622 3639
f 3598 3573 3569 3596
f 3574 3602 3647 3624
f 3577 3608 3604 3575
f 3603 3597 3600 3648
f 3607 3643 3596 3604
f 3581 3595 3642 3629
f 3584 3601 3597 3582
f 3602 3588 3637 3644
f 3605 3594 3590 3603
f 3589 3583 3586 3638
f 3593 3633 3582 3590
f 3553 3581 3632 3609
f 3556 3587 3583 3554
f 3588 3561 3563 3634
f 3591 3614 3560 3589
f 3567 3595 3581 3553
o up_a_bot
v 0.001500 3.951500 1.450000
v 0.001500 3.950000 1.451500
v 0.000000 3.951500 1.451500
v 0.001500 3.950439 1.450439
v 0.000634 3.950634 1.450634
v 0.000439 3.950439 1.451500
v 0.000439 3.951500 1.450439
v 0.001500 3.950000 1.466500
v 0.001500 3.951500 1.468000
v 0.000000 3.951500 1.466500
v 0.001500 3.950439 1.467561
v 0.000634 3.950634 1.467366
v 0.000439 3.951500 1.467561
v 0.000439 3.950439 1.466500
v 0.001500 4.948500 1.450000
v 0.000000 4.948500 1.451500
v 0.001500 4.950000 1.451500
v 0.000439 4.948500 1.450439
v 0.000634 4.949366 1.450634
v 0.000439 4.949561 1.451500
v 0.001500 4.949561 1.450439
v 0.001500 4.948500 1.468000
v 0.001500 4.950000 1.466500
v 0.000000 4.948500 1.466500
v 0.001500 4.949561 1.467561
v 0.000634 4.949366 1.467366
v 0.000439 4.949561 1.466500
v 0.000439 4.948500 1.467561
v 0.348500 3.951500 1.450000
v 0.350000 3.951500 1.451500
v 0.348500 3.950000 1.451500
v 0.349561 3.951500 1.450439
v 0.349366 3.950634 1.450634
v 0.349561 3.950439 1.451500
v 0.348500 3.950439 1.450439
v 0.348500 3.951500 1.468000
v 0.348500 3.950000 1.466500
v 0.350000 3.951500 1.466500
v 0.348500 3.950439 1.467561
v 0.349366 3.950634 1.467366
v 0.349561 3.950439 1.466500
v 0.349561 3.951500 1.467561
v 0.348500 4.948500 1.450000
v 0.348500 4.950000 1.451500
v 0.350000 4.948500 1.451500
v 0.348500 4.949561 1.450439
v 0.349366 4.949366 1.450634
v 0.349561 4.949561 1.451500
v 0.349561 4.948500 1.450439
v 0.348500 4.948500 1.468000
v 0.350000 4.948500 1.466500
v 0.348500 4.950000 1.466500
v 0.349561 4.948500 1.467561
v 0.349366 4.949366 1.467366
v 0.349561 4.949561 1.466500
v 0.348500 4.949561 1.467561
v 0.001500 3.950439 1.450439
v 0.000634 3.950634 1.450634
v 0.000634 3.950634 1.450634
v 0.000439 3.951500 1.450439
v 0.000439 3.950439 1.451500
v 0.001500 3.950439 1.467561
v 0.000634 3.950634 1.467366
v 0.000634 3.950634 1.467366
v 0.000439 3.950439 1.466500
v 0.000439 3.951500 1.467561
v 0.000439 4.948500 1.450439
v 0.000634 4.949366 1.450634
v 0.000634 4.949366 1.450634
v 0.001500 4.949561 1.450439
v 0.000439 4.949561 1.451500
v 0.001500 4.949561 1.467561
v 0.000634 4.949366 1.467366
v 0.000634 4.949366 1.467366
v 0.000439 4.948500 1.467561
v 0.000439 4.949561 1.466500
v 0.349561 3.951500 1.450439
v 0.349366 3.950634 1.450634
v 0.349366 3.950634 1.450634
v 0.348500 3.950439 1.450439
v 0.349561 3.950439 1.451500
v 0.348500 3.950439 1.467561
v 0.349366 3.950634 1.467366
v 0.349366 3.950634 1.467366
v 0.349561 3.951500 1.467561
v 0.349561 3.950439 1.466500
v 0.348500 4.949561 1.450439
v 0.349366 4.949366 1.450634
v 0.349366 4.949366 1.450634
v 0.349561 4.948500 1.450439
v 0.349561 4.949561 1.451500
v 0.349561 4.948500 1.467561
v 0.349366 4.949366 1.467366
v 0.349366 4.949366 1.467366
v 0.348500 4.949561 1.467561
v 0.349561 4.949561 1.466500
s 0
f 3679 3685 3656 3650
f 3693 3699 3686 3678
f 3698 3670 3657 3684
f 3651 3658 3672 3664
f 3665 3671 3700 3692
f 3649 3705 3706 3708
f 3650 3709 3707 3652
f 3651 3655 3653 3654
f 3656 3710 3711 3713
f 3657 3714 3712 3659
f 3658 3662 3660 3661
f 3663 3715 3716 3718
f 3664 3719 3717 3666
f 3665 3669 3667 3668
f 3670 3720 3721 3723
f 3671 3724 3722 3673
f 3672 3676 3674 3675
f 3677 3725 3726 3728
f 3678 3729 3727 3680
f 3679 3683 3681 3682
f 3684 3730 3731 3733
f 3685 3734 3732 3687
f 3686 3690 3688 3689
f 3691 3735 3736 3738
f 3692 3739 3737 3694
f 3693 3697 3695 3696
f 3698 3740 3741 3743
f 3699 3744 3742 3701
f 3700 3704 3702 3703
f 3663 3649 3708 3715
f 3666 3655 3651 3664
f 3650 3656 3713 3709
f 3654 3662 3658 3651
f 3657 3670 3723 3714
f 3661 3676 3672 3658
f 3671 3665 3668 3724
f 3675 3719 3664 3672
f 3691 3663 3718 3735
f 3694 3669 3665 3692
f 3670 3698 3743 3720
f 3673 3704 3700 3671
f 3699 3693 3696 3744
f 3703 3739 3692 3700
f 3677 3691 3738 3725
f 3680 3697 3693 3678
f 3698 3684 3733 3740
f 3701 3690 3686 3699
f 3685 3679 3682 3734
f 3689 3729 3678 3686
f 3649 3677 3728 3705
f 3652 3683 3679 3650
f 3684 3657 3659 3730
f 3687 3710 3656 3685
f 3663 3691 3677 3649
o up_a_sideS
v 0.001500 3.951500 1.450000
v 0.001500 3.950000 1.451500
v 0.000000 3.951500 1.451500
v 0.001500 3.950439 1.450439
v 0.000634 3.950634 1.450634
v 0.000439 3.950439 1.451500
v 0.000439 3.951500 1.450439
v 0.001500 3.950000 2.248500
v 0.001500 3.951500 2.250000
v 0.000000 3.951500 2.248500
v 0.001500 3.950439 2.249561
v 0.000634 3.950634 2.249366
v 0.000439 3.951500 2.249561
v 0.000439 3.950439 2.248500
v 0.001500 3.966500 1.450000
v 0.000000 3.966500 1.451500
v 0.001500 3.968000 1.451500
v 0.000439 3.966500 1.450439
v 0.000634 3.967366 1.450634
v 0.000439 3.967561 1.451500
v 0.001500 3.967561 1.450439
v 0.001500 3.966500 2.250000
v 0.001500 3.968000 2.248500
v 0.000000 3.966500 2.248500
v 0.001500 3.967561 2.249561
v 0.000634 3.967366 2.249366
v 0.000439 3.967561 2.248500
v 0.000439 3.966500 2.249561
v 0.348500 3.951500 1.450000
v 0.350000 3.951500 1.451500
v 0.348500 3.950000 1.451500
v 0.349561 3.951500 1.450439
v 0.349366 3.950634 1.450634
v 0.349561 3.950439 1.451500
v 0.348500 3.950439 1.450439
v 0.348500 3.951500 2.250000
v 0.348500 3.950000 2.248500
v 0.350000 3.951500 2.248500
v 0.348500 3.950439 2.249561
v 0.349366 3.950634 2.249366
v 0.349561 3.950439 2.248500
v 0.349561 3.951500 2.249561
v 0.348500 3.966500 1.450000
v 0.348500 3.968000 1.451500
v 0.350000 3.966500 1.451500
v 0.348500 3.967561 1.450439
v 0.349366 3.967366 1.450634
v 0.349561 3.967561 1.451500
v 0.349561 3.966500 1.450439
v 0.348500 3.966500 2.250000
v 0.350000 3.966500 2.248500
v 0.348500 3.968000 2.248500
v 0.349561 3.966500 2.249561
v 0.349366 3.967366 2.249366
v 0.349561 3.967561 2.248500
v 0.348500 3.967561 2.249561
v 0.001500 3.950439 1.450439
v 0.000634 3.950634 1.450634
v 0.000634 3.950634 1.450634
v 0.000439 3.951500 1.450439
v 0.000439 3.950439 1.451500
v 0.001500 3.950439 2.249561
v 0.000634 3.950634 2.249366
v 0.000634 3.950634 2.249366
v 0.000439 3.950439 2.248500
v 0.000439 3.951500 2.249561
v 0.000439 3.966500 1.450439
v 0.000634 3.967366 1.450634
v 0.000634 3.967366 1.450634
v 0.001500 3.967561 1.450439
v 0.000439 3.967561 1.451500
v 0.001500 3.967561 2.249561
v 0.000634 3.967366 2.249366
v 0.000634 3.967366 2.249366
v 0.000439 3.966500 2.249561
v 0.000439 3.967561 2.248500
v 0.349561 3.951500 1.450439
v 0.349366 3.950634 1.450634
v 0.349366 3.950634 1.450634
v 0.348500 3.950439 1.450439
v 0.349561 3.950439 1.451500
v 0.348500 3.950439 2.249561
v 0.349366 3.950634 2.249366
v 0.349366 3.950634 2.249366
v 0.349561 3.951500 2.249561
v 0.349561 3.950439 2.248500
v 0.348500 3.967561 1.450439
v 0.349366 3.967366 1.450634
v 0.349366 3.967366 1.450634
v 0.349561 3.966500 1.450439
v 0.349561 3.967561 1.451500
v 0.349561 3.966500 2.249561
v 0.349366 3.967366 2.249366
v 0.349366 3.967366 2.249366
v 0.348500 3.967561 2.249561
v 0.349561 3.967561 2.248500
s 0
f 3775 3781 3752 3746
f 3789 3795 3782 3774
f 3794 3766 3753 3780
f 3747 3754 3768 3760
f 3761 3767 3796 3788
f 3745 3801 3802 3804
f 3746 3805 3803 3748
f 3747 3751 3749 3750
f 3752 3806 3807 3809
f 3753 3810 3808 3755
f 3754 3758 3756 3757
f 3759 3811 3812 3814
f 3760 3815 3813 3762
f 3761 3765 3763 3764
f 3766 3816 3817 3819
f 3767 3820 3818 3769
f 3768 3772 3770 3771
f 3773 3821 3822 3824
f 3774 3825 3823 3776
f 3775 3779 3777 3778
f 3780 3826 3827 3829
f 3781 3830 3828 3783
f 3782 3786 3784 3785
f 3787 3831 3832 3834
f 3788 3835 3833 3790
f 3789 3793 3791 3792
f 3794 3836 3837 3839
f 3795 3840 3838 3797
f 3796 3800 3798 3799
f 3759 3745 3804 3811
f 3762 3751 3747 3760
f 3746 3752 3809 3805
f 3750 3758 3754 3747
f 3753 3766 3819 3810
f 3757 3772 3768 3754
f 3767 3761 3764 3820
f 3771 3815 3760 3768
f 3787 3759 3814 3831
f 3790 3765 3761 3788
f 3766 3794 3839 3816
f 3769 3800 3796 3767
f 3795 3789 3792 3840
f 3799 3835 3788 3796
f 3773 3787 3834 3821
f 3776 3793 3789 3774
f 3794 3780 3829 3836
f 3797 3786 3782 3795
f 3781 3775 3778 3830
f 3785 3825 3774 3782
f 3745 3773 3824 3801
f 3748 3779 3775 3746
f 3780 3753 3755 3826
f 3783 3806 3752 3781
f 3759 3787 3773 3745
o up_a_sideN
v 0.001500 4.933500 1.450000
v 0.001500 4.932000 1.451500
v 0.000000 4.933500 1.451500
v 0.001500 4.932439 1.450439
v 0.000634 4.932634 1.450634
v 0.000439 4.932439 1.451500
v 0.000439 4.933500 1.450439
v 0.001500 4.932000 2.248500
v 0.001500 4.933500 2.250000
v 0.000000 4.933500 2.248500
v 0.001500 4.932439 2.249561
v 0.000634 4.932634 2.249366
v 0.000439 4.933500 2.249561
v 0.000439 4.932439 2.248500
v 0.001500 4.948500 1.450000
v 0.000000 4.948500 1.451500
v 0.001500 4.950000 1.451500
v 0.000439 4.948500 1.450439
v 0.000634 4.949366 1.450634
v 0.000439 4.949561 1.451500
v 0.001500 4.949561 1.450439
v 0.001500 4.948500 2.250000
v 0.001500 4.950000 2.248500
v 0.000000 4.948500 2.248500
v 0.001500 4.949561 2.249561
v 0.000634 4.949366 2.249366
v 0.000439 4.949561 2.248500
v 0.000439 4.948500 2.249561
v 0.348500 4.933500 1.450000
v 0.350000 4.933500 1.451500
v 0.348500 4.932000 1.451500
v 0.349561 4.933500 1.450439
v 0.349366 4.932634 1.450634
v 0.349561 4.932439 1.451500
v 0.348500 4.932439 1.450439
v 0.348500 4.933500 2.250000
v 0.348500 4.932000 2.248500
v 0.350000 4.933500 2.248500
v 0.348500 4.932439 2.249561
v 0.349366 4.932634 2.249366
v 0.349561 4.932439 2.248500
v 0.349561 4.933500 2.249561
v 0.348500 4.948500 1.450000
v 0.348500 4.950000 1.451500
v 0.350000 4.948500 1.451500
v 0.348500 4.949561 1.450439
v 0.349366 4.949366 1.450634
v 0.349561 4.949561 1.451500
v 0.349561 4.948500 1.450439
v 0.348500 4.948500 2.250000
v 0.350000 4.948500 2.248500
v 0.348500 4.950000 2.248500
v 0.349561 4.948500 2.249561
v 0.349366 4.949366 2.249366
v 0.349561 4.949561 2.248500
v 0.348500 4.949561 2.249561
v 0.001500 4.932439 1.450439
v 0.000634 4.932634 1.450634
v 0.000634 4.932634 1.450634
v 0.000439 4.933500 1.450439
v 0.000439 4.932439 1.451500
v 0.001500 4.932439 2.249561
v 0.000634 4.932634 2.249366
v 0.000634 4.932634 2.249366
v 0.000439 4.932439 2.248500
v 0.000439 4.933500 2.249561
v 0.000439 4.948500 1.450439
v 0.000634 4.949366 1.450634
v 0.000634 4.949366 1.450634
v 0.001500 4.949561 1.450439
v 0.000439 4.949561 1.451500
v 0.001500 4.949561 2.249561
v 0.000634 4.949366 2.249366
v 0.000634 4.949366 2.249366
v 0.000439 4.948500 2.249561
v 0.000439 4.949561 2.248500
v 0.349561 4.933500 1.450439
v 0.349366 4.932634 1.450634
v 0.349366 4.932634 1.450634
v 0.348500 4.932439 1.450439
v 0.349561 4.932439 1.451500
v 0.348500 4.932439 2.249561
v 0.349366 4.932634 2.249366
v 0.349366 4.932634 2.249366
v 0.349561 4.933500 2.249561
v 0.349561 4.932439 2.248500
v 0.348500 4.949561 1.450439
v 0.349366 4.949366 1.450634
v 0.349366 4.949366 1.450634
v 0.349561 4.948500 1.450439
v 0.349561 4.949561 1.451500
v 0.349561 4.948500 2.249561
v 0.349366 4.949366 2.249366
v 0.349366 4.949366 2.249366
v 0.348500 4.949561 2.249561
v 0.349561 4.949561 2.248500
s 0
f 3871 3877 3848 3842
f 3885 3891 3878 3870
f 3890 3862 3849 3876
f 3843 3850 3864 3856
f 3857 3863 3892 3884
f 3841 3897 3898 3900
f 3842 3901 3899 3844
f 3843 3847 3845 3846
f 3848 3902 3903 3905
f 3849 3906 3904 3851
f 3850 3854 3852 3853
f 3855 3907 3908 3910
f 3856 3911 3909 3858
f 3857 3861 3859 3860
f 3862 3912 3913 3915
f 3863 3916 3914 3865
f 3864 3868 3866 3867
f 3869 3917 3918 3920
f 3870 3921 3919 3872
f 3871 3875 3873 3874
f 3876 3922 3923 3925
f 3877 3926 3924 3879
f 3878 3882 3880 3881
f 3883 3927 3928 3930
f 3884 3931 3929 3886
f 3885 3889 3887 3888
f 3890 3932 3933 3935
f 3891 3936 3934 3893
f 3892 3896 3894 3895
f 3855 3841 3900 3907
f 3858 3847 3843 3856
f 3842 3848 3905 3901
f 3846 3854 3850 3843
f 3849 3862 3915 3906
f 3853 3868 3864 3850
f 3863 3857 3860 3916
f 3867 3911 3856 3864
f 3883 3855 3910 3927
f 3886 3861 3857 3884
f 3862 3890 3935 3912
f 3865 3896 3892 3863
f 3891 3885 3888 3936
f 3895 3931 3884 3892
f 3869 3883 3930 3917
f 3872 3889 3885 3870
f 3890 3876 3925 3932
f 3893 3882 3878 3891
f 3877 3871 3874 3926
f 3881 3921 3870 3878
f 3841 3869 3920 3897
f 3844 3875 3871 3842
f 3876 3849 3851 3922
f 3879 3902 3848 3877
f 3855 3883 3869 3841
o up_a_back
v 0.001500 3.951500 1.450000
v 0.001500 3.950000 1.451500
v 0.000000 3.951500 1.451500
v 0.001500 3.950439 1.450439
v 0.000634 3.950634 1.450634
v 0.000439 3.950439 1.451500
v 0.000439 3.951500 1.450439
v 0.001500 3.950000 2.248500
v 0.001500 3.951500 2.250000
v 0.000000 3.951500 2.248500
v 0.001500 3.950439 2.249561
v 0.000634 3.950634 2.249366
v 0.000439 3.951500 2.249561
v 0.000439 3.950439 2.248500
v 0.001500 4.948500 1.450000
v 0.000000 4.948500 1.451500
v 0.001500 4.950000 1.451500
v 0.000439 4.948500 1.450439
v 0.000634 4.949366 1.450634
v 0.000439 4.949561 1.451500
v 0.001500 4.949561 1.450439
v 0.001500 4.948500 2.250000
v 0.001500 4.950000 2.248500
v 0.000000 4.948500 2.248500
v 0.001500 4.949561 2.249561
v 0.000634 4.949366 2.249366
v 0.000439 4.949561 2.248500
v 0.000439 4.948500 2.249561
v 0.010500 3.951500 1.450000
v 0.012000 3.951500 1.451500
v 0.010500 3.950000 1.451500
v 0.011561 3.951500 1.450439
v 0.011366 3.950634 1.450634
v 0.011561 3.950439 1.451500
v 0.010500 3.950439 1.450439
v 0.010500 3.951500 2.250000
v 0.010500 3.950000 2.248500
v 0.012000 3.951500 2.248500
v 0.010500 3.950439 2.249561
v 0.011366 3.950634 2.249366
v 0.011561 3.950439 2.248500
v 0.011561 3.951500 2.249561
v 0.010500 4.948500 1.450000
v 0.010500 4.950000 1.451500
v 0.012000 4.948500 1.451500
v 0.010500 4.949561 1.450439
v 0.011366 4.949366 1.450634
v 0.011561 4.949561 1.451500
v 0.011561 4.948500 1.450439
v 0.010500 4.948500 2.250000
v 0.012000 4.948500 2.248500
v 0.010500 4.950000 2.248500
v 0.011561 4.948500 2.249561
v 0.011366 4.949366 2.249366
v 0.011561 4.949561 2.248500
v 0.010500 4.949561 2.249561
v 0.001500 3.950439 1.450439
v 0.000634 3.950634 1.450634
v 0.000634 3.950634 1.450634
v 0.000439 3.951500 1.450439
v 0.000439 3.950439 1.451500
v 0.001500 3.950439 2.249561
v 0.000634 3.950634 2.249366
v 0.000634 3.950634 2.249366
v 0.000439 3.950439 2.248500
v 0.000439 3.951500 2.249561
v 0.000439 4.948500 1.450439
v 0.000634 4.949366 1.450634
v 0.000634 4.949366 1.450634
v 0.001500 4.949561 1.450439
v 0.000439 4.949561 1.451500
v 0.001500 4.949561 2.249561
v 0.000634 4.949366 2.249366
v 0.000634 4.949366 2.249366
v 0.000439 4.948500 2.249561
v 0.000439 4.949561 2.248500
v 0.011561 3.951500 1.450439
v 0.011366 3.950634 1.450634
v 0.011366 3.950634 1.450634
v 0.010500 3.950439 1.450439
v 0.011561 3.950439 1.451500
v 0.010500 3.950439 2.249561
v 0.011366 3.950634 2.249366
v 0.011366 3.950634 2.249366
v 0.011561 3.951500 2.249561
v 0.011561 3.950439 2.248500
v 0.010500 4.949561 1.450439
v 0.011366 4.949366 1.450634
v 0.011366 4.949366 1.450634
v 0.011561 4.948500 1.450439
v 0.011561 4.949561 1.451500
v 0.011561 4.948500 2.249561
v 0.011366 4.949366 2.249366
v 0.011366 4.949366 2.249366
v 0.010500 4.949561 2.249561
v 0.011561 4.949561 2.248500
s 0
f 3967 3973 3944 3938
f 3981 3987 3974 3966
f 3986 3958 3945 3972
f 3939 3946 3960 3952
f 3953 3959 3988 3980
f 3937 3993 3994 3996
f 3938 3997 3995 3940
f 3939 3943 3941 3942
f 3944 3998 3999 4001
f 3945 4002 4000 3947
f 3946 3950 3948 3949
f 3951 4003 4004 4006
f 3952 4007 4005 3954
f 3953 3957 3955 3956
f 3958 4008 4009 4011
f 3959 4012 4010 3961
f 3960 3964 3962 3963
f 3965 4013 4014 4016
f 3966 4017 4015 3968
f 3967 3971 3969 3970
f 3972 4018 4019 4021
f 3973 4022 4020 3975
f 3974 3978 3976 3977
f 3979 4023 4024 4026
f 3980 4027 4025 3982
f 3981 3985 3983 3984
f 3986 4028 4029 4031
f 3987 4032 4030 3989
f 3988 3992 3990 3991
f 3951 3937 3996 4003
f 3954 3943 3939 3952
f 3938 3944 4001 3997
f 3942 3950 3946 3939
f 3945 3958 4011 4002
f 3949 3964 3960 3946
f 3959 3953 3956 4012
f 3963 4007 3952 3960
f 3979 3951 4006 4023
f 3982 3957 3953 3980
f 3958 3986 4031 4008
f 3961 3992 3988 3959
f 3987 3981 3984 4032
f 3991 4027 3980 3988
f 3965 3979 4026 4013
f 3968 3985 3981 3966
f 3986 3972 4021 4028
f 3989 3978 3974 3987
f 3973 3967 3970 4022
f 3977 4017 3966 3974
f 3937 3965 4016 3993
f 3940 3971 3967 3938
f 3972 3945 3947 4018
f 3975 3998 3944 3973
f 3951 3979 3965 3937
o up_a_shelf
v 0.011000 3.961000 1.801000
v 0.011000 3.960000 1.802000
v 0.010000 3.961000 1.802000
v 0.011000 3.960293 1.801293
v 0.010423 3.960423 1.801423
v 0.010293 3.960293 1.802000
v 0.010293 3.961000 1.801293
v 0.011000 3.960000 1.818000
v 0.011000 3.961000 1.819000
v 0.010000 3.961000 1.818000
v 0.011000 3.960293 1.818707
v 0.010423 3.960423 1.818577
v 0.010293 3.961000 1.818707
v 0.010293 3.960293 1.818000
v 0.011000 4.939000 1.801000
v 0.010000 4.939000 1.802000
v 0.011000 4.940000 1.802000
v 0.010293 4.939000 1.801293
v 0.010423 4.939577 1.801423
v 0.010293 4.939707 1.802000
v 0.011000 4.939707 1.801293
v 0.011000 4.939000 1.819000
v 0.011000 4.940000 1.818000
v 0.010000 4.939000 1.818000
v 0.011000 4.939707 1.818707
v 0.010423 4.939577 1.818577
v 0.010293 4.939707 1.818000
v 0.010293 4.939000 1.818707
v 0.339000 3.961000 1.801000
v 0.340000 3.961000 1.802000
v 0.339000 3.960000 1.802000
v 0.339707 3.961000 1.801293
v 0.339577 3.960423 1.801423
v 0.339707 3.960293 1.802000
v 0.339000 3.960293 1.801293
v 0.339000 3.961000 1.819000
v 0.339000 3.960000 1.818000
v 0.340000 3.961000 1.818000
v 0.339000 3.960293 1.818707
v 0.339577 3.960423 1.818577
v 0.339707 3.960293 1.818000
v 0.339707 3.961000 1.818707
v 0.339000 4.939000 1.801000
v 0.339000 4.940000 1.802000
v 0.340000 4.939000 1.802000
v 0.339000 4.939707 1.801293
v 0.339577 4.939577 1.801423
v 0.339707 4.939707 1.802000
v 0.339707 4.939000 1.801293
v 0.339000 4.939000 1.819000
v 0.340000 4.939000 1.818000
v 0.339000 4.940000 1.818000
v 0.339707 4.939000 1.818707
v 0.339577 4.939577 1.818577
v 0.339707 4.939707 1.818000
v 0.339000 4.939707 1.818707
v 0.011000 3.960293 1.801293
v 0.010423 3.960423 1.801423
v 0.010423 3.960423 1.801423
v 0.010293 3.961000 1.801293
v 0.010293 3.960293 1.802000
v 0.011000 3.960293 1.818707
v 0.010423 3.960423 1.818577
v 0.010423 3.960423 1.818577
v 0.010293 3.960293 1.818000
v 0.010293 3.961000 1.818707
v 0.010293 4.939000 1.801293
v 0.010423 4.939577 1.801423
v 0.010423 4.939577 1.801423
v 0.011000 4.939707 1.801293
v 0.010293 4.939707 1.802000
v 0.011000 4.939707 1.818707
v 0.010423 4.939577 1.818577
v 0.010423 4.939577 1.818577
v 0.010293 4.939000 1.818707
v 0.010293 4.939707 1.818000
v 0.339707 3.961000 1.801293
v 0.339577 3.960423 1.801423
v 0.339577 3.960423 1.801423
v 0.339000 3.960293 1.801293
v 0.339707 3.960293 1.802000
v 0.339000 3.960293 1.818707
v 0.339577 3.960423 1.818577
v 0.339577 3.960423 1.818577
v 0.339707 3.961000 1.818707
v 0.339707 3.960293 1.818000
v 0.339000 4.939707 1.801293
v 0.339577 4.939577 1.801423
v 0.339577 4.939577 1.801423
v 0.339707 4.939000 1.801293
v 0.339707 4.939707 1.802000
v 0.339707 4.939000 1.818707
v 0.339577 4.939577 1.818577
v 0.339577 4.939577 1.818577
v 0.339000 4.939707 1.818707
v 0.339707 4.939707 1.818000
s 0
f 4063 4069 4040 4034
f 4077 4083 4070 4062
f 4082 4054 4041 4068
f 4035 4042 4056 4048
f 4049 4055 4084 4076
f 4033 4089 4090 4092
f 4034 4093 4091 4036
f 4035 4039 4037 4038
f 4040 4094 4095 4097
f 4041 4098 4096 4043
f 4042 4046 4044 4045
f 4047 4099 4100 4102
f 4048 4103 4101 4050
f 4049 4053 4051 4052
f 4054 4104 4105 4107
f 4055 4108 4106 4057
f 4056 4060 4058 4059
f 4061 4109 4110 4112
f 4062 4113 4111 4064
f 4063 4067 4065 4066
f 4068 4114 4115 4117
f 4069 4118 4116 4071
f 4070 4074 4072 4073
f 4075 4119 4120 4122
f 4076 4123 4121 4078
f 4077 4081 4079 4080
f 4082 4124 4125 4127
f 4083 4128 4126 4085
f 4084 4088 4086 4087
f 4047 4033 4092 4099
f 4050 4039 4035 4048
f 4034 4040 4097 4093
f 4038 4046 4042 4035
f 4041 4054 4107 4098
f 4045 4060 4056 4042
f 4055 4049 4052 4108
f 4059 4103 4048 4056
f 4075 4047 4102 4119
f 4078 4053 4049 4076
f 4054 4082 4127 4104
f 4057 4088 4084 4055
f 4083 4077 4080 4128
f 4087 4123 4076 4084
f 4061 4075 4122 4109
f 4064 4081 4077 4062
f 4082 4068 4117 4124
f 4085 4074 4070 4083
f 4069 4063 4066 4118
f 4073 4113 4062 4070
f 4033 4061 4112 4089
f 4036 4067 4063 4034
f 4068 4041 4043 4114
f 4071 4094 4040 4069
f 4047 4075 4061 4033
o up_a_shelf2
v 0.011000 3.961000 2.065000
v 0.011000 3.960000 2.066000
v 0.010000 3.961000 2.066000
v 0.011000 3.960293 2.065293
v 0.010423 3.960423 2.065423
v 0.010293 3.960293 2.066000
v 0.010293 3.961000 2.065293
v 0.011000 3.960000 2.082000
v 0.011000 3.961000 2.083000
v 0.010000 3.961000 2.082000
v 0.011000 3.960293 2.082707
v 0.010423 3.960423 2.082577
v 0.010293 3.961000 2.082707
v 0.010293 3.960293 2.082000
v 0.011000 4.939000 2.065000
v 0.010000 4.939000 2.066000
v 0.011000 4.940000 2.066000
v 0.010293 4.939000 2.065293
v 0.010423 4.939577 2.065423
v 0.010293 4.939707 2.066000
v 0.011000 4.939707 2.065293
v 0.011000 4.939000 2.083000
v 0.011000 4.940000 2.082000
v 0.010000 4.939000 2.082000
v 0.011000 4.939707 2.082707
v 0.010423 4.939577 2.082577
v 0.010293 4.939707 2.082000
v 0.010293 4.939000 2.082707
v 0.339000 3.961000 2.065000
v 0.340000 3.961000 2.066000
v 0.339000 3.960000 2.066000
v 0.339707 3.961000 2.065293
v 0.339577 3.960423 2.065423
v 0.339707 3.960293 2.066000
v 0.339000 3.960293 2.065293
v 0.339000 3.961000 2.083000
v 0.339000 3.960000 2.082000
v 0.340000 3.961000 2.082000
v 0.339000 3.960293 2.082707
v 0.339577 3.960423 2.082577
v 0.339707 3.960293 2.082000
v 0.339707 3.961000 2.082707
v 0.339000 4.939000 2.065000
v 0.339000 4.940000 2.066000
v 0.340000 4.939000 2.066000
v 0.339000 4.939707 2.065293
v 0.339577 4.939577 2.065423
v 0.339707 4.939707 2.066000
v 0.339707 4.939000 2.065293
v 0.339000 4.939000 2.083000
v 0.340000 4.939000 2.082000
v 0.339000 4.940000 2.082000
v 0.339707 4.939000 2.082707
v 0.339577 4.939577 2.082577
v 0.339707 4.939707 2.082000
v 0.339000 4.939707 2.082707
v 0.011000 3.960293 2.065293
v 0.010423 3.960423 2.065423
v 0.010423 3.960423 2.065423
v 0.010293 3.961000 2.065293
v 0.010293 3.960293 2.066000
v 0.011000 3.960293 2.082707
v 0.010423 3.960423 2.082577
v 0.010423 3.960423 2.082577
v 0.010293 3.960293 2.082000
v 0.010293 3.961000 2.082707
v 0.010293 4.939000 2.065293
v 0.010423 4.939577 2.065423
v 0.010423 4.939577 2.065423
v 0.011000 4.939707 2.065293
v 0.010293 4.939707 2.066000
v 0.011000 4.939707 2.082707
v 0.010423 4.939577 2.082577
v 0.010423 4.939577 2.082577
v 0.010293 4.939000 2.082707
v 0.010293 4.939707 2.082000
v 0.339707 3.961000 2.065293
v 0.339577 3.960423 2.065423
v 0.339577 3.960423 2.065423
v 0.339000 3.960293 2.065293
v 0.339707 3.960293 2.066000
v 0.339000 3.960293 2.082707
v 0.339577 3.960423 2.082577
v 0.339577 3.960423 2.082577
v 0.339707 3.961000 2.082707
v 0.339707 3.960293 2.082000
v 0.339000 4.939707 2.065293
v 0.339577 4.939577 2.065423
v 0.339577 4.939577 2.065423
v 0.339707 4.939000 2.065293
v 0.339707 4.939707 2.066000
v 0.339707 4.939000 2.082707
v 0.339577 4.939577 2.082577
v 0.339577 4.939577 2.082577
v 0.339000 4.939707 2.082707
v 0.339707 4.939707 2.082000
s 0
f 4159 4165 4136 4130
f 4173 4179 4166 4158
f 4178 4150 4137 4164
f 4131 4138 4152 4144
f 4145 4151 4180 4172
f 4129 4185 4186 4188
f 4130 4189 4187 4132
f 4131 4135 4133 4134
f 4136 4190 4191 4193
f 4137 4194 4192 4139
f 4138 4142 4140 4141
f 4143 4195 4196 4198
f 4144 4199 4197 4146
f 4145 4149 4147 4148
f 4150 4200 4201 4203
f 4151 4204 4202 4153
f 4152 4156 4154 4155
f 4157 4205 4206 4208
f 4158 4209 4207 4160
f 4159 4163 4161 4162
f 4164 4210 4211 4213
f 4165 4214 4212 4167
f 4166 4170 4168 4169
f 4171 4215 4216 4218
f 4172 4219 4217 4174
f 4173 4177 4175 4176
f 4178 4220 4221 4223
f 4179 4224 4222 4181
f 4180 4184 4182 4183
f 4143 4129 4188 4195
f 4146 4135 4131 4144
f 4130 4136 4193 4189
f 4134 4142 4138 4131
f 4137 4150 4203 4194
f 4141 4156 4152 4138
f 4151 4145 4148 4204
f 4155 4199 4144 4152
f 4171 4143 4198 4215
f 4174 4149 4145 4172
f 4150 4178 4223 4200
f 4153 4184 4180 4151
f 4179 4173 4176 4224
f 4183 4219 4172 4180
f 4157 4171 4218 4205
f 4160 4177 4173 4158
f 4178 4164 4213 4220
f 4181 4170 4166 4179
f 4165 4159 4162 4214
f 4169 4209 4158 4166
f 4129 4157 4208 4185
f 4132 4163 4159 4130
f 4164 4137 4139 4210
f 4167 4190 4136 4165
f 4143 4171 4157 4129
o up_b_top
v 0.001500 5.751500 2.232000
v 0.001500 5.750000 2.233500
v 0.000000 5.751500 2.233500
v 0.001500 5.750440 2.232439
v 0.000634 5.750634 2.232634
v 0.000439 5.750440 2.233500
v 0.000439 5.751500 2.232439
v 0.001500 5.750000 2.248500
v 0.001500 5.751500 2.250000
v 0.000000 5.751500 2.248500
v 0.001500 5.750440 2.249561
v 0.000634 5.750634 2.249366
v 0.000439 5.751500 2.249561
v 0.000439 5.750440 2.248500
v 0.001500 6.348500 2.232000
v 0.000000 6.348500 2.233500
v 0.001500 6.350000 2.233500
v 0.000439 6.348500 2.232439
v 0.000634 6.349366 2.232634
v 0.000439 6.349561 2.233500
v 0.001500 6.349561 2.232439
v 0.001500 6.348500 2.250000
v 0.001500 6.350000 2.248500
v 0.000000 6.348500 2.248500
v 0.001500 6.349561 2.249561
v 0.000634 6.349366 2.249366
v 0.000439 6.349561 2.248500
v 0.000439 6.348500 2.249561
v 0.348500 5.751500 2.232000
v 0.350000 5.751500 2.233500
v 0.348500 5.750000 2.233500
v 0.349561 5.751500 2.232439
v 0.349366 5.750634 2.232634
v 0.349561 5.750440 2.233500
v 0.348500 5.750440 2.232439
v 0.348500 5.751500 2.250000
v 0.348500 5.750000 2.248500
v 0.350000 5.751500 2.248500
v 0.348500 5.750440 2.249561
v 0.349366 5.750634 2.249366
v 0.349561 5.750440 2.248500
v 0.349561 5.751500 2.249561
v 0.348500 6.348500 2.232000
v 0.348500 6.350000 2.233500
v 0.350000 6.348500 2.233500
v 0.348500 6.349561 2.232439
v 0.349366 6.349366 2.232634
v 0.349561 6.349561 2.233500
v 0.349561 6.348500 2.232439
v 0.348500 6.348500 2.250000
v 0.350000 6.348500 2.248500
v 0.348500 6.350000 2.248500
v 0.349561 6.348500 2.249561
v 0.349366 6.349366 2.249366
v 0.349561 6.349561 2.248500
v 0.348500 6.349561 2.249561
v 0.001500 5.750440 2.232439
v 0.000634 5.750634 2.232634
v 0.000634 5.750634 2.232634
v 0.000439 5.751500 2.232439
v 0.000439 5.750440 2.233500
v 0.001500 5.750440 2.249561
v 0.000634 5.750634 2.249366
v 0.000634 5.750634 2.249366
v 0.000439 5.750440 2.248500
v 0.000439 5.751500 2.249561
v 0.000439 6.348500 2.232439
v 0.000634 6.349366 2.232634
v 0.000634 6.349366 2.232634
v 0.001500 6.349561 2.232439
v 0.000439 6.349561 2.233500
v 0.001500 6.349561 2.249561
v 0.000634 6.349366 2.249366
v 0.000634 6.349366 2.249366
v 0.000439 6.348500 2.249561
v 0.000439 6.349561 2.248500
v 0.349561 5.751500 2.232439
v 0.349366 5.750634 2.232634
v 0.349366 5.750634 2.232634
v 0.348500 5.750440 2.232439
v 0.349561 5.750440 2.233500
v 0.348500 5.750440 2.249561
v 0.349366 5.750634 2.249366
v 0.349366 5.750634 2.249366
v 0.349561 5.751500 2.249561
v 0.349561 5.750440 2.248500
v 0.348500 6.349561 2.232439
v 0.349366 6.349366 2.232634
v 0.349366 6.349366 2.232634
v 0.349561 6.348500 2.232439
v 0.349561 6.349561 2.233500
v 0.349561 6.348500 2.249561
v 0.349366 6.349366 2.249366
v 0.349366 6.349366 2.249366
v 0.348500 6.349561 2.249561
v 0.349561 6.349561 2.248500
s 0
f 4255 4261 4232 4226
f 4269 4275 4262 4254
f 4274 4246 4233 4260
f 4227 4234 4248 4240
f 4241 4247 4276 4268
f 4225 4281 4282 4284
f 4226 4285 4283 4228
f 4227 4231 4229 4230
f 4232 4286 4287 4289
f 4233 4290 4288 4235
f 4234 4238 4236 4237
f 4239 4291 4292 4294
f 4240 4295 4293 4242
f 4241 4245 4243 4244
f 4246 4296 4297 4299
f 4247 4300 4298 4249
f 4248 4252 4250 4251
f 4253 4301 4302 4304
f 4254 4305 4303 4256
f 4255 4259 4257 4258
f 4260 4306 4307 4309
f 4261 4310 4308 4263
f 4262 4266 4264 4265
f 4267 4311 4312 4314
f 4268 4315 4313 4270
f 4269 4273 4271 4272
f 4274 4316 4317 4319
f 4275 4320 4318 4277
f 4276 4280 4278 4279
f 4239 4225 4284 4291
f 4242 4231 4227 4240
f 4226 4232 4289 4285
f 4230 4238 4234 4227
f 4233 4246 4299 4290
f 4237 4252 4248 4234
f 4247 4241 4244 4300
f 4251 4295 4240 4248
f 4267 4239 4294 4311
f 4270 4245 4241 4268
f 4246 4274 4319 4296
f 4249 4280 4276 4247
f 4275 4269 4272 4320
f 4279 4315 4268 4276
f 4253 4267 4314 4301
f 4256 4273 4269 4254
f 4274 4260 4309 4316
f 4277 4266 4262 4275
f 4261 4255 4258 4310
f 4265 4305 4254 4262
f 4225 4253 4304 4281
f 4228 4259 4255 4226
f 4260 4233 4235 4306
f 4263 4286 4232 4261
f 4239 4267 4253 4225
o up_b_bot
v 0.001500 5.751500 1.450000
v 0.001500 5.750000 1.451500
v 0.000000 5.751500 1.451500
v 0.001500 5.750440 1.450439
v 0.000634 5.750634 1.450634
v 0.000439 5.750440 1.451500
v 0.000439 5.751500 1.450439
v 0.001500 5.750000 1.466500
v 0.001500 5.751500 1.468000
v 0.000000 5.751500 1.466500
v 0.001500 5.750440 1.467561
v 0.000634 5.750634 1.467366
v 0.000439 5.751500 1.467561
v 0.000439 5.750440 1.466500
v 0.001500 6.348500 1.450000
v 0.000000 6.348500 1.451500
v 0.001500 6.350000 1.451500
v 0.000439 6.348500 1.450439
v 0.000634 6.349366 1.450634
v 0.000439 6.349561 1.451500
v 0.001500 6.349561 1.450439
v 0.001500 6.348500 1.468000
v 0.001500 6.350000 1.466500
v 0.000000 6.348500 1.466500
v 0.001500 6.349561 1.467561
v 0.000634 6.349366 1.467366
v 0.000439 6.349561 1.466500
v 0.000439 6.348500 1.467561
v 0.348500 5.751500 1.450000
v 0.350000 5.751500 1.451500
v 0.348500 5.750000 1.451500
v 0.349561 5.751500 1.450439
v 0.349366 5.750634 1.450634
v 0.349561 5.750440 1.451500
v 0.348500 5.750440 1.450439
v 0.348500 5.751500 1.468000
v 0.348500 5.750000 1.466500
v 0.350000 5.751500 1.466500
v 0.348500 5.750440 1.467561
v 0.349366 5.750634 1.467366
v 0.349561 5.750440 1.466500
v 0.349561 5.751500 1.467561
v 0.348500 6.348500 1.450000
v 0.348500 6.350000 1.451500
v 0.350000 6.348500 1.451500
v 0.348500 6.349561 1.450439
v 0.349366 6.349366 1.450634
v 0.349561 6.349561 1.451500
v 0.349561 6.348500 1.450439
v 0.348500 6.348500 1.468000
v 0.350000 6.348500 1.466500
v 0.348500 6.350000 1.466500
v 0.349561 6.348500 1.467561
v 0.349366 6.349366 1.467366
v 0.349561 6.349561 1.466500
v 0.348500 6.349561 1.467561
v 0.001500 5.750440 1.450439
v 0.000634 5.750634 1.450634
v 0.000634 5.750634 1.450634
v 0.000439 5.751500 1.450439
v 0.000439 5.750440 1.451500
v 0.001500 5.750440 1.467561
v 0.000634 5.750634 1.467366
v 0.000634 5.750634 1.467366
v 0.000439 5.750440 1.466500
v 0.000439 5.751500 1.467561
v 0.000439 6.348500 1.450439
v 0.000634 6.349366 1.450634
v 0.000634 6.349366 1.450634
v 0.001500 6.349561 1.450439
v 0.000439 6.349561 1.451500
v 0.001500 6.349561 1.467561
v 0.000634 6.349366 1.467366
v 0.000634 6.349366 1.467366
v 0.000439 6.348500 1.467561
v 0.000439 6.349561 1.466500
v 0.349561 5.751500 1.450439
v 0.349366 5.750634 1.450634
v 0.349366 5.750634 1.450634
v 0.348500 5.750440 1.450439
v 0.349561 5.750440 1.451500
v 0.348500 5.750440 1.467561
v 0.349366 5.750634 1.467366
v 0.349366 5.750634 1.467366
v 0.349561 5.751500 1.467561
v 0.349561 5.750440 1.466500
v 0.348500 6.349561 1.450439
v 0.349366 6.349366 1.450634
v 0.349366 6.349366 1.450634
v 0.349561 6.348500 1.450439
v 0.349561 6.349561 1.451500
v 0.349561 6.348500 1.467561
v 0.349366 6.349366 1.467366
v 0.349366 6.349366 1.467366
v 0.348500 6.349561 1.467561
v 0.349561 6.349561 1.466500
s 0
f 4351 4357 4328 4322
f 4365 4371 4358 4350
f 4370 4342 4329 4356
f 4323 4330 4344 4336
f 4337 4343 4372 4364
f 4321 4377 4378 4380
f 4322 4381 4379 4324
f 4323 4327 4325 4326
f 4328 4382 4383 4385
f 4329 4386 4384 4331
f 4330 4334 4332 4333
f 4335 4387 4388 4390
f 4336 4391 4389 4338
f 4337 4341 4339 4340
f 4342 4392 4393 4395
f 4343 4396 4394 4345
f 4344 4348 4346 4347
f 4349 4397 4398 4400
f 4350 4401 4399 4352
f 4351 4355 4353 4354
f 4356 4402 4403 4405
f 4357 4406 4404 4359
f 4358 4362 4360 4361
f 4363 4407 4408 4410
f 4364 4411 4409 4366
f 4365 4369 4367 4368
f 4370 4412 4413 4415
f 4371 4416 4414 4373
f 4372 4376 4374 4375
f 4335 4321 4380 4387
f 4338 4327 4323 4336
f 4322 4328 4385 4381
f 4326 4334 4330 4323
f 4329 4342 4395 4386
f 4333 4348 4344 4330
f 4343 4337 4340 4396
f 4347 4391 4336 4344
f 4363 4335 4390 4407
f 4366 4341 4337 4364
f 4342 4370 4415 4392
f 4345 4376 4372 4343
f 4371 4365 4368 4416
f 4375 4411 4364 4372
f 4349 4363 4410 4397
f 4352 4369 4365 4350
f 4370 4356 4405 4412
f 4373 4362 4358 4371
f 4357 4351 4354 4406
f 4361 4401 4350 4358
f 4321 4349 4400 4377
f 4324 4355 4351 4322
f 4356 4329 4331 4402
f 4359 4382 4328 4357
f 4335 4363 4349 4321
o up_b_sideS
v 0.001500 5.751500 1.450000
v 0.001500 5.750000 1.451500
v 0.000000 5.751500 1.451500
v 0.001500 5.750439 1.450439
v 0.000634 5.750634 1.450634
v 0.000439 5.750439 1.451500
v 0.000439 5.751500 1.450439
v 0.001500 5.750000 2.248500
v 0.001500 5.751500 2.250000
v 0.000000 5.751500 2.248500
v 0.001500 5.750439 2.249561
v 0.000634 5.750634 2.249366
v 0.000439 5.751500 2.249561
v 0.000439 5.750439 2.248500
v 0.001500 5.766500 1.450000
v 0.000000 5.766500 1.451500
v 0.001500 5.768000 1.451500
v 0.000439 5.766500 1.450439
v 0.000634 5.767366 1.450634
v 0.000439 5.767560 1.451500
v 0.001500 5.767560 1.450439
v 0.001500 5.766500 2.250000
v 0.001500 5.768000 2.248500
v 0.000000 5.766500 2.248500
v 0.001500 5.767560 2.249561
v 0.000634 5.767366 2.249366
v 0.000439 5.767560 2.248500
v 0.000439 5.766500 2.249561
v 0.348500 5.751500 1.450000
v 0.350000 5.751500 1.451500
v 0.348500 5.750000 1.451500
v 0.349561 5.751500 1.450439
v 0.349366 5.750634 1.450634
v 0.349561 5.750439 1.451500
v 0.348500 5.750439 1.450439
v 0.348500 5.751500 2.250000
v 0.348500 5.750000 2.248500
v 0.350000 5.751500 2.248500
v 0.348500 5.750439 2.249561
v 0.349366 5.750634 2.249366
v 0.349561 5.750439 2.248500
v 0.349561 5.751500 2.249561
v 0.348500 5.766500 1.450000
v 0.348500 5.768000 1.451500
v 0.350000 5.766500 1.451500
v 0.348500 5.767560 1.450439
v 0.349366 5.767366 1.450634
v 0.349561 5.767560 1.451500
v 0.349561 5.766500 1.450439
v 0.348500 5.766500 2.250000
v 0.350000 5.766500 2.248500
v 0.348500 5.768000 2.248500
v 0.349561 5.766500 2.249561
v 0.349366 5.767366 2.249366
v 0.349561 5.767560 2.248500
v 0.348500 5.767560 2.249561
v 0.001500 5.750439 1.450439
v 0.000634 5.750634 1.450634
v 0.000634 5.750634 1.450634
v 0.000439 5.751500 1.450439
v 0.000439 5.750439 1.451500
v 0.001500 5.750439 2.249561
v 0.000634 5.750634 2.249366
v 0.000634 5.750634 2.249366
v 0.000439 5.750439 2.248500
v 0.000439 5.751500 2.249561
v 0.000439 5.766500 1.450439
v 0.000634 5.767366 1.450634
v 0.000634 5.767366 1.450634
v 0.001500 5.767560 1.450439
v 0.000439 5.767560 1.451500
v 0.001500 5.767560 2.249561
v 0.000634 5.767366 2.249366
v 0.000634 5.767366 2.249366
v 0.000439 5.766500 2.249561
v 0.000439 5.767560 2.248500
v 0.349561 5.751500 1.450439
v 0.349366 5.750634 1.450634
v 0.349366 5.750634 1.450634
v 0.348500 5.750439 1.450439
v 0.349561 5.750439 1.451500
v 0.348500 5.750439 2.249561
v 0.349366 5.750634 2.249366
v 0.349366 5.750634 2.249366
v 0.349561 5.751500 2.249561
v 0.349561 5.750439 2.248500
v 0.348500 5.767560 1.450439
v 0.349366 5.767366 1.450634
v 0.349366 5.767366 1.450634
v 0.349561 5.766500 1.450439
v 0.349561 5.767560 1.451500
v 0.349561 5.766500 2.249561
v 0.349366 5.767366 2.249366
v 0.349366 5.767366 2.249366
v 0.348500 5.767560 2.249561
v 0.349561 5.767560 2.248500
s 0
f 4447 4453 4424 4418
f 4461 4467 4454 4446
f 4466 4438 4425 4452
f 4419 4426 4440 4432
f 4433 4439 4468 4460
f 4417 4473 4474 4476
f 4418 4477 4475 4420
f 4419 4423 4421 4422
f 4424 4478 4479 4481
f 4425 4482 4480 4427
f 4426 4430 4428 4429
f 4431 4483 4484 4486
f 4432 4487 4485 4434
f 4433 4437 4435 4436
f 4438 4488 4489 4491
f 4439 4492 4490 4441
f 4440 4444 4442 4443
f 4445 4493 4494 4496
f 4446 4497 4495 4448
f 4447 4451 4449 4450
f 4452 4498 4499 4501
f 4453 4502 4500 4455
f 4454 4458 4456 4457
f 4459 4503 4504 4506
f 4460 4507 4505 4462
f 4461 4465 4463 4464
f 4466 4508 4509 4511
f 4467 4512 4510 4469
f 4468 4472 4470 4471
f 4431 4417 4476 4483
f 4434 4423 4419 4432
f 4418 4424 4481 4477
f 4422 4430 4426 4419
f 4425 4438 4491 4482
f 4429 4444 4440 4426
f 4439 4433 4436 4492
f 4443 4487 4432 4440
f 4459 4431 4486 4503
f 4462 4437 4433 4460
f 4438 4466 4511 4488
f 4441 4472 4468 4439
f 4467 4461 4464 4512
f 4471 4507 4460 4468
f 4445 4459 4506 4493
f 4448 4465 4461 4446
f 4466 4452 4501 4508
f 4469 4458 4454 4467
f 4453 4447 4450 4502
f 4457 4497 4446 4454
f 4417 4445 4496 4473
f 4420 4451 4447 4418
f 4452 4425 4427 4498
f 4455 4478 4424 4453
f 4431 4459 4445 4417
o up_b_sideN
v 0.001500 6.333500 1.450000
v 0.001500 6.332000 1.451500
v 0.000000 6.333500 1.451500
v 0.001500 6.332439 1.450439
v 0.000634 6.332634 1.450634
v 0.000439 6.332439 1.451500
v 0.000439 6.333500 1.450439
v 0.001500 6.332000 2.248500
v 0.001500 6.333500 2.250000
v 0.000000 6.333500 2.248500
v 0.001500 6.332439 2.249561
v 0.000634 6.332634 2.249366
v 0.000439 6.333500 2.249561
v 0.000439 6.332439 2.248500
v 0.001500 6.348500 1.450000
v 0.000000 6.348500 1.451500
v 0.001500 6.350000 1.451500
v 0.000439 6.348500 1.450439
v 0.000634 6.349366 1.450634
v 0.000439 6.349561 1.451500
v 0.001500 6.349561 1.450439
v 0.001500 6.348500 2.250000
v 0.001500 6.350000 2.248500
v 0.000000 6.348500 2.248500
v 0.001500 6.349561 2.249561
v 0.000634 6.349366 2.249366
v 0.000439 6.349561 2.248500
v 0.000439 6.348500 2.249561
v 0.348500 6.333500 1.450000
v 0.350000 6.333500 1.451500
v 0.348500 6.332000 1.451500
v 0.349561 6.333500 1.450439
v 0.349366 6.332634 1.450634
v 0.349561 6.332439 1.451500
v 0.348500 6.332439 1.450439
v 0.348500 6.333500 2.250000
v 0.348500 6.332000 2.248500
v 0.350000 6.333500 2.248500
v 0.348500 6.332439 2.249561
v 0.349366 6.332634 2.249366
v 0.349561 6.332439 2.248500
v 0.349561 6.333500 2.249561
v 0.348500 6.348500 1.450000
v 0.348500 6.350000 1.451500
v 0.350000 6.348500 1.451500
v 0.348500 6.349561 1.450439
v 0.349366 6.349366 1.450634
v 0.349561 6.349561 1.451500
v 0.349561 6.348500 1.450439
v 0.348500 6.348500 2.250000
v 0.350000 6.348500 2.248500
v 0.348500 6.350000 2.248500
v 0.349561 6.348500 2.249561
v 0.349366 6.349366 2.249366
v 0.349561 6.349561 2.248500
v 0.348500 6.349561 2.249561
v 0.001500 6.332439 1.450439
v 0.000634 6.332634 1.450634
v 0.000634 6.332634 1.450634
v 0.000439 6.333500 1.450439
v 0.000439 6.332439 1.451500
v 0.001500 6.332439 2.249561
v 0.000634 6.332634 2.249366
v 0.000634 6.332634 2.249366
v 0.000439 6.332439 2.248500
v 0.000439 6.333500 2.249561
v 0.000439 6.348500 1.450439
v 0.000634 6.349366 1.450634
v 0.000634 6.349366 1.450634
v 0.001500 6.349561 1.450439
v 0.000439 6.349561 1.451500
v 0.001500 6.349561 2.249561
v 0.000634 6.349366 2.249366
v 0.000634 6.349366 2.249366
v 0.000439 6.348500 2.249561
v 0.000439 6.349561 2.248500
v 0.349561 6.333500 1.450439
v 0.349366 6.332634 1.450634
v 0.349366 6.332634 1.450634
v 0.348500 6.332439 1.450439
v 0.349561 6.332439 1.451500
v 0.348500 6.332439 2.249561
v 0.349366 6.332634 2.249366
v 0.349366 6.332634 2.249366
v 0.349561 6.333500 2.249561
v 0.349561 6.332439 2.248500
v 0.348500 6.349561 1.450439
v 0.349366 6.349366 1.450634
v 0.349366 6.349366 1.450634
v 0.349561 6.348500 1.450439
v 0.349561 6.349561 1.451500
v 0.349561 6.348500 2.249561
v 0.349366 6.349366 2.249366
v 0.349366 6.349366 2.249366
v 0.348500 6.349561 2.249561
v 0.349561 6.349561 2.248500
s 0
f 4543 4549 4520 4514
f 4557 4563 4550 4542
f 4562 4534 4521 4548
f 4515 4522 4536 4528
f 4529 4535 4564 4556
f 4513 4569 4570 4572
f 4514 4573 4571 4516
f 4515 4519 4517 4518
f 4520 4574 4575 4577
f 4521 4578 4576 4523
f 4522 4526 4524 4525
f 4527 4579 4580 4582
f 4528 4583 4581 4530
f 4529 4533 4531 4532
f 4534 4584 4585 4587
f 4535 4588 4586 4537
f 4536 4540 4538 4539
f 4541 4589 4590 4592
f 4542 4593 4591 4544
f 4543 4547 4545 4546
f 4548 4594 4595 4597
f 4549 4598 4596 4551
f 4550 4554 4552 4553
f 4555 4599 4600 4602
f 4556 4603 4601 4558
f 4557 4561 4559 4560
f 4562 4604 4605 4607
f 4563 4608 4606 4565
f 4564 4568 4566 4567
f 4527 4513 4572 4579
f 4530 4519 4515 4528
f 4514 4520 4577 4573
f 4518 4526 4522 4515
f 4521 4534 4587 4578
f 4525 4540 4536 4522
f 4535 4529 4532 4588
f 4539 4583 4528 4536
f 4555 4527 4582 4599
f 4558 4533 4529 4556
f 4534 4562 4607 4584
f 4537 4568 4564 4535
f 4563 4557 4560 4608
f 4567 4603 4556 4564
f 4541 4555 4602 4589
f 4544 4561 4557 4542
f 4562 4548 4597 4604
f 4565 4554 4550 4563
f 4549 4543 4546 4598
f 4553 4593 4542 4550
f 4513 4541 4592 4569
f 4516 4547 4543 4514
f 4548 4521 4523 4594
f 4551 4574 4520 4549
f 4527 4555 4541 4513
o up_b_back
v 0.001500 5.751500 1.450000
v 0.001500 5.750000 1.451500
v 0.000000 5.751500 1.451500
v 0.001500 5.750440 1.450439
v 0.000634 5.750634 1.450634
v 0.000439 5.750440 1.451500
v 0.000439 5.751500 1.450439
v 0.001500 5.750000 2.248500
v 0.001500 5.751500 2.250000
v 0.000000 5.751500 2.248500
v 0.001500 5.750440 2.249561
v 0.000634 5.750634 2.249366
v 0.000439 5.751500 2.249561
v 0.000439 5.750440 2.248500
v 0.001500 6.348500 1.450000
v 0.000000 6.348500 1.451500
v 0.001500 6.350000 1.451500
v 0.000439 6.348500 1.450439
v 0.000634 6.349366 1.450634
v 0.000439 6.349561 1.451500
v 0.001500 6.349561 1.450439
v 0.001500 6.348500 2.250000
v 0.001500 6.350000 2.248500
v 0.000000 6.348500 2.248500
v 0.001500 6.349561 2.249561
v 0.000634 6.349366 2.249366
v 0.000439 6.349561 2.248500
v 0.000439 6.348500 2.249561
v 0.010500 5.751500 1.450000
v 0.012000 5.751500 1.451500
v 0.010500 5.750000 1.451500
v 0.011561 5.751500 1.450439
v 0.011366 5.750634 1.450634
v 0.011561 5.750440 1.451500
v 0.010500 5.750440 1.450439
v 0.010500 5.751500 2.250000
v 0.010500 5.750000 2.248500
v 0.012000 5.751500 2.248500
v 0.010500 5.750440 2.249561
v 0.011366 5.750634 2.249366
v 0.011561 5.750440 2.248500
v 0.011561 5.751500 2.249561
v 0.010500 6.348500 1.450000
v 0.010500 6.350000 1.451500
v 0.012000 6.348500 1.451500
v 0.010500 6.349561 1.450439
v 0.011366 6.349366 1.450634
v 0.011561 6.349561 1.451500
v 0.011561 6.348500 1.450439
v 0.010500 6.348500 2.250000
v 0.012000 6.348500 2.248500
v 0.010500 6.350000 2.248500
v 0.011561 6.348500 2.249561
v 0.011366 6.349366 2.249366
v 0.011561 6.349561 2.248500
v 0.010500 6.349561 2.249561
v 0.001500 5.750440 1.450439
v 0.000634 5.750634 1.450634
v 0.000634 5.750634 1.450634
v 0.000439 5.751500 1.450439
v 0.000439 5.750440 1.451500
v 0.001500 5.750440 2.249561
v 0.000634 5.750634 2.249366
v 0.000634 5.750634 2.249366
v 0.000439 5.750440 2.248500
v 0.000439 5.751500 2.249561
v 0.000439 6.348500 1.450439
v 0.000634 6.349366 1.450634
v 0.000634 6.349366 1.450634
v 0.001500 6.349561 1.450439
v 0.000439 6.349561 1.451500
v 0.001500 6.349561 2.249561
v 0.000634 6.349366 2.249366
v 0.000634 6.349366 2.249366
v 0.000439 6.348500 2.249561
v 0.000439 6.349561 2.248500
v 0.011561 5.751500 1.450439
v 0.011366 5.750634 1.450634
v 0.011366 5.750634 1.450634
v 0.010500 5.750440 1.450439
v 0.011561 5.750440 1.451500
v 0.010500 5.750440 2.249561
v 0.011366 5.750634 2.249366
v 0.011366 5.750634 2.249366
v 0.011561 5.751500 2.249561
v 0.011561 5.750440 2.248500
v 0.010500 6.349561 1.450439
v 0.011366 6.349366 1.450634
v 0.011366 6.349366 1.450634
v 0.011561 6.348500 1.450439
v 0.011561 6.349561 1.451500
v 0.011561 6.348500 2.249561
v 0.011366 6.349366 2.249366
v 0.011366 6.349366 2.249366
v 0.010500 6.349561 2.249561
v 0.011561 6.349561 2.248500
s 0
f 4639 4645 4616 4610
f 4653 4659 4646 4638
f 4658 4630 4617 4644
f 4611 4618 4632 4624
f 4625 4631 4660 4652
f 4609 4665 4666 4668
f 4610 4669 4667 4612
f 4611 4615 4613 4614
f 4616 4670 4671 4673
f 4617 4674 4672 4619
f 4618 4622 4620 4621
f 4623 4675 4676 4678
f 4624 4679 4677 4626
f 4625 4629 4627 4628
f 4630 4680 4681 4683
f 4631 4684 4682 4633
f 4632 4636 4634 4635
f 4637 4685 4686 4688
f 4638 4689 4687 4640
f 4639 4643 4641 4642
f 4644 4690 4691 4693
f 4645 4694 4692 4647
f 4646 4650 4648 4649
f 4651 4695 4696 4698
f 4652 4699 4697 4654
f 4653 4657 4655 4656
f 4658 4700 4701 4703
f 4659 4704 4702 4661
f 4660 4664 4662 4663
f 4623 4609 4668 4675
f 4626 4615 4611 4624
f 4610 4616 4673 4669
f 4614 4622 4618 4611
f 4617 4630 4683 4674
f 4621 4636 4632 4618
f 4631 4625 4628 4684
f 4635 4679 4624 4632
f 4651 4623 4678 4695
f 4654 4629 4625 4652
f 4630 4658 4703 4680
f 4633 4664 4660 4631
f 4659 4653 4656 4704
f 4663 4699 4652 4660
f 4637 4651 4698 4685
f 4640 4657 4653 4638
f 4658 4644 4693 4700
f 4661 4650 4646 4659
f 4645 4639 4642 4694
f 4649 4689 4638 4646
f 4609 4637 4688 4665
f 4612 4643 4639 4610
f 4644 4617 4619 4690
f 4647 4670 4616 4645
f 4623 4651 4637 4609
o fridge_enc_top
v 0.151500 0.001500 2.432000
v 0.151500 0.000000 2.433500
v 0.150000 0.001500 2.433500
v 0.151500 0.000439 2.432439
v 0.150634 0.000634 2.432634
v 0.150439 0.000439 2.433500
v 0.150439 0.001500 2.432439
v 0.151500 0.000000 2.448500
v 0.151500 0.001500 2.450000
v 0.150000 0.001500 2.448500
v 0.151500 0.000439 2.449561
v 0.150634 0.000634 2.449366
v 0.150439 0.001500 2.449561
v 0.150439 0.000439 2.448500
v 0.151500 0.648500 2.432000
v 0.150000 0.648500 2.433500
v 0.151500 0.650000 2.433500
v 0.150439 0.648500 2.432439
v 0.150634 0.649366 2.432634
v 0.150439 0.649561 2.433500
v 0.151500 0.649561 2.432439
v 0.151500 0.648500 2.450000
v 0.151500 0.650000 2.448500
v 0.150000 0.648500 2.448500
v 0.151500 0.649561 2.449561
v 0.150634 0.649366 2.449366
v 0.150439 0.649561 2.448500
v 0.150439 0.648500 2.449561
v 1.348500 0.001500 2.432000
v 1.350000 0.001500 2.433500
v 1.348500 0.000000 2.433500
v 1.349561 0.001500 2.432439
v 1.349366 0.000634 2.432634
v 1.349561 0.000439 2.433500
v 1.348500 0.000439 2.432439
v 1.348500 0.001500 2.450000
v 1.348500 0.000000 2.448500
v 1.350000 0.001500 2.448500
v 1.348500 0.000439 2.449561
v 1.349366 0.000634 2.449366
v 1.349561 0.000439 2.448500
v 1.349561 0.001500 2.449561
v 1.348500 0.648500 2.432000
v 1.348500 0.650000 2.433500
v 1.350000 0.648500 2.433500
v 1.348500 0.649561 2.432439
v 1.349366 0.649366 2.432634
v 1.349561 0.649561 2.433500
v 1.349561 0.648500 2.432439
v 1.348500 0.648500 2.450000
v 1.350000 0.648500 2.448500
v 1.348500 0.650000 2.448500
v 1.349561 0.648500 2.449561
v 1.349366 0.649366 2.449366
v 1.349561 0.649561 2.448500
v 1.348500 0.649561 2.449561
v 0.151500 0.000439 2.432439
v 0.150634 0.000634 2.432634
v 0.150634 0.000634 2.432634
v 0.150439 0.001500 2.432439
v 0.150439 0.000439 2.433500
v 0.151500 0.000439 2.449561
v 0.150634 0.000634 2.449366
v 0.150634 0.000634 2.449366
v 0.150439 0.000439 2.448500
v 0.150439 0.001500 2.449561
v 0.150439 0.648500 2.432439
v 0.150634 0.649366 2.432634
v 0.150634 0.649366 2.432634
v 0.151500 0.649561 2.432439
v 0.150439 0.649561 2.433500
v 0.151500 0.649561 2.449561
v 0.150634 0.649366 2.449366
v 0.150634 0.649366 2.449366
v 0.150439 0.648500 2.449561
v 0.150439 0.649561 2.448500
v 1.349561 0.001500 2.432439
v 1.349366 0.000634 2.432634
v 1.349366 0.000634 2.432634
v 1.348500 0.000439 2.432439
v 1.349561 0.000439 2.433500
v 1.348500 0.000439 2.449561
v 1.349366 0.000634 2.449366
v 1.349366 0.000634 2.449366
v 1.349561 0.001500 2.449561
v 1.349561 0.000439 2.448500
v 1.348500 0.649561 2.432439
v 1.349366 0.649366 2.432634
v 1.349366 0.649366 2.432634
v 1.349561 0.648500 2.432439
v 1.349561 0.649561 2.433500
v 1.349561 0.648500 2.449561
v 1.349366 0.649366 2.449366
v 1.349366 0.649366 2.449366
v 1.348500 0.649561 2.449561
v 1.349561 0.649561 2.448500
s 0
f 4735 4741 4712 4706
f 4749 4755 4742 4734
f 4754 4726 4713 4740
f 4707 4714 4728 4720
f 4721 4727 4756 4748
f 4705 4761 4762 4764
f 4706 4765 4763 4708
f 4707 4711 4709 4710
f 4712 4766 4767 4769
f 4713 4770 4768 4715
f 4714 4718 4716 4717
f 4719 4771 4772 4774
f 4720 4775 4773 4722
f 4721 4725 4723 4724
f 4726 4776 4777 4779
f 4727 4780 4778 4729
f 4728 4732 4730 4731
f 4733 4781 4782 4784
f 4734 4785 4783 4736
f 4735 4739 4737 4738
f 4740 4786 4787 4789
f 4741 4790 4788 4743
f 4742 4746 4744 4745
f 4747 4791 4792 4794
f 4748 4795 4793 4750
f 4749 4753 4751 4752
f 4754 4796 4797 4799
f 4755 4800 4798 4757
f 4756 4760 4758 4759
f 4719 4705 4764 4771
f 4722 4711 4707 4720
f 4706 4712 4769 4765
f 4710 4718 4714 4707
f 4713 4726 4779 4770
f 4717 4732 4728 4714
f 4727 4721 4724 4780
f 4731 4775 4720 4728
f 4747 4719 4774 4791
f 4750 4725 4721 4748
f 4726 4754 4799 4776
f 4729 4760 4756 4727
f 4755 4749 4752 4800
f 4759 4795 4748 4756
f 4733 4747 4794 4781
f 4736 4753 4749 4734
f 4754 4740 4789 4796
f 4757 4746 4742 4755
f 4741 4735 4738 4790
f 4745 4785 4734 4742
f 4705 4733 4784 4761
f 4708 4739 4735 4706
f 4740 4713 4715 4786
f 4743 4766 4712 4741
f 4719 4747 4733 4705
o fridge_enc_bot
v 0.151500 0.001500 0.100000
v 0.151500 0.000000 0.101500
v 0.150000 0.001500 0.101500
v 0.151500 0.000439 0.100439
v 0.150634 0.000634 0.100634
v 0.150439 0.000439 0.101500
v 0.150439 0.001500 0.100439
v 0.151500 0.000000 0.116500
v 0.151500 0.001500 0.118000
v 0.150000 0.001500 0.116500
v 0.151500 0.000439 0.117561
v 0.150634 0.000634 0.117366
v 0.150439 0.001500 0.117561
v 0.150439 0.000439 0.116500
v 0.151500 0.648500 0.100000
v 0.150000 0.648500 0.101500
v 0.151500 0.650000 0.101500
v 0.150439 0.648500 0.100439
v 0.150634 0.649366 0.100634
v 0.150439 0.649561 0.101500
v 0.151500 0.649561 0.100439
v 0.151500 0.648500 0.118000
v 0.151500 0.650000 0.116500
v 0.150000 0.648500 0.116500
v 0.151500 0.649561 0.117561
v 0.150634 0.649366 0.117366
v 0.150439 0.649561 0.116500
v 0.150439 0.648500 0.117561
v 1.348500 0.001500 0.100000
v 1.350000 0.001500 0.101500
v 1.348500 0.000000 0.101500
v 1.349561 0.001500 0.100439
v 1.349366 0.000634 0.100634
v 1.349561 0.000439 0.101500
v 1.348500 0.000439 0.100439
v 1.348500 0.001500 0.118000
v 1.348500 0.000000 0.116500
v 1.350000 0.001500 0.116500
v 1.348500 0.000439 0.117561
v 1.349366 0.000634 0.117366
v 1.349561 0.000439 0.116500
v 1.349561 0.001500 0.117561
v 1.348500 0.648500 0.100000
v 1.348500 0.650000 0.101500
v 1.350000 0.648500 0.101500
v 1.348500 0.649561 0.100439
v 1.349366 0.649366 0.100634
v 1.349561 0.649561 0.101500
v 1.349561 0.648500 0.100439
v 1.348500 0.648500 0.118000
v 1.350000 0.648500 0.116500
v 1.348500 0.650000 0.116500
v 1.349561 0.648500 0.117561
v 1.349366 0.649366 0.117366
v 1.349561 0.649561 0.116500
v 1.348500 0.649561 0.117561
v 0.151500 0.000439 0.100439
v 0.150634 0.000634 0.100634
v 0.150634 0.000634 0.100634
v 0.150439 0.001500 0.100439
v 0.150439 0.000439 0.101500
v 0.151500 0.000439 0.117561
v 0.150634 0.000634 0.117366
v 0.150634 0.000634 0.117366
v 0.150439 0.000439 0.116500
v 0.150439 0.001500 0.117561
v 0.150439 0.648500 0.100439
v 0.150634 0.649366 0.100634
v 0.150634 0.649366 0.100634
v 0.151500 0.649561 0.100439
v 0.150439 0.649561 0.101500
v 0.151500 0.649561 0.117561
v 0.150634 0.649366 0.117366
v 0.150634 0.649366 0.117366
v 0.150439 0.648500 0.117561
v 0.150439 0.649561 0.116500
v 1.349561 0.001500 0.100439
v 1.349366 0.000634 0.100634
v 1.349366 0.000634 0.100634
v 1.348500 0.000439 0.100439
v 1.349561 0.000439 0.101500
v 1.348500 0.000439 0.117561
v 1.349366 0.000634 0.117366
v 1.349366 0.000634 0.117366
v 1.349561 0.001500 0.117561
v 1.349561 0.000439 0.116500
v 1.348500 0.649561 0.100439
v 1.349366 0.649366 0.100634
v 1.349366 0.649366 0.100634
v 1.349561 0.648500 0.100439
v 1.349561 0.649561 0.101500
v 1.349561 0.648500 0.117561
v 1.349366 0.649366 0.117366
v 1.349366 0.649366 0.117366
v 1.348500 0.649561 0.117561
v 1.349561 0.649561 0.116500
s 0
f 4831 4837 4808 4802
f 4845 4851 4838 4830
f 4850 4822 4809 4836
f 4803 4810 4824 4816
f 4817 4823 4852 4844
f 4801 4857 4858 4860
f 4802 4861 4859 4804
f 4803 4807 4805 4806
f 4808 4862 4863 4865
f 4809 4866 4864 4811
f 4810 4814 4812 4813
f 4815 4867 4868 4870
f 4816 4871 4869 4818
f 4817 4821 4819 4820
f 4822 4872 4873 4875
f 4823 4876 4874 4825
f 4824 4828 4826 4827
f 4829 4877 4878 4880
f 4830 4881 4879 4832
f 4831 4835 4833 4834
f 4836 4882 4883 4885
f 4837 4886 4884 4839
f 4838 4842 4840 4841
f 4843 4887 4888 4890
f 4844 4891 4889 4846
f 4845 4849 4847 4848
f 4850 4892 4893 4895
f 4851 4896 4894 4853
f 4852 4856 4854 4855
f 4815 4801 4860 4867
f 4818 4807 4803 4816
f 4802 4808 4865 4861
f 4806 4814 4810 4803
f 4809 4822 4875 4866
f 4813 4828 4824 4810
f 4823 4817 4820 4876
f 4827 4871 4816 4824
f 4843 4815 4870 4887
f 4846 4821 4817 4844
f 4822 4850 4895 4872
f 4825 4856 4852 4823
f 4851 4845 4848 4896
f 4855 4891 4844 4852
f 4829 4843 4890 4877
f 4832 4849 4845 4830
f 4850 4836 4885 4892
f 4853 4842 4838 4851
f 4837 4831 4834 4886
f 4841 4881 4830 4838
f 4801 4829 4880 4857
f 4804 4835 4831 4802
f 4836 4809 4811 4882
f 4839 4862 4808 4837
f 4815 4843 4829 4801
o fridge_enc_sideW
v 0.151500 0.001500 0.100000
v 0.151500 0.000000 0.101500
v 0.150000 0.001500 0.101500
v 0.151500 0.000439 0.100439
v 0.150634 0.000634 0.100634
v 0.150439 0.000439 0.101500
v 0.150439 0.001500 0.100439
v 0.151500 0.000000 2.448500
v 0.151500 0.001500 2.450000
v 0.150000 0.001500 2.448500
v 0.151500 0.000439 2.449561
v 0.150634 0.000634 2.449366
v 0.150439 0.001500 2.449561
v 0.150439 0.000439 2.448500
v 0.151500 0.648500 0.100000
v 0.150000 0.648500 0.101500
v 0.151500 0.650000 0.101500
v 0.150439 0.648500 0.100439
v 0.150634 0.649366 0.100634
v 0.150439 0.649561 0.101500
v 0.151500 0.649561 0.100439
v 0.151500 0.648500 2.450000
v 0.151500 0.650000 2.448500
v 0.150000 0.648500 2.448500
v 0.151500 0.649561 2.449561
v 0.150634 0.649366 2.449366
v 0.150439 0.649561 2.448500
v 0.150439 0.648500 2.449561
v 0.166500 0.001500 0.100000
v 0.168000 0.001500 0.101500
v 0.166500 0.000000 0.101500
v 0.167561 0.001500 0.100439
v 0.167366 0.000634 0.100634
v 0.167561 0.000439 0.101500
v 0.166500 0.000439 0.100439
v 0.166500 0.001500 2.450000
v 0.166500 0.000000 2.448500
v 0.168000 0.001500 2.448500
v 0.166500 0.000439 2.449561
v 0.167366 0.000634 2.449366
v 0.167561 0.000439 2.448500
v 0.167561 0.001500 2.449561
v 0.166500 0.648500 0.100000
v 0.166500 0.650000 0.101500
v 0.168000 0.648500 0.101500
v 0.166500 0.649561 0.100439
v 0.167366 0.649366 0.100634
v 0.167561 0.649561 0.101500
v 0.167561 0.648500 0.100439
v 0.166500 0.648500 2.450000
v 0.168000 0.648500 2.448500
v 0.166500 0.650000 2.448500
v 0.167561 0.648500 2.449561
v 0.167366 0.649366 2.449366
v 0.167561 0.649561 2.448500
v 0.166500 0.649561 2.449561
v 0.151500 0.000439 0.100439
v 0.150634 0.000634 0.100634
v 0.150634 0.000634 0.100634
v 0.150439 0.001500 0.100439
v 0.150439 0.000439 0.101500
v 0.151500 0.000439 2.449561
v 0.150634 0.000634 2.449366
v 0.150634 0.000634 2.449366
v 0.150439 0.000439 2.448500
v 0.150439 0.001500 2.449561
v 0.150439 0.648500 0.100439
v 0.150634 0.649366 0.100634
v 0.150634 0.649366 0.100634
v 0.151500 0.649561 0.100439
v 0.150439 0.649561 0.101500
v 0.151500 0.649561 2.449561
v 0.150634 0.649366 2.449366
v 0.150634 0.649366 2.449366
v 0.150439 0.648500 2.449561
v 0.150439 0.649561 2.448500
v 0.167561 0.001500 0.100439
v 0.167366 0.000634 0.100634
v 0.167366 0.000634 0.100634
v 0.166500 0.000439 0.100439
v 0.167561 0.000439 0.101500
v 0.166500 0.000439 2.449561
v 0.167366 0.000634 2.449366
v 0.167366 0.000634 2.449366
v 0.167561 0.001500 2.449561
v 0.167561 0.000439 2.448500
v 0.166500 0.649561 0.100439
v 0.167366 0.649366 0.100634
v 0.167366 0.649366 0.100634
v 0.167561 0.648500 0.100439
v 0.167561 0.649561 0.101500
v 0.167561 0.648500 2.449561
v 0.167366 0.649366 2.449366
v 0.167366 0.649366 2.449366
v 0.166500 0.649561 2.449561
v 0.167561 0.649561 2.448500
s 0
f 4927 4933 4904 4898
f 4941 4947 4934 4926
f 4946 4918 4905 4932
f 4899 4906 4920 4912
f 4913 4919 4948 4940
f 4897 4953 4954 4956
f 4898 4957 4955 4900
f 4899 4903 4901 4902
f 4904 4958 4959 4961
f 4905 4962 4960 4907
f 4906 4910 4908 4909
f 4911 4963 4964 4966
f 4912 4967 4965 4914
f 4913 4917 4915 4916
f 4918 4968 4969 4971
f 4919 4972 4970 4921
f 4920 4924 4922 4923
f 4925 4973 4974 4976
f 4926 4977 4975 4928
f 4927 4931 4929 4930
f 4932 4978 4979 4981
f 4933 4982 4980 4935
f 4934 4938 4936 4937
f 4939 4983 4984 4986
f 4940 4987 4985 4942
f 4941 4945 4943 4944
f 4946 4988 4989 4991
f 4947 4992 4990 4949
f 4948 4952 4950 4951
f 4911 4897 4956 4963
f 4914 4903 4899 4912
f 4898 4904 4961 4957
f 4902 4910 4906 4899
f 4905 4918 4971 4962
f 4909 4924 4920 4906
f 4919 4913 4916 4972
f 4923 4967 4912 4920
f 4939 4911 4966 4983
f 4942 4917 4913 4940
f 4918 4946 4991 4968
f 4921 4952 4948 4919
f 4947 4941 4944 4992
f 4951 4987 4940 4948
f 4925 4939 4986 4973
f 4928 4945 4941 4926
f 4946 4932 4981 4988
f 4949 4938 4934 4947
f 4933 4927 4930 4982
f 4937 4977 4926 4934
f 4897 4925 4976 4953
f 4900 4931 4927 4898
f 4932 4905 4907 4978
f 4935 4958 4904 4933
f 4911 4939 4925 4897
o fridge_enc_sideE
v 1.333500 0.001500 0.100000
v 1.333500 0.000000 0.101500
v 1.332000 0.001500 0.101500
v 1.333500 0.000439 0.100439
v 1.332634 0.000634 0.100634
v 1.332439 0.000439 0.101500
v 1.332439 0.001500 0.100439
v 1.333500 0.000000 2.448500
v 1.333500 0.001500 2.450000
v 1.332000 0.001500 2.448500
v 1.333500 0.000439 2.449561
v 1.332634 0.000634 2.449366
v 1.332439 0.001500 2.449561
v 1.332439 0.000439 2.448500
v 1.333500 0.648500 0.100000
v 1.332000 0.648500 0.101500
v 1.333500 0.650000 0.101500
v 1.332439 0.648500 0.100439
v 1.332634 0.649366 0.100634
v 1.332439 0.649561 0.101500
v 1.333500 0.649561 0.100439
v 1.333500 0.648500 2.450000
v 1.333500 0.650000 2.448500
v 1.332000 0.648500 2.448500
v 1.333500 0.649561 2.449561
v 1.332634 0.649366 2.449366
v 1.332439 0.649561 2.448500
v 1.332439 0.648500 2.449561
v 1.348500 0.001500 0.100000
v 1.350000 0.001500 0.101500
v 1.348500 0.000000 0.101500
v 1.349561 0.001500 0.100439
v 1.349366 0.000634 0.100634
v 1.349561 0.000439 0.101500
v 1.348500 0.000439 0.100439
v 1.348500 0.001500 2.450000
v 1.348500 0.000000 2.448500
v 1.350000 0.001500 2.448500
v 1.348500 0.000439 2.449561
v 1.349366 0.000634 2.449366
v 1.349561 0.000439 2.448500
v 1.349561 0.001500 2.449561
v 1.348500 0.648500 0.100000
v 1.348500 0.650000 0.101500
v 1.350000 0.648500 0.101500
v 1.348500 0.649561 0.100439
v 1.349366 0.649366 0.100634
v 1.349561 0.649561 0.101500
v 1.349561 0.648500 0.100439
v 1.348500 0.648500 2.450000
v 1.350000 0.648500 2.448500
v 1.348500 0.650000 2.448500
v 1.349561 0.648500 2.449561
v 1.349366 0.649366 2.449366
v 1.349561 0.649561 2.448500
v 1.348500 0.649561 2.449561
v 1.333500 0.000439 0.100439
v 1.332634 0.000634 0.100634
v 1.332634 0.000634 0.100634
v 1.332439 0.001500 0.100439
v 1.332439 0.000439 0.101500
v 1.333500 0.000439 2.449561
v 1.332634 0.000634 2.449366
v 1.332634 0.000634 2.449366
v 1.332439 0.000439 2.448500
v 1.332439 0.001500 2.449561
v 1.332439 0.648500 0.100439
v 1.332634 0.649366 0.100634
v 1.332634 0.649366 0.100634
v 1.333500 0.649561 0.100439
v 1.332439 0.649561 0.101500
v 1.333500 0.649561 2.449561
v 1.332634 0.649366 2.449366
v 1.332634 0.649366 2.449366
v 1.332439 0.648500 2.449561
v 1.332439 0.649561 2.448500
v 1.349561 0.001500 0.100439
v 1.349366 0.000634 0.100634
v 1.349366 0.000634 0.100634
v 1.348500 0.000439 0.100439
v 1.349561 0.000439 0.101500
v 1.348500 0.000439 2.449561
v 1.349366 0.000634 2.449366
v 1.349366 0.000634 2.449366
v 1.349561 0.001500 2.449561
v 1.349561 0.000439 2.448500
v 1.348500 0.649561 0.100439
v 1.349366 0.649366 0.100634
v 1.349366 0.649366 0.100634
v 1.349561 0.648500 0.100439
v 1.349561 0.649561 0.101500
v 1.349561 0.648500 2.449561
v 1.349366 0.649366 2.449366
v 1.349366 0.649366 2.449366
v 1.348500 0.649561 2.449561
v 1.349561 0.649561 2.448500
s 0
f 5023 5029 5000 4994
f 5037 5043 5030 5022
f 5042 5014 5001 5028
f 4995 5002 5016 5008
f 5009 5015 5044 5036
f 4993 5049 5050 5052
f 4994 5053 5051 4996
f 4995 4999 4997 4998
f 5000 5054 5055 5057
f 5001 5058 5056 5003
f 5002 5006 5004 5005
f 5007 5059 5060 5062
f 5008 5063 5061 5010
f 5009 5013 5011 5012
f 5014 5064 5065 5067
f 5015 5068 5066 5017
f 5016 5020 5018 5019
f 5021 5069 5070 5072
f 5022 5073 5071 5024
f 5023 5027 5025 5026
f 5028 5074 5075 5077
f 5029 5078 5076 5031
f 5030 5034 5032 5033
f 5035 5079 5080 5082
f 5036 5083 5081 5038
f 5037 5041 5039 5040
f 5042 5084 5085 5087
f 5043 5088 5086 5045
f 5044 5048 5046 5047
f 5007 4993 5052 5059
f 5010 4999 4995 5008
f 4994 5000 5057 5053
f 4998 5006 5002 4995
f 5001 5014 5067 5058
f 5005 5020 5016 5002
f 5015 5009 5012 5068
f 5019 5063 5008 5016
f 5035 5007 5062 5079
f 5038 5013 5009 5036
f 5014 5042 5087 5064
f 5017 5048 5044 5015
f 5043 5037 5040 5088
f 5047 5083 5036 5044
f 5021 5035 5082 5069
f 5024 5041 5037 5022
f 5042 5028 5077 5084
f 5045 5034 5030 5043
f 5029 5023 5026 5078
f 5033 5073 5022 5030
f 4993 5021 5072 5049
f 4996 5027 5023 4994
f 5028 5001 5003 5074
f 5031 5054 5000 5029
f 5007 5035 5021 4993
o fridge_enc_back
v 0.151500 0.001500 0.100000
v 0.151500 0.000000 0.101500
v 0.150000 0.001500 0.101500
v 0.151500 0.000439 0.100439
v 0.150634 0.000634 0.100634
v 0.150439 0.000439 0.101500
v 0.150439 0.001500 0.100439
v 0.151500 0.000000 2.448500
v 0.151500 0.001500 2.450000
v 0.150000 0.001500 2.448500
v 0.151500 0.000439 2.449561
v 0.150634 0.000634 2.449366
v 0.150439 0.001500 2.449561
v 0.150439 0.000439 2.448500
v 0.151500 0.010500 0.100000
v 0.150000 0.010500 0.101500
v 0.151500 0.012000 0.101500
v 0.150439 0.010500 0.100439
v 0.150634 0.011366 0.100634
v 0.150439 0.011561 0.101500
v 0.151500 0.011561 0.100439
v 0.151500 0.010500 2.450000
v 0.151500 0.012000 2.448500
v 0.150000 0.010500 2.448500
v 0.151500 0.011561 2.449561
v 0.150634 0.011366 2.449366
v 0.150439 0.011561 2.448500
v 0.150439 0.010500 2.449561
v 1.348500 0.001500 0.100000
v 1.350000 0.001500 0.101500
v 1.348500 0.000000 0.101500
v 1.349561 0.001500 0.100439
v 1.349366 0.000634 0.100634
v 1.349561 0.000439 0.101500
v 1.348500 0.000439 0.100439
v 1.348500 0.001500 2.450000
v 1.348500 0.000000 2.448500
v 1.350000 0.001500 2.448500
v 1.348500 0.000439 2.449561
v 1.349366 0.000634 2.449366
v 1.349561 0.000439 2.448500
v 1.349561 0.001500 2.449561
v 1.348500 0.010500 0.100000
v 1.348500 0.012000 0.101500
v 1.350000 0.010500 0.101500
v 1.348500 0.011561 0.100439
v 1.349366 0.011366 0.100634
v 1.349561 0.011561 0.101500
v 1.349561 0.010500 0.100439
v 1.348500 0.010500 2.450000
v 1.350000 0.010500 2.448500
v 1.348500 0.012000 2.448500
v 1.349561 0.010500 2.449561
v 1.349366 0.011366 2.449366
v 1.349561 0.011561 2.448500
v 1.348500 0.011561 2.449561
v 0.151500 0.000439 0.100439
v 0.150634 0.000634 0.100634
v 0.150634 0.000634 0.100634
v 0.150439 0.001500 0.100439
v 0.150439 0.000439 0.101500
v 0.151500 0.000439 2.449561
v 0.150634 0.000634 2.449366
v 0.150634 0.000634 2.449366
v 0.150439 0.000439 2.448500
v 0.150439 0.001500 2.449561
v 0.150439 0.010500 0.100439
v 0.150634 0.011366 0.100634
v 0.150634 0.011366 0.100634
v 0.151500 0.011561 0.100439
v 0.150439 0.011561 0.101500
v 0.151500 0.011561 2.449561
v 0.150634 0.011366 2.449366
v 0.150634 0.011366 2.449366
v 0.150439 0.010500 2.449561
v 0.150439 0.011561 2.448500
v 1.349561 0.001500 0.100439
v 1.349366 0.000634 0.100634
v 1.349366 0.000634 0.100634
v 1.348500 0.000439 0.100439
v 1.349561 0.000439 0.101500
v 1.348500 0.000439 2.449561
v 1.349366 0.000634 2.449366
v 1.349366 0.000634 2.449366
v 1.349561 0.001500 2.449561
v 1.349561 0.000439 2.448500
v 1.348500 0.011561 0.100439
v 1.349366 0.011366 0.100634
v 1.349366 0.011366 0.100634
v 1.349561 0.010500 0.100439
v 1.349561 0.011561 0.101500
v 1.349561 0.010500 2.449561
v 1.349366 0.011366 2.449366
v 1.349366 0.011366 2.449366
v 1.348500 0.011561 2.449561
v 1.349561 0.011561 2.448500
s 0
f 5119 5125 5096 5090
f 5133 5139 5126 5118
f 5138 5110 5097 5124
f 5091 5098 5112 5104
f 5105 5111 5140 5132
f 5089 5145 5146 5148
f 5090 5149 5147 5092
f 5091 5095 5093 5094
f 5096 5150 5151 5153
f 5097 5154 5152 5099
f 5098 5102 5100 5101
f 5103 5155 5156 5158
f 5104 5159 5157 5106
f 5105 5109 5107 5108
f 5110 5160 5161 5163
f 5111 5164 5162 5113
f 5112 5116 5114 5115
f 5117 5165 5166 5168
f 5118 5169 5167 5120
f 5119 5123 5121 5122
f 5124 5170 5171 5173
f 5125 5174 5172 5127
f 5126 5130 5128 5129
f 5131 5175 5176 5178
f 5132 5179 5177 5134
f 5133 5137 5135 5136
f 5138 5180 5181 5183
f 5139 5184 5182 5141
f 5140 5144 5142 5143
f 5103 5089 5148 5155
f 5106 5095 5091 5104
f 5090 5096 5153 5149
f 5094 5102 5098 5091
f 5097 5110 5163 5154
f 5101 5116 5112 5098
f 5111 5105 5108 5164
f 5115 5159 5104 5112
f 5131 5103 5158 5175
f 5134 5109 5105 5132
f 5110 5138 5183 5160
f 5113 5144 5140 5111
f 5139 5133 5136 5184
f 5143 5179 5132 5140
f 5117 5131 5178 5165
f 5120 5137 5133 5118
f 5138 5124 5173 5180
f 5141 5130 5126 5139
f 5125 5119 5122 5174
f 5129 5169 5118 5126
f 5089 5117 5168 5145
f 5092 5123 5119 5090
f 5124 5097 5099 5170
f 5127 5150 5096 5125
f 5103 5131 5117 5089
o srun_plinth
v 0.177000 0.052000 0.000000
v 0.177000 0.050000 0.002000
v 0.175000 0.052000 0.002000
v 0.177000 0.050586 0.000586
v 0.175845 0.050845 0.000845
v 0.175586 0.050586 0.002000
v 0.175586 0.052000 0.000586
v 0.177000 0.050000 0.098000
v 0.177000 0.052000 0.100000
v 0.175000 0.052000 0.098000
v 0.177000 0.050586 0.099414
v 0.175845 0.050845 0.099155
v 0.175586 0.052000 0.099414
v 0.175586 0.050586 0.098000
v 0.177000 0.648000 0.000000
v 0.175000 0.648000 0.002000
v 0.177000 0.650000 0.002000
v 0.175586 0.648000 0.000586
v 0.175845 0.649155 0.000845
v 0.175586 0.649414 0.002000
v 0.177000 0.649414 0.000586
v 0.177000 0.648000 0.100000
v 0.177000 0.650000 0.098000
v 0.175000 0.648000 0.098000
v 0.177000 0.649414 0.099414
v 0.175845 0.649155 0.099155
v 0.175586 0.649414 0.098000
v 0.175586 0.648000 0.099414
v 2.223000 0.052000 0.000000
v 2.225000 0.052000 0.002000
v 2.223000 0.050000 0.002000
v 2.224414 0.052000 0.000586
v 2.224155 0.050845 0.000845
v 2.224414 0.050586 0.002000
v 2.223000 0.050586 0.000586
v 2.223000 0.052000 0.100000
v 2.223000 0.050000 0.098000
v 2.225000 0.052000 0.098000
v 2.223000 0.050586 0.099414
v 2.224155 0.050845 0.099155
v 2.224414 0.050586 0.098000
v 2.224414 0.052000 0.099414
v 2.223000 0.648000 0.000000
v 2.223000 0.650000 0.002000
v 2.225000 0.648000 0.002000
v 2.223000 0.649414 0.000586
v 2.224155 0.649155 0.000845
v 2.224414 0.649414 0.002000
v 2.224414 0.648000 0.000586
v 2.223000 0.648000 0.100000
v 2.225000 0.648000 0.098000
v 2.223000 0.650000 0.098000
v 2.224414 0.648000 0.099414
v 2.224155 0.649155 0.099155
v 2.224414 0.649414 0.098000
v 2.223000 0.649414 0.099414
v 0.177000 0.050586 0.000586
v 0.175845 0.050845 0.000845
v 0.175845 0.050845 0.000845
v 0.175586 0.052000 0.000586
v 0.175586 0.050586 0.002000
v 0.177000 0.050586 0.099414
v 0.175845 0.050845 0.099155
v 0.175845 0.050845 0.099155
v 0.175586 0.050586 0.098000
v 0.175586 0.052000 0.099414
v 0.175586 0.648000 0.000586
v 0.175845 0.649155 0.000845
v 0.175845 0.649155 0.000845
v 0.177000 0.649414 0.000586
v 0.175586 0.649414 0.002000
v 0.177000 0.649414 0.099414
v 0.175845 0.649155 0.099155
v 0.175845 0.649155 0.099155
v 0.175586 0.648000 0.099414
v 0.175586 0.649414 0.098000
v 2.224414 0.052000 0.000586
v 2.224155 0.050845 0.000845
v 2.224155 0.050845 0.000845
v 2.223000 0.050586 0.000586
v 2.224414 0.050586 0.002000
v 2.223000 0.050586 0.099414
v 2.224155 0.050845 0.099155
v 2.224155 0.050845 0.099155
v 2.224414 0.052000 0.099414
v 2.224414 0.050586 0.098000
v 2.223000 0.649414 0.000586
v 2.224155 0.649155 0.000845
v 2.224155 0.649155 0.000845
v 2.224414 0.648000 0.000586
v 2.224414 0.649414 0.002000
v 2.224414 0.648000 0.099414
v 2.224155 0.649155 0.099155
v 2.224155 0.649155 0.099155
v 2.223000 0.649414 0.099414
v 2.224414 0.649414 0.098000
s 0
f 5215 5221 5192 5186
f 5229 5235 5222 5214
f 5234 5206 5193 5220
f 5187 5194 5208 5200
f 5201 5207 5236 5228
f 5185 5241 5242 5244
f 5186 5245 5243 5188
f 5187 5191 5189 5190
f 5192 5246 5247 5249
f 5193 5250 5248 5195
f 5194 5198 5196 5197
f 5199 5251 5252 5254
f 5200 5255 5253 5202
f 5201 5205 5203 5204
f 5206 5256 5257 5259
f 5207 5260 5258 5209
f 5208 5212 5210 5211
f 5213 5261 5262 5264
f 5214 5265 5263 5216
f 5215 5219 5217 5218
f 5220 5266 5267 5269
f 5221 5270 5268 5223
f 5222 5226 5224 5225
f 5227 5271 5272 5274
f 5228 5275 5273 5230
f 5229 5233 5231 5232
f 5234 5276 5277 5279
f 5235 5280 5278 5237
f 5236 5240 5238 5239
f 5199 5185 5244 5251
f 5202 5191 5187 5200
f 5186 5192 5249 5245
f 5190 5198 5194 5187
f 5193 5206 5259 5250
f 5197 5212 5208 5194
f 5207 5201 5204 5260
f 5211 5255 5200 5208
f 5227 5199 5254 5271
f 5230 5205 5201 5228
f 5206 5234 5279 5256
f 5209 5240 5236 5207
f 5235 5229 5232 5280
f 5239 5275 5228 5236
f 5213 5227 5274 5261
f 5216 5233 5229 5214
f 5234 5220 5269 5276
f 5237 5226 5222 5235
f 5221 5215 5218 5270
f 5225 5265 5214 5222
f 5185 5213 5264 5241
f 5188 5219 5215 5186
f 5220 5193 5195 5266
f 5223 5246 5192 5221
f 5199 5227 5213 5185
o tall_cab_top
v 1.351500 0.001500 2.432000
v 1.351500 0.000000 2.433500
v 1.350000 0.001500 2.433500
v 1.351500 0.000439 2.432439
v 1.350634 0.000634 2.432634
v 1.350439 0.000439 2.433500
v 1.350439 0.001500 2.432439
v 1.351500 0.000000 2.448500
v 1.351500 0.001500 2.450000
v 1.350000 0.001500 2.448500
v 1.351500 0.000439 2.449561
v 1.350634 0.000634 2.449366
v 1.350439 0.001500 2.449561
v 1.350439 0.000439 2.448500
v 1.351500 0.648500 2.432000
v 1.350000 0.648500 2.433500
v 1.351500 0.650000 2.433500
v 1.350439 0.648500 2.432439
v 1.350634 0.649366 2.432634
v 1.350439 0.649561 2.433500
v 1.351500 0.649561 2.432439
v 1.351500 0.648500 2.450000
v 1.351500 0.650000 2.448500
v 1.350000 0.648500 2.448500
v 1.351500 0.649561 2.449561
v 1.350634 0.649366 2.449366
v 1.350439 0.649561 2.448500
v 1.350439 0.648500 2.449561
v 2.248500 0.001500 2.432000
v 2.250000 0.001500 2.433500
v 2.248500 0.000000 2.433500
v 2.249561 0.001500 2.432439
v 2.249366 0.000634 2.432634
v 2.249561 0.000439 2.433500
v 2.248500 0.000439 2.432439
v 2.248500 0.001500 2.450000
v 2.248500 0.000000 2.448500
v 2.250000 0.001500 2.448500
v 2.248500 0.000439 2.449561
v 2.249366 0.000634 2.449366
v 2.249561 0.000439 2.448500
v 2.249561 0.001500 2.449561
v 2.248500 0.648500 2.432000
v 2.248500 0.650000 2.433500
v 2.250000 0.648500 2.433500
v 2.248500 0.649561 2.432439
v 2.249366 0.649366 2.432634
v 2.249561 0.649561 2.433500
v 2.249561 0.648500 2.432439
v 2.248500 0.648500 2.450000
v 2.250000 0.648500 2.448500
v 2.248500 0.650000 2.448500
v 2.249561 0.648500 2.449561
v 2.249366 0.649366 2.449366
v 2.249561 0.649561 2.448500
v 2.248500 0.649561 2.449561
v 1.351500 0.000439 2.432439
v 1.350634 0.000634 2.432634
v 1.350634 0.000634 2.432634
v 1.350439 0.001500 2.432439
v 1.350439 0.000439 2.433500
v 1.351500 0.000439 2.449561
v 1.350634 0.000634 2.449366
v 1.350634 0.000634 2.449366
v 1.350439 0.000439 2.448500
v 1.350439 0.001500 2.449561
v 1.350439 0.648500 2.432439
v 1.350634 0.649366 2.432634
v 1.350634 0.649366 2.432634
v 1.351500 0.649561 2.432439
v 1.350439 0.649561 2.433500
v 1.351500 0.649561 2.449561
v 1.350634 0.649366 2.449366
v 1.350634 0.649366 2.449366
v 1.350439 0.648500 2.449561
v 1.350439 0.649561 2.448500
v 2.249561 0.001500 2.432439
v 2.249366 0.000634 2.432634
v 2.249366 0.000634 2.432634
v 2.248500 0.000439 2.432439
v 2.249561 0.000439 2.433500
v 2.248500 0.000439 2.449561
v 2.249366 0.000634 2.449366
v 2.249366 0.000634 2.449366
v 2.249561 0.001500 2.449561
v 2.249561 0.000439 2.448500
v 2.248500 0.649561 2.432439
v 2.249366 0.649366 2.432634
v 2.249366 0.649366 2.432634
v 2.249561 0.648500 2.432439
v 2.249561 0.649561 2.433500
v 2.249561 0.648500 2.449561
v 2.249366 0.649366 2.449366
v 2.249366 0.649366 2.449366
v 2.248500 0.649561 2.449561
v 2.249561 0.649561 2.448500
s 0
f 5311 5317 5288 5282
f 5325 5331 5318 5310
f 5330 5302 5289 5316
f 5283 5290 5304 5296
f 5297 5303 5332 5324
f 5281 5337 5338 5340
f 5282 5341 5339 5284
f 5283 5287 5285 5286
f 5288 5342 5343 5345
f 5289 5346 5344 5291
f 5290 5294 5292 5293
f 5295 5347 5348 5350
f 5296 5351 5349 5298
f 5297 5301 5299 5300
f 5302 5352 5353 5355
f 5303 5356 5354 5305
f 5304 5308 5306 5307
f 5309 5357 5358 5360
f 5310 5361 5359 5312
f 5311 5315 5313 5314
f 5316 5362 5363 5365
f 5317 5366 5364 5319
f 5318 5322 5320 5321
f 5323 5367 5368 5370
f 5324 5371 5369 5326
f 5325 5329 5327 5328
f 5330 5372 5373 5375
f 5331 5376 5374 5333
f 5332 5336 5334 5335
f 5295 5281 5340 5347
f 5298 5287 5283 5296
f 5282 5288 5345 5341
f 5286 5294 5290 5283
f 5289 5302 5355 5346
f 5293 5308 5304 5290
f 5303 5297 5300 5356
f 5307 5351 5296 5304
f 5323 5295 5350 5367
f 5326 5301 5297 5324
f 5302 5330 5375 5352
f 5305 5336 5332 5303
f 5331 5325 5328 5376
f 5335 5371 5324 5332
f 5309 5323 5370 5357
f 5312 5329 5325 5310
f 5330 5316 5365 5372
f 5333 5322 5318 5331
f 5317 5311 5314 5366
f 5321 5361 5310 5318
f 5281 5309 5360 5337
f 5284 5315 5311 5282
f 5316 5289 5291 5362
f 5319 5342 5288 5317
f 5295 5323 5309 5281
o tall_cab_bot
v 1.351500 0.001500 0.100000
v 1.351500 0.000000 0.101500
v 1.350000 0.001500 0.101500
v 1.351500 0.000439 0.100439
v 1.350634 0.000634 0.100634
v 1.350439 0.000439 0.101500
v 1.350439 0.001500 0.100439
v 1.351500 0.000000 0.116500
v 1.351500 0.001500 0.118000
v 1.350000 0.001500 0.116500
v 1.351500 0.000439 0.117561
v 1.350634 0.000634 0.117366
v 1.350439 0.001500 0.117561
v 1.350439 0.000439 0.116500
v 1.351500 0.648500 0.100000
v 1.350000 0.648500 0.101500
v 1.351500 0.650000 0.101500
v 1.350439 0.648500 0.100439
v 1.350634 0.649366 0.100634
v 1.350439 0.649561 0.101500
v 1.351500 0.649561 0.100439
v 1.351500 0.648500 0.118000
v 1.351500 0.650000 0.116500
v 1.350000 0.648500 0.116500
v 1.351500 0.649561 0.117561
v 1.350634 0.649366 0.117366
v 1.350439 0.649561 0.116500
v 1.350439 0.648500 0.117561
v 2.248500 0.001500 0.100000
v 2.250000 0.001500 0.101500
v 2.248500 0.000000 0.101500
v 2.249561 0.001500 0.100439
v 2.249366 0.000634 0.100634
v 2.249561 0.000439 0.101500
v 2.248500 0.000439 0.100439
v 2.248500 0.001500 0.118000
v 2.248500 0.000000 0.116500
v 2.250000 0.001500 0.116500
v 2.248500 0.000439 0.117561
v 2.249366 0.000634 0.117366
v 2.249561 0.000439 0.116500
v 2.249561 0.001500 0.117561
v 2.248500 0.648500 0.100000
v 2.248500 0.650000 0.101500
v 2.250000 0.648500 0.101500
v 2.248500 0.649561 0.100439
v 2.249366 0.649366 0.100634
v 2.249561 0.649561 0.101500
v 2.249561 0.648500 0.100439
v 2.248500 0.648500 0.118000
v 2.250000 0.648500 0.116500
v 2.248500 0.650000 0.116500
v 2.249561 0.648500 0.117561
v 2.249366 0.649366 0.117366
v 2.249561 0.649561 0.116500
v 2.248500 0.649561 0.117561
v 1.351500 0.000439 0.100439
v 1.350634 0.000634 0.100634
v 1.350634 0.000634 0.100634
v 1.350439 0.001500 0.100439
v 1.350439 0.000439 0.101500
v 1.351500 0.000439 0.117561
v 1.350634 0.000634 0.117366
v 1.350634 0.000634 0.117366
v 1.350439 0.000439 0.116500
v 1.350439 0.001500 0.117561
v 1.350439 0.648500 0.100439
v 1.350634 0.649366 0.100634
v 1.350634 0.649366 0.100634
v 1.351500 0.649561 0.100439
v 1.350439 0.649561 0.101500
v 1.351500 0.649561 0.117561
v 1.350634 0.649366 0.117366
v 1.350634 0.649366 0.117366
v 1.350439 0.648500 0.117561
v 1.350439 0.649561 0.116500
v 2.249561 0.001500 0.100439
v 2.249366 0.000634 0.100634
v 2.249366 0.000634 0.100634
v 2.248500 0.000439 0.100439
v 2.249561 0.000439 0.101500
v 2.248500 0.000439 0.117561
v 2.249366 0.000634 0.117366
v 2.249366 0.000634 0.117366
v 2.249561 0.001500 0.117561
v 2.249561 0.000439 0.116500
v 2.248500 0.649561 0.100439
v 2.249366 0.649366 0.100634
v 2.249366 0.649366 0.100634
v 2.249561 0.648500 0.100439
v 2.249561 0.649561 0.101500
v 2.249561 0.648500 0.117561
v 2.249366 0.649366 0.117366
v 2.249366 0.649366 0.117366
v 2.248500 0.649561 0.117561
v 2.249561 0.649561 0.116500
s 0
f 5407 5413 5384 5378
f 5421 5427 5414 5406
f 5426 5398 5385 5412
f 5379 5386 5400 5392
f 5393 5399 5428 5420
f 5377 5433 5434 5436
f 5378 5437 5435 5380
f 5379 5383 5381 5382
f 5384 5438 5439 5441
f 5385 5442 5440 5387
f 5386 5390 5388 5389
f 5391 5443 5444 5446
f 5392 5447 5445 5394
f 5393 5397 5395 5396
f 5398 5448 5449 5451
f 5399 5452 5450 5401
f 5400 5404 5402 5403
f 5405 5453 5454 5456
f 5406 5457 5455 5408
f 5407 5411 5409 5410
f 5412 5458 5459 5461
f 5413 5462 5460 5415
f 5414 5418 5416 5417
f 5419 5463 5464 5466
f 5420 5467 5465 5422
f 5421 5425 5423 5424
f 5426 5468 5469 5471
f 5427 5472 5470 5429
f 5428 5432 5430 5431
f 5391 5377 5436 5443
f 5394 5383 5379 5392
f 5378 5384 5441 5437
f 5382 5390 5386 5379
f 5385 5398 5451 5442
f 5389 5404 5400 5386
f 5399 5393 5396 5452
f 5403 5447 5392 5400
f 5419 5391 5446 5463
f 5422 5397 5393 5420
f 5398 5426 5471 5448
f 5401 5432 5428 5399
f 5427 5421 5424 5472
f 5431 5467 5420 5428
f 5405 5419 5466 5453
f 5408 5425 5421 5406
f 5426 5412 5461 5468
f 5429 5418 5414 5427
f 5413 5407 5410 5462
f 5417 5457 5406 5414
f 5377 5405 5456 5433
f 5380 5411 5407 5378
f 5412 5385 5387 5458
f 5415 5438 5384 5413
f 5391 5419 5405 5377
o tall_cab_sideW
v 1.351500 0.001500 0.100000
v 1.351500 0.000000 0.101500
v 1.350000 0.001500 0.101500
v 1.351500 0.000439 0.100439
v 1.350634 0.000634 0.100634
v 1.350439 0.000439 0.101500
v 1.350439 0.001500 0.100439
v 1.351500 0.000000 2.448500
v 1.351500 0.001500 2.450000
v 1.350000 0.001500 2.448500
v 1.351500 0.000439 2.449561
v 1.350634 0.000634 2.449366
v 1.350439 0.001500 2.449561
v 1.350439 0.000439 2.448500
v 1.351500 0.648500 0.100000
v 1.350000 0.648500 0.101500
v 1.351500 0.650000 0.101500
v 1.350439 0.648500 0.100439
v 1.350634 0.649366 0.100634
v 1.350439 0.649561 0.101500
v 1.351500 0.649561 0.100439
v 1.351500 0.648500 2.450000
v 1.351500 0.650000 2.448500
v 1.350000 0.648500 2.448500
v 1.351500 0.649561 2.449561
v 1.350634 0.649366 2.449366
v 1.350439 0.649561 2.448500
v 1.350439 0.648500 2.449561
v 1.366500 0.001500 0.100000
v 1.368000 0.001500 0.101500
v 1.366500 0.000000 0.101500
v 1.367561 0.001500 0.100439
v 1.367366 0.000634 0.100634
v 1.367561 0.000439 0.101500
v 1.366500 0.000439 0.100439
v 1.366500 0.001500 2.450000
v 1.366500 0.000000 2.448500
v 1.368000 0.001500 2.448500
v 1.366500 0.000439 2.449561
v 1.367366 0.000634 2.449366
v 1.367561 0.000439 2.448500
v 1.367561 0.001500 2.449561
v 1.366500 0.648500 0.100000
v 1.366500 0.650000 0.101500
v 1.368000 0.648500 0.101500
v 1.366500 0.649561 0.100439
v 1.367366 0.649366 0.100634
v 1.367561 0.649561 0.101500
v 1.367561 0.648500 0.100439
v 1.366500 0.648500 2.450000
v 1.368000 0.648500 2.448500
v 1.366500 0.650000 2.448500
v 1.367561 0.648500 2.449561
v 1.367366 0.649366 2.449366
v 1.367561 0.649561 2.448500
v 1.366500 0.649561 2.449561
v 1.351500 0.000439 0.100439
v 1.350634 0.000634 0.100634
v 1.350634 0.000634 0.100634
v 1.350439 0.001500 0.100439
v 1.350439 0.000439 0.101500
v 1.351500 0.000439 2.449561
v 1.350634 0.000634 2.449366
v 1.350634 0.000634 2.449366
v 1.350439 0.000439 2.448500
v 1.350439 0.001500 2.449561
v 1.350439 0.648500 0.100439
v 1.350634 0.649366 0.100634
v 1.350634 0.649366 0.100634
v 1.351500 0.649561 0.100439
v 1.350439 0.649561 0.101500
v 1.351500 0.649561 2.449561
v 1.350634 0.649366 2.449366
v 1.350634 0.649366 2.449366
v 1.350439 0.648500 2.449561
v 1.350439 0.649561 2.448500
v 1.367561 0.001500 0.100439
v 1.367366 0.000634 0.100634
v 1.367366 0.000634 0.100634
v 1.366500 0.000439 0.100439
v 1.367561 0.000439 0.101500
v 1.366500 0.000439 2.449561
v 1.367366 0.000634 2.449366
v 1.367366 0.000634 2.449366
v 1.367561 0.001500 2.449561
v 1.367561 0.000439 2.448500
v 1.366500 0.649561 0.100439
v 1.367366 0.649366 0.100634
v 1.367366 0.649366 0.100634
v 1.367561 0.648500 0.100439
v 1.367561 0.649561 0.101500
v 1.367561 0.648500 2.449561
v 1.367366 0.649366 2.449366
v 1.367366 0.649366 2.449366
v 1.366500 0.649561 2.449561
v 1.367561 0.649561 2.448500
s 0
f 5503 5509 5480 5474
f 5517 5523 5510 5502
f 5522 5494 5481 5508
f 5475 5482 5496 5488
f 5489 5495 5524 5516
f 5473 5529 5530 5532
f 5474 5533 5531 5476
f 5475 5479 5477 5478
f 5480 5534 5535 5537
f 5481 5538 5536 5483
f 5482 5486 5484 5485
f 5487 5539 5540 5542
f 5488 5543 5541 5490
f 5489 5493 5491 5492
f 5494 5544 5545 5547
f 5495 5548 5546 5497
f 5496 5500 5498 5499
f 5501 5549 5550 5552
f 5502 5553 5551 5504
f 5503 5507 5505 5506
f 5508 5554 5555 5557
f 5509 5558 5556 5511
f 5510 5514 5512 5513
f 5515 5559 5560 5562
f 5516 5563 5561 5518
f 5517 5521 5519 5520
f 5522 5564 5565 5567
f 5523 5568 5566 5525
f 5524 5528 5526 5527
f 5487 5473 5532 5539
f 5490 5479 5475 5488
f 5474 5480 5537 5533
f 5478 5486 5482 5475
f 5481 5494 5547 5538
f 5485 5500 5496 5482
f 5495 5489 5492 5548
f 5499 5543 5488 5496
f 5515 5487 5542 5559
f 5518 5493 5489 5516
f 5494 5522 5567 5544
f 5497 5528 5524 5495
f 5523 5517 5520 5568
f 5527 5563 5516 5524
f 5501 5515 5562 5549
f 5504 5521 5517 5502
f 5522 5508 5557 5564
f 5525 5514 5510 5523
f 5509 5503 5506 5558
f 5513 5553 5502 5510
f 5473 5501 5552 5529
f 5476 5507 5503 5474
f 5508 5481 5483 5554
f 5511 5534 5480 5509
f 5487 5515 5501 5473
o tall_cab_sideE
v 2.233500 0.001500 0.100000
v 2.233500 0.000000 0.101500
v 2.232000 0.001500 0.101500
v 2.233500 0.000439 0.100439
v 2.232634 0.000634 0.100634
v 2.232439 0.000439 0.101500
v 2.232439 0.001500 0.100439
v 2.233500 0.000000 2.448500
v 2.233500 0.001500 2.450000
v 2.232000 0.001500 2.448500
v 2.233500 0.000439 2.449561
v 2.232634 0.000634 2.449366
v 2.232439 0.001500 2.449561
v 2.232439 0.000439 2.448500
v 2.233500 0.648500 0.100000
v 2.232000 0.648500 0.101500
v 2.233500 0.650000 0.101500
v 2.232439 0.648500 0.100439
v 2.232634 0.649366 0.100634
v 2.232439 0.649561 0.101500
v 2.233500 0.649561 0.100439
v 2.233500 0.648500 2.450000
v 2.233500 0.650000 2.448500
v 2.232000 0.648500 2.448500
v 2.233500 0.649561 2.449561
v 2.232634 0.649366 2.449366
v 2.232439 0.649561 2.448500
v 2.232439 0.648500 2.449561
v 2.248500 0.001500 0.100000
v 2.250000 0.001500 0.101500
v 2.248500 0.000000 0.101500
v 2.249561 0.001500 0.100439
v 2.249366 0.000634 0.100634
v 2.249561 0.000439 0.101500
v 2.248500 0.000439 0.100439
v 2.248500 0.001500 2.450000
v 2.248500 0.000000 2.448500
v 2.250000 0.001500 2.448500
v 2.248500 0.000439 2.449561
v 2.249366 0.000634 2.449366
v 2.249561 0.000439 2.448500
v 2.249561 0.001500 2.449561
v 2.248500 0.648500 0.100000
v 2.248500 0.650000 0.101500
v 2.250000 0.648500 0.101500
v 2.248500 0.649561 0.100439
v 2.249366 0.649366 0.100634
v 2.249561 0.649561 0.101500
v 2.249561 0.648500 0.100439
v 2.248500 0.648500 2.450000
v 2.250000 0.648500 2.448500
v 2.248500 0.650000 2.448500
v 2.249561 0.648500 2.449561
v 2.249366 0.649366 2.449366
v 2.249561 0.649561 2.448500
v 2.248500 0.649561 2.449561
v 2.233500 0.000439 0.100439
v 2.232634 0.000634 0.100634
v 2.232634 0.000634 0.100634
v 2.232439 0.001500 0.100439
v 2.232439 0.000439 0.101500
v 2.233500 0.000439 2.449561
v 2.232634 0.000634 2.449366
v 2.232634 0.000634 2.449366
v 2.232439 0.000439 2.448500
v 2.232439 0.001500 2.449561
v 2.232439 0.648500 0.100439
v 2.232634 0.649366 0.100634
v 2.232634 0.649366 0.100634
v 2.233500 0.649561 0.100439
v 2.232439 0.649561 0.101500
v 2.233500 0.649561 2.449561
v 2.232634 0.649366 2.449366
v 2.232634 0.649366 2.449366
v 2.232439 0.648500 2.449561
v 2.232439 0.649561 2.448500
v 2.249561 0.001500 0.100439
v 2.249366 0.000634 0.100634
v 2.249366 0.000634 0.100634
v 2.248500 0.000439 0.100439
v 2.249561 0.000439 0.101500
v 2.248500 0.000439 2.449561
v 2.249366 0.000634 2.449366
v 2.249366 0.000634 2.449366
v 2.249561 0.001500 2.449561
v 2.249561 0.000439 2.448500
v 2.248500 0.649561 0.100439
v 2.249366 0.649366 0.100634
v 2.249366 0.649366 0.100634
v 2.249561 0.648500 0.100439
v 2.249561 0.649561 0.101500
v 2.249561 0.648500 2.449561
v 2.249366 0.649366 2.449366
v 2.249366 0.649366 2.449366
v 2.248500 0.649561 2.449561
v 2.249561 0.649561 2.448500
s 0
f 5599 5605 5576 5570
f 5613 5619 5606 5598
f 5618 5590 5577 5604
f 5571 5578 5592 5584
f 5585 5591 5620 5612
f 5569 5625 5626 5628
f 5570 5629 5627 5572
f 5571 5575 5573 5574
f 5576 5630 5631 5633
f 5577 5634 5632 5579
f 5578 5582 5580 5581
f 5583 5635 5636 5638
f 5584 5639 5637 5586
f 5585 5589 5587 5588
f 5590 5640 5641 5643
f 5591 5644 5642 5593
f 5592 5596 5594 5595
f 5597 5645 5646 5648
f 5598 5649 5647 5600
f 5599 5603 5601 5602
f 5604 5650 5651 5653
f 5605 5654 5652 5607
f 5606 5610 5608 5609
f 5611 5655 5656 5658
f 5612 5659 5657 5614
f 5613 5617 5615 5616
f 5618 5660 5661 5663
f 5619 5664 5662 5621
f 5620 5624 5622 5623
f 5583 5569 5628 5635
f 5586 5575 5571 5584
f 5570 5576 5633 5629
f 5574 5582 5578 5571
f 5577 5590 5643 5634
f 5581 5596 5592 5578
f 5591 5585 5588 5644
f 5595 5639 5584 5592
f 5611 5583 5638 5655
f 5614 5589 5585 5612
f 5590 5618 5663 5640
f 5593 5624 5620 5591
f 5619 5613 5616 5664
f 5623 5659 5612 5620
f 5597 5611 5658 5645
f 5600 5617 5613 5598
f 5618 5604 5653 5660
f 5621 5610 5606 5619
f 5605 5599 5602 5654
f 5609 5649 5598 5606
f 5569 5597 5648 5625
f 5572 5603 5599 5570
f 5604 5577 5579 5650
f 5607 5630 5576 5605
f 5583 5611 5597 5569
o tall_cab_back
v 1.351500 0.001500 0.100000
v 1.351500 0.000000 0.101500
v 1.350000 0.001500 0.101500
v 1.351500 0.000439 0.100439
v 1.350634 0.000634 0.100634
v 1.350439 0.000439 0.101500
v 1.350439 0.001500 0.100439
v 1.351500 0.000000 2.448500
v 1.351500 0.001500 2.450000
v 1.350000 0.001500 2.448500
v 1.351500 0.000439 2.449561
v 1.350634 0.000634 2.449366
v 1.350439 0.001500 2.449561
v 1.350439 0.000439 2.448500
v 1.351500 0.010500 0.100000
v 1.350000 0.010500 0.101500
v 1.351500 0.012000 0.101500
v 1.350439 0.010500 0.100439
v 1.350634 0.011366 0.100634
v 1.350439 0.011561 0.101500
v 1.351500 0.011561 0.100439
v 1.351500 0.010500 2.450000
v 1.351500 0.012000 2.448500
v 1.350000 0.010500 2.448500
v 1.351500 0.011561 2.449561
v 1.350634 0.011366 2.449366
v 1.350439 0.011561 2.448500
v 1.350439 0.010500 2.449561
v 2.248500 0.001500 0.100000
v 2.250000 0.001500 0.101500
v 2.248500 0.000000 0.101500
v 2.249561 0.001500 0.100439
v 2.249366 0.000634 0.100634
v 2.249561 0.000439 0.101500
v 2.248500 0.000439 0.100439
v 2.248500 0.001500 2.450000
v 2.248500 0.000000 2.448500
v 2.250000 0.001500 2.448500
v 2.248500 0.000439 2.449561
v 2.249366 0.000634 2.449366
v 2.249561 0.000439 2.448500
v 2.249561 0.001500 2.449561
v 2.248500 0.010500 0.100000
v 2.248500 0.012000 0.101500
v 2.250000 0.010500 0.101500
v 2.248500 0.011561 0.100439
v 2.249366 0.011366 0.100634
v 2.249561 0.011561 0.101500
v 2.249561 0.010500 0.100439
v 2.248500 0.010500 2.450000
v 2.250000 0.010500 2.448500
v 2.248500 0.012000 2.448500
v 2.249561 0.010500 2.449561
v 2.249366 0.011366 2.449366
v 2.249561 0.011561 2.448500
v 2.248500 0.011561 2.449561
v 1.351500 0.000439 0.100439
v 1.350634 0.000634 0.100634
v 1.350634 0.000634 0.100634
v 1.350439 0.001500 0.100439
v 1.350439 0.000439 0.101500
v 1.351500 0.000439 2.449561
v 1.350634 0.000634 2.449366
v 1.350634 0.000634 2.449366
v 1.350439 0.000439 2.448500
v 1.350439 0.001500 2.449561
v 1.350439 0.010500 0.100439
v 1.350634 0.011366 0.100634
v 1.350634 0.011366 0.100634
v 1.351500 0.011561 0.100439
v 1.350439 0.011561 0.101500
v 1.351500 0.011561 2.449561
v 1.350634 0.011366 2.449366
v 1.350634 0.011366 2.449366
v 1.350439 0.010500 2.449561
v 1.350439 0.011561 2.448500
v 2.249561 0.001500 0.100439
v 2.249366 0.000634 0.100634
v 2.249366 0.000634 0.100634
v 2.248500 0.000439 0.100439
v 2.249561 0.000439 0.101500
v 2.248500 0.000439 2.449561
v 2.249366 0.000634 2.449366
v 2.249366 0.000634 2.449366
v 2.249561 0.001500 2.449561
v 2.249561 0.000439 2.448500
v 2.248500 0.011561 0.100439
v 2.249366 0.011366 0.100634
v 2.249366 0.011366 0.100634
v 2.249561 0.010500 0.100439
v 2.249561 0.011561 0.101500
v 2.249561 0.010500 2.449561
v 2.249366 0.011366 2.449366
v 2.249366 0.011366 2.449366
v 2.248500 0.011561 2.449561
v 2.249561 0.011561 2.448500
s 0
f 5695 5701 5672 5666
f 5709 5715 5702 5694
f 5714 5686 5673 5700
f 5667 5674 5688 5680
f 5681 5687 5716 5708
f 5665 5721 5722 5724
f 5666 5725 5723 5668
f 5667 5671 5669 5670
f 5672 5726 5727 5729
f 5673 5730 5728 5675
f 5674 5678 5676 5677
f 5679 5731 5732 5734
f 5680 5735 5733 5682
f 5681 5685 5683 5684
f 5686 5736 5737 5739
f 5687 5740 5738 5689
f 5688 5692 5690 5691
f 5693 5741 5742 5744
f 5694 5745 5743 5696
f 5695 5699 5697 5698
f 5700 5746 5747 5749
f 5701 5750 5748 5703
f 5702 5706 5704 5705
f 5707 5751 5752 5754
f 5708 5755 5753 5710
f 5709 5713 5711 5712
f 5714 5756 5757 5759
f 5715 5760 5758 5717
f 5716 5720 5718 5719
f 5679 5665 5724 5731
f 5682 5671 5667 5680
f 5666 5672 5729 5725
f 5670 5678 5674 5667
f 5673 5686 5739 5730
f 5677 5692 5688 5674
f 5687 5681 5684 5740
f 5691 5735 5680 5688
f 5707 5679 5734 5751
f 5710 5685 5681 5708
f 5686 5714 5759 5736
f 5689 5720 5716 5687
f 5715 5709 5712 5760
f 5719 5755 5708 5716
f 5693 5707 5754 5741
f 5696 5713 5709 5694
f 5714 5700 5749 5756
f 5717 5706 5702 5715
f 5701 5695 5698 5750
f 5705 5745 5694 5702
f 5665 5693 5744 5721
f 5668 5699 5695 5666
f 5700 5673 5675 5746
f 5703 5726 5672 5701
f 5679 5707 5693 5665
o tall_shelf_0
v 1.361000 0.031000 0.541000
v 1.361000 0.030000 0.542000
v 1.360000 0.031000 0.542000
v 1.361000 0.030293 0.541293
v 1.360423 0.030423 0.541423
v 1.360293 0.030293 0.542000
v 1.360293 0.031000 0.541293
v 1.361000 0.030000 0.558000
v 1.361000 0.031000 0.559000
v 1.360000 0.031000 0.558000
v 1.361000 0.030293 0.558707
v 1.360423 0.030423 0.558577
v 1.360293 0.031000 0.558707
v 1.360293 0.030293 0.558000
v 1.361000 0.619000 0.541000
v 1.360000 0.619000 0.542000
v 1.361000 0.620000 0.542000
v 1.360293 0.619000 0.541293
v 1.360423 0.619577 0.541423
v 1.360293 0.619707 0.542000
v 1.361000 0.619707 0.541293
v 1.361000 0.619000 0.559000
v 1.361000 0.620000 0.558000
v 1.360000 0.619000 0.558000
v 1.361000 0.619707 0.558707
v 1.360423 0.619577 0.558577
v 1.360293 0.619707 0.558000
v 1.360293 0.619000 0.558707
v 2.239000 0.031000 0.541000
v 2.240000 0.031000 0.542000
v 2.239000 0.030000 0.542000
v 2.239707 0.031000 0.541293
v 2.239577 0.030423 0.541423
v 2.239707 0.030293 0.542000
v 2.239000 0.030293 0.541293
v 2.239000 0.031000 0.559000
v 2.239000 0.030000 0.558000
v 2.240000 0.031000 0.558000
v 2.239000 0.030293 0.558707
v 2.239577 0.030423 0.558577
v 2.239707 0.030293 0.558000
v 2.239707 0.031000 0.558707
v 2.239000 0.619000 0.541000
v 2.239000 0.620000 0.542000
v 2.240000 0.619000 0.542000
v 2.239000 0.619707 0.541293
v 2.239577 0.619577 0.541423
v 2.239707 0.619707 0.542000
v 2.239707 0.619000 0.541293
v 2.239000 0.619000 0.559000
v 2.240000 0.619000 0.558000
v 2.239000 0.620000 0.558000
v 2.239707 0.619000 0.558707
v 2.239577 0.619577 0.558577
v 2.239707 0.619707 0.558000
v 2.239000 0.619707 0.558707
v 1.361000 0.030293 0.541293
v 1.360423 0.030423 0.541423
v 1.360423 0.030423 0.541423
v 1.360293 0.031000 0.541293
v 1.360293 0.030293 0.542000
v 1.361000 0.030293 0.558707
v 1.360423 0.030423 0.558577
v 1.360423 0.030423 0.558577
v 1.360293 0.030293 0.558000
v 1.360293 0.031000 0.558707
v 1.360293 0.619000 0.541293
v 1.360423 0.619577 0.541423
v 1.360423 0.619577 0.541423
v 1.361000 0.619707 0.541293
v 1.360293 0.619707 0.542000
v 1.361000 0.619707 0.558707
v 1.360423 0.619577 0.558577
v 1.360423 0.619577 0.558577
v 1.360293 0.619000 0.558707
v 1.360293 0.619707 0.558000
v 2.239707 0.031000 0.541293
v 2.239577 0.030423 0.541423
v 2.239577 0.030423 0.541423
v 2.239000 0.030293 0.541293
v 2.239707 0.030293 0.542000
v 2.239000 0.030293 0.558707
v 2.239577 0.030423 0.558577
v 2.239577 0.030423 0.558577
v 2.239707 0.031000 0.558707
v 2.239707 0.030293 0.558000
v 2.239000 0.619707 0.541293
v 2.239577 0.619577 0.541423
v 2.239577 0.619577 0.541423
v 2.239707 0.619000 0.541293
v 2.239707 0.619707 0.542000
v 2.239707 0.619000 0.558707
v 2.239577 0.619577 0.558577
v 2.239577 0.619577 0.558577
v 2.239000 0.619707 0.558707
v 2.239707 0.619707 0.558000
s 0
f 5791 5797 5768 5762
f 5805 5811 5798 5790
f 5810 5782 5769 5796
f 5763 5770 5784 5776
f 5777 5783 5812 5804
f 5761 5817 5818 5820
f 5762 5821 5819 5764
f 5763 5767 5765 5766
f 5768 5822 5823 5825
f 5769 5826 5824 5771
f 5770 5774 5772 5773
f 5775 5827 5828 5830
f 5776 5831 5829 5778
f 5777 5781 5779 5780
f 5782 5832 5833 5835
f 5783 5836 5834 5785
f 5784 5788 5786 5787
f 5789 5837 5838 5840
f 5790 5841 5839 5792
f 5791 5795 5793 5794
f 5796 5842 5843 5845
f 5797 5846 5844 5799
f 5798 5802 5800 5801
f 5803 5847 5848 5850
f 5804 5851 5849 5806
f 5805 5809 5807 5808
f 5810 5852 5853 5855
f 5811 5856 5854 5813
f 5812 5816 5814 5815
f 5775 5761 5820 5827
f 5778 5767 5763 5776
f 5762 5768 5825 5821
f 5766 5774 5770 5763
f 5769 5782 5835 5826
f 5773 5788 5784 5770
f 5783 5777 5780 5836
f 5787 5831 5776 5784
f 5803 5775 5830 5847
f 5806 5781 5777 5804
f 5782 5810 5855 5832
f 5785 5816 5812 5783
f 5811 5805 5808 5856
f 5815 5851 5804 5812
f 5789 5803 5850 5837
f 5792 5809 5805 5790
f 5810 5796 5845 5852
f 5813 5802 5798 5811
f 5797 5791 5794 5846
f 5801 5841 5790 5798
f 5761 5789 5840 5817
f 5764 5795 5791 5762
f 5796 5769 5771 5842
f 5799 5822 5768 5797
f 5775 5803 5789 5761
o tall_shelf_1
v 1.361000 0.031000 1.041000
v 1.361000 0.030000 1.042000
v 1.360000 0.031000 1.042000
v 1.361000 0.030293 1.041293
v 1.360423 0.030423 1.041423
v 1.360293 0.030293 1.042000
v 1.360293 0.031000 1.041293
v 1.361000 0.030000 1.058000
v 1.361000 0.031000 1.059000
v 1.360000 0.031000 1.058000
v 1.361000 0.030293 1.058707
v 1.360423 0.030423 1.058577
v 1.360293 0.031000 1.058707
v 1.360293 0.030293 1.058000
v 1.361000 0.619000 1.041000
v 1.360000 0.619000 1.042000
v 1.361000 0.620000 1.042000
v 1.360293 0.619000 1.041293
v 1.360423 0.619577 1.041423
v 1.360293 0.619707 1.042000
v 1.361000 0.619707 1.041293
v 1.361000 0.619000 1.059000
v 1.361000 0.620000 1.058000
v 1.360000 0.619000 1.058000
v 1.361000 0.619707 1.058707
v 1.360423 0.619577 1.058577
v 1.360293 0.619707 1.058000
v 1.360293 0.619000 1.058707
v 2.239000 0.031000 1.041000
v 2.240000 0.031000 1.042000
v 2.239000 0.030000 1.042000
v 2.239707 0.031000 1.041293
v 2.239577 0.030423 1.041423
v 2.239707 0.030293 1.042000
v 2.239000 0.030293 1.041293
v 2.239000 0.031000 1.059000
v 2.239000 0.030000 1.058000
v 2.240000 0.031000 1.058000
v 2.239000 0.030293 1.058707
v 2.239577 0.030423 1.058577
v 2.239707 0.030293 1.058000
v 2.239707 0.031000 1.058707
v 2.239000 0.619000 1.041000
v 2.239000 0.620000 1.042000
v 2.240000 0.619000 1.042000
v 2.239000 0.619707 1.041293
v 2.239577 0.619577 1.041423
v 2.239707 0.619707 1.042000
v 2.239707 0.619000 1.041293
v 2.239000 0.619000 1.059000
v 2.240000 0.619000 1.058000
v 2.239000 0.620000 1.058000
v 2.239707 0.619000 1.058707
v 2.239577 0.619577 1.058577
v 2.239707 0.619707 1.058000
v 2.239000 0.619707 1.058707
v 1.361000 0.030293 1.041293
v 1.360423 0.030423 1.041423
v 1.360423 0.030423 1.041423
v 1.360293 0.031000 1.041293
v 1.360293 0.030293 1.042000
v 1.361000 0.030293 1.058707
v 1.360423 0.030423 1.058577
v 1.360423 0.030423 1.058577
v 1.360293 0.030293 1.058000
v 1.360293 0.031000 1.058707
v 1.360293 0.619000 1.041293
v 1.360423 0.619577 1.041423
v 1.360423 0.619577 1.041423
v 1.361000 0.619707 1.041293
v 1.360293 0.619707 1.042000
v 1.361000 0.619707 1.058707
v 1.360423 0.619577 1.058577
v 1.360423 0.619577 1.058577
v 1.360293 0.619000 1.058707
v 1.360293 0.619707 1.058000
v 2.239707 0.031000 1.041293
v 2.239577 0.030423 1.041423
v 2.239577 0.030423 1.041423
v 2.239000 0.030293 1.041293
v 2.239707 0.030293 1.042000
v 2.239000 0.030293 1.058707
v 2.239577 0.030423 1.058577
v 2.239577 0.030423 1.058577
v 2.239707 0.031000 1.058707
v 2.239707 0.030293 1.058000
v 2.239000 0.619707 1.041293
v 2.239577 0.619577 1.041423
v 2.239577 0.619577 1.041423
v 2.239707 0.619000 1.041293
v 2.239707 0.619707 1.042000
v 2.239707 0.619000 1.058707
v 2.239577 0.619577 1.058577
v 2.239577 0.619577 1.058577
v 2.239000 0.619707 1.058707
v 2.239707 0.619707 1.058000
s 0
f 5887 5893 5864 5858
f 5901 5907 5894 5886
f 5906 5878 5865 5892
f 5859 5866 5880 5872
f 5873 5879 5908 5900
f 5857 5913 5914 5916
f 5858 5917 5915 5860
f 5859 5863 5861 5862
f 5864 5918 5919 5921
f 5865 5922 5920 5867
f 5866 5870 5868 5869
f 5871 5923 5924 5926
f 5872 5927 5925 5874
f 5873 5877 5875 5876
f 5878 5928 5929 5931
f 5879 5932 5930 5881
f 5880 5884 5882 5883
f 5885 5933 5934 5936
f 5886 5937 5935 5888
f 5887 5891 5889 5890
f 5892 5938 5939 5941
f 5893 5942 5940 5895
f 5894 5898 5896 5897
f 5899 5943 5944 5946
f 5900 5947 5945 5902
f 5901 5905 5903 5904
f 5906 5948 5949 5951
f 5907 5952 5950 5909
f 5908 5912 5910 5911
f 5871 5857 5916 5923
f 5874 5863 5859 5872
f 5858 5864 5921 5917
f 5862 5870 5866 5859
f 5865 5878 5931 5922
f 5869 5884 5880 5866
f 5879 5873 5876 5932
f 5883 5927 5872 5880
f 5899 5871 5926 5943
f 5902 5877 5873 5900
f 5878 5906 5951 5928
f 5881 5912 5908 5879
f 5907 5901 5904 5952
f 5911 5947 5900 5908
f 5885 5899 5946 5933
f 5888 5905 5901 5886
f 5906 5892 5941 5948
f 5909 5898 5894 5907
f 5893 5887 5890 5942
f 5897 5937 5886 5894
f 5857 5885 5936 5913
f 5860 5891 5887 5858
f 5892 5865 5867 5938
f 5895 5918 5864 5893
f 5871 5899 5885 5857
o tall_shelf_2
v 1.361000 0.031000 1.541000
v 1.361000 0.030000 1.542000
v 1.360000 0.031000 1.542000
v 1.361000 0.030293 1.541293
v 1.360423 0.030423 1.541423
v 1.360293 0.030293 1.542000
v 1.360293 0.031000 1.541293
v 1.361000 0.030000 1.558000
v 1.361000 0.031000 1.559000
v 1.360000 0.031000 1.558000
v 1.361000 0.030293 1.558707
v 1.360423 0.030423 1.558577
v 1.360293 0.031000 1.558707
v 1.360293 0.030293 1.558000
v 1.361000 0.619000 1.541000
v 1.360000 0.619000 1.542000
v 1.361000 0.620000 1.542000
v 1.360293 0.619000 1.541293
v 1.360423 0.619577 1.541423
v 1.360293 0.619707 1.542000
v 1.361000 0.619707 1.541293
v 1.361000 0.619000 1.559000
v 1.361000 0.620000 1.558000
v 1.360000 0.619000 1.558000
v 1.361000 0.619707 1.558707
v 1.360423 0.619577 1.558577
v 1.360293 0.619707 1.558000
v 1.360293 0.619000 1.558707
v 2.239000 0.031000 1.541000
v 2.240000 0.031000 1.542000
v 2.239000 0.030000 1.542000
v 2.239707 0.031000 1.541293
v 2.239577 0.030423 1.541423
v 2.239707 0.030293 1.542000
v 2.239000 0.030293 1.541293
v 2.239000 0.031000 1.559000
v 2.239000 0.030000 1.558000
v 2.240000 0.031000 1.558000
v 2.239000 0.030293 1.558707
v 2.239577 0.030423 1.558577
v 2.239707 0.030293 1.558000
v 2.239707 0.031000 1.558707
v 2.239000 0.619000 1.541000
v 2.239000 0.620000 1.542000
v 2.240000 0.619000 1.542000
v 2.239000 0.619707 1.541293
v 2.239577 0.619577 1.541423
v 2.239707 0.619707 1.542000
v 2.239707 0.619000 1.541293
v 2.239000 0.619000 1.559000
v 2.240000 0.619000 1.558000
v 2.239000 0.620000 1.558000
v 2.239707 0.619000 1.558707
v 2.239577 0.619577 1.558577
v 2.239707 0.619707 1.558000
v 2.239000 0.619707 1.558707
v 1.361000 0.030293 1.541293
v 1.360423 0.030423 1.541423
v 1.360423 0.030423 1.541423
v 1.360293 0.031000 1.541293
v 1.360293 0.030293 1.542000
v 1.361000 0.030293 1.558707
v 1.360423 0.030423 1.558577
v 1.360423 0.030423 1.558577
v 1.360293 0.030293 1.558000
v 1.360293 0.031000 1.558707
v 1.360293 0.619000 1.541293
v 1.360423 0.619577 1.541423
v 1.360423 0.619577 1.541423
v 1.361000 0.619707 1.541293
v 1.360293 0.619707 1.542000
v 1.361000 0.619707 1.558707
v 1.360423 0.619577 1.558577
v 1.360423 0.619577 1.558577
v 1.360293 0.619000 1.558707
v 1.360293 0.619707 1.558000
v 2.239707 0.031000 1.541293
v 2.239577 0.030423 1.541423
v 2.239577 0.030423 1.541423
v 2.239000 0.030293 1.541293
v 2.239707 0.030293 1.542000
v 2.239000 0.030293 1.558707
v 2.239577 0.030423 1.558577
v 2.239577 0.030423 1.558577
v 2.239707 0.031000 1.558707
v 2.239707 0.030293 1.558000
v 2.239000 0.619707 1.541293
v 2.239577 0.619577 1.541423
v 2.239577 0.619577 1.541423
v 2.239707 0.619000 1.541293
v 2.239707 0.619707 1.542000
v 2.239707 0.619000 1.558707
v 2.239577 0.619577 1.558577
v 2.239577 0.619577 1.558577
v 2.239000 0.619707 1.558707
v 2.239707 0.619707 1.558000
s 0
f 5983 5989 5960 5954
f 5997 6003 5990 5982
f 6002 5974 5961 5988
f 5955 5962 5976 5968
f 5969 5975 6004 5996
f 5953 6009 6010 6012
f 5954 6013 6011 5956
f 5955 5959 5957 5958
f 5960 6014 6015 6017
f 5961 6018 6016 5963
f 5962 5966 5964 5965
f 5967 6019 6020 6022
f 5968 6023 6021 5970
f 5969 5973 5971 5972
f 5974 6024 6025 6027
f 5975 6028 6026 5977
f 5976 5980 5978 5979
f 5981 6029 6030 6032
f 5982 6033 6031 5984
f 5983 5987 5985 5986
f 5988 6034 6035 6037
f 5989 6038 6036 5991
f 5990 5994 5992 5993
f 5995 6039 6040 6042
f 5996 6043 6041 5998
f 5997 6001 5999 6000
f 6002 6044 6045 6047
f 6003 6048 6046 6005
f 6004 6008 6006 6007
f 5967 5953 6012 6019
f 5970 5959 5955 5968
f 5954 5960 6017 6013
f 5958 5966 5962 5955
f 5961 5974 6027 6018
f 5965 5980 5976 5962
f 5975 5969 5972 6028
f 5979 6023 5968 5976
f 5995 5967 6022 6039
f 5998 5973 5969 5996
f 5974 6002 6047 6024
f 5977 6008 6004 5975
f 6003 5997 6000 6048
f 6007 6043 5996 6004
f 5981 5995 6042 6029
f 5984 6001 5997 5982
f 6002 5988 6037 6044
f 6005 5994 5990 6003
f 5989 5983 5986 6038
f 5993 6033 5982 5990
f 5953 5981 6032 6009
f 5956 5987 5983 5954
f 5988 5961 5963 6034
f 5991 6014 5960 5989
f 5967 5995 5981 5953
o tall_shelf_3
v 1.361000 0.031000 2.041000
v 1.361000 0.030000 2.042000
v 1.360000 0.031000 2.042000
v 1.361000 0.030293 2.041293
v 1.360423 0.030423 2.041423
v 1.360293 0.030293 2.042000
v 1.360293 0.031000 2.041293
v 1.361000 0.030000 2.058000
v 1.361000 0.031000 2.059000
v 1.360000 0.031000 2.058000
v 1.361000 0.030293 2.058707
v 1.360423 0.030423 2.058577
v 1.360293 0.031000 2.058707
v 1.360293 0.030293 2.058000
v 1.361000 0.619000 2.041000
v 1.360000 0.619000 2.042000
v 1.361000 0.620000 2.042000
v 1.360293 0.619000 2.041293
v 1.360423 0.619577 2.041423
v 1.360293 0.619707 2.042000
v 1.361000 0.619707 2.041293
v 1.361000 0.619000 2.059000
v 1.361000 0.620000 2.058000
v 1.360000 0.619000 2.058000
v 1.361000 0.619707 2.058707
v 1.360423 0.619577 2.058577
v 1.360293 0.619707 2.058000
v 1.360293 0.619000 2.058707
v 2.239000 0.031000 2.041000
v 2.240000 0.031000 2.042000
v 2.239000 0.030000 2.042000
v 2.239707 0.031000 2.041293
v 2.239577 0.030423 2.041423
v 2.239707 0.030293 2.042000
v 2.239000 0.030293 2.041293
v 2.239000 0.031000 2.059000
v 2.239000 0.030000 2.058000
v 2.240000 0.031000 2.058000
v 2.239000 0.030293 2.058707
v 2.239577 0.030423 2.058577
v 2.239707 0.030293 2.058000
v 2.239707 0.031000 2.058707
v 2.239000 0.619000 2.041000
v 2.239000 0.620000 2.042000
v 2.240000 0.619000 2.042000
v 2.239000 0.619707 2.041293
v 2.239577 0.619577 2.041423
v 2.239707 0.619707 2.042000
v 2.239707 0.619000 2.041293
v 2.239000 0.619000 2.059000
v 2.240000 0.619000 2.058000
v 2.239000 0.620000 2.058000
v 2.239707 0.619000 2.058707
v 2.239577 0.619577 2.058577
v 2.239707 0.619707 2.058000
v 2.239000 0.619707 2.058707
v 1.361000 0.030293 2.041293
v 1.360423 0.030423 2.041423
v 1.360423 0.030423 2.041423
v 1.360293 0.031000 2.041293
v 1.360293 0.030293 2.042000
v 1.361000 0.030293 2.058707
v 1.360423 0.030423 2.058577
v 1.360423 0.030423 2.058577
v 1.360293 0.030293 2.058000
v 1.360293 0.031000 2.058707
v 1.360293 0.619000 2.041293
v 1.360423 0.619577 2.041423
v 1.360423 0.619577 2.041423
v 1.361000 0.619707 2.041293
v 1.360293 0.619707 2.042000
v 1.361000 0.619707 2.058707
v 1.360423 0.619577 2.058577
v 1.360423 0.619577 2.058577
v 1.360293 0.619000 2.058707
v 1.360293 0.619707 2.058000
v 2.239707 0.031000 2.041293
v 2.239577 0.030423 2.041423
v 2.239577 0.030423 2.041423
v 2.239000 0.030293 2.041293
v 2.239707 0.030293 2.042000
v 2.239000 0.030293 2.058707
v 2.239577 0.030423 2.058577
v 2.239577 0.030423 2.058577
v 2.239707 0.031000 2.058707
v 2.239707 0.030293 2.058000
v 2.239000 0.619707 2.041293
v 2.239577 0.619577 2.041423
v 2.239577 0.619577 2.041423
v 2.239707 0.619000 2.041293
v 2.239707 0.619707 2.042000
v 2.239707 0.619000 2.058707
v 2.239577 0.619577 2.058577
v 2.239577 0.619577 2.058577
v 2.239000 0.619707 2.058707
v 2.239707 0.619707 2.058000
s 0
f 6079 6085 6056 6050
f 6093 6099 6086 6078
f 6098 6070 6057 6084
f 6051 6058 6072 6064
f 6065 6071 6100 6092
f 6049 6105 6106 6108
f 6050 6109 6107 6052
f 6051 6055 6053 6054
f 6056 6110 6111 6113
f 6057 6114 6112 6059
f 6058 6062 6060 6061
f 6063 6115 6116 6118
f 6064 6119 6117 6066
f 6065 6069 6067 6068
f 6070 6120 6121 6123
f 6071 6124 6122 6073
f 6072 6076 6074 6075
f 6077 6125 6126 6128
f 6078 6129 6127 6080
f 6079 6083 6081 6082
f 6084 6130 6131 6133
f 6085 6134 6132 6087
f 6086 6090 6088 6089
f 6091 6135 6136 6138
f 6092 6139 6137 6094
f 6093 6097 6095 6096
f 6098 6140 6141 6143
f 6099 6144 6142 6101
f 6100 6104 6102 6103
f 6063 6049 6108 6115
f 6066 6055 6051 6064
f 6050 6056 6113 6109
f 6054 6062 6058 6051
f 6057 6070 6123 6114
f 6061 6076 6072 6058
f 6071 6065 6068 6124
f 6075 6119 6064 6072
f 6091 6063 6118 6135
f 6094 6069 6065 6092
f 6070 6098 6143 6120
f 6073 6104 6100 6071
f 6099 6093 6096 6144
f 6103 6139 6092 6100
f 6077 6091 6138 6125
f 6080 6097 6093 6078
f 6098 6084 6133 6140
f 6101 6090 6086 6099
f 6085 6079 6082 6134
f 6089 6129 6078 6086
f 6049 6077 6128 6105
f 6052 6083 6079 6050
f 6084 6057 6059 6130
f 6087 6110 6056 6085
f 6063 6091 6077 6049
o island_cab_top
v 1.751500 3.201500 0.842000
v 1.751500 3.200000 0.843500
v 1.750000 3.201500 0.843500
v 1.751500 3.200439 0.842439
v 1.750634 3.200634 0.842634
v 1.750439 3.200439 0.843500
v 1.750439 3.201500 0.842439
v 1.751500 3.200000 0.858500
v 1.751500 3.201500 0.860000
v 1.750000 3.201500 0.858500
v 1.751500 3.200439 0.859561
v 1.750634 3.200634 0.859366
v 1.750439 3.201500 0.859561
v 1.750439 3.200439 0.858500
v 1.751500 5.598500 0.842000
v 1.750000 5.598500 0.843500
v 1.751500 5.600000 0.843500
v 1.750439 5.598500 0.842439
v 1.750634 5.599366 0.842634
v 1.750439 5.599561 0.843500
v 1.751500 5.599561 0.842439
v 1.751500 5.598500 0.860000
v 1.751500 5.600000 0.858500
v 1.750000 5.598500 0.858500
v 1.751500 5.599561 0.859561
v 1.750634 5.599366 0.859366
v 1.750439 5.599561 0.858500
v 1.750439 5.598500 0.859561
v 2.848500 3.201500 0.842000
v 2.850000 3.201500 0.843500
v 2.848500 3.200000 0.843500
v 2.849561 3.201500 0.842439
v 2.849366 3.200634 0.842634
v 2.849561 3.200439 0.843500
v 2.848500 3.200439 0.842439
v 2.848500 3.201500 0.860000
v 2.848500 3.200000 0.858500
v 2.850000 3.201500 0.858500
v 2.848500 3.200439 0.859561
v 2.849366 3.200634 0.859366
v 2.849561 3.200439 0.858500
v 2.849561 3.201500 0.859561
v 2.848500 5.598500 0.842000
v 2.848500 5.600000 0.843500
v 2.850000 5.598500 0.843500
v 2.848500 5.599561 0.842439
v 2.849366 5.599366 0.842634
v 2.849561 5.599561 0.843500
v 2.849561 5.598500 0.842439
v 2.848500 5.598500 0.860000
v 2.850000 5.598500 0.858500
v 2.848500 5.600000 0.858500
v 2.849561 5.598500 0.859561
v 2.849366 5.599366 0.859366
v 2.849561 5.599561 0.858500
v 2.848500 5.599561 0.859561
v 1.751500 3.200439 0.842439
v 1.750634 3.200634 0.842634
v 1.750634 3.200634 0.842634
v 1.750439 3.201500 0.842439
v 1.750439 3.200439 0.843500
v 1.751500 3.200439 0.859561
v 1.750634 3.200634 0.859366
v 1.750634 3.200634 0.859366
v 1.750439 3.200439 0.858500
v 1.750439 3.201500 0.859561
v 1.750439 5.598500 0.842439
v 1.750634 5.599366 0.842634
v 1.750634 5.599366 0.842634
v 1.751500 5.599561 0.842439
v 1.750439 5.599561 0.843500
v 1.751500 5.599561 0.859561
v 1.750634 5.599366 0.859366
v 1.750634 5.599366 0.859366
v 1.750439 5.598500 0.859561
v 1.750439 5.599561 0.858500
v 2.849561 3.201500 0.842439
v 2.849366 3.200634 0.842634
v 2.849366 3.200634 0.842634
v 2.848500 3.200439 0.842439
v 2.849561 3.200439 0.843500
v 2.848500 3.200439 0.859561
v 2.849366 3.200634 0.859366
v 2.849366 3.200634 0.859366
v 2.849561 3.201500 0.859561
v 2.849561 3.200439 0.858500
v 2.848500 5.599561 0.842439
v 2.849366 5.599366 0.842634
v 2.849366 5.599366 0.842634
v 2.849561 5.598500 0.842439
v 2.849561 5.599561 0.843500
v 2.849561 5.598500 0.859561
v 2.849366 5.599366 0.859366
v 2.849366 5.599366 0.859366
v 2.848500 5.599561 0.859561
v 2.849561 5.599561 0.858500
s 0
f 6175 6181 6152 6146
f 6189 6195 6182 6174
f 6194 6166 6153 6180
f 6147 6154 6168 6160
f 6161 6167 6196 6188
f 6145 6201 6202 6204
f 6146 6205 6203 6148
f 6147 6151 6149 6150
f 6152 6206 6207 6209
f 6153 6210 6208 6155
f 6154 6158 6156 6157
f 6159 6211 6212 6214
f 6160 6215 6213 6162
f 6161 6165 6163 6164
f 6166 6216 6217 6219
f 6167 6220 6218 6169
f 6168 6172 6170 6171
f 6173 6221 6222 6224
f 6174 6225 6223 6176
f 6175 6179 6177 6178
f 6180 6226 6227 6229
f 6181 6230 6228 6183
f 6182 6186 6184 6185
f 6187 6231 6232 6234
f 6188 6235 6233 6190
f 6189 6193 6191 6192
f 6194 6236 6237 6239
f 6195 6240 6238 6197
f 6196 6200 6198 6199
f 6159 6145 6204 6211
f 6162 6151 6147 6160
f 6146 6152 6209 6205
f 6150 6158 6154 6147
f 6153 6166 6219 6210
f 6157 6172 6168 6154
f 6167 6161 6164 6220
f 6171 6215 6160 6168
f 6187 6159 6214 6231
f 6190 6165 6161 6188
f 6166 6194 6239 6216
f 6169 6200 6196 6167
f 6195 6189 6192 6240
f 6199 6235 6188 6196
f 6173 6187 6234 6221
f 6176 6193 6189 6174
f 6194 6180 6229 6236
f 6197 6186 6182 6195
f 6181 6175 6178 6230
f 6185 6225 6174 6182
f 6145 6173 6224 6201
f 6148 6179 6175 6146
f 6180 6153 6155 6226
f 6183 6206 6152 6181
f 6159 6187 6173 6145
o island_cab_bot
v 1.751500 3.201500 0.100000
v 1.751500 3.200000 0.101500
v 1.750000 3.201500 0.101500
v 1.751500 3.200439 0.100439
v 1.750634 3.200634 0.100634
v 1.750439 3.200439 0.101500
v 1.750439 3.201500 0.100439
v 1.751500 3.200000 0.116500
v 1.751500 3.201500 0.118000
v 1.750000 3.201500 0.116500
v 1.751500 3.200439 0.117561
v 1.750634 3.200634 0.117366
v 1.750439 3.201500 0.117561
v 1.750439 3.200439 0.116500
v 1.751500 5.598500 0.100000
v 1.750000 5.598500 0.101500
v 1.751500 5.600000 0.101500
v 1.750439 5.598500 0.100439
v 1.750634 5.599366 0.100634
v 1.750439 5.599561 0.101500
v 1.751500 5.599561 0.100439
v 1.751500 5.598500 0.118000
v 1.751500 5.600000 0.116500
v 1.750000 5.598500 0.116500
v 1.751500 5.599561 0.117561
v 1.750634 5.599366 0.117366
v 1.750439 5.599561 0.116500
v 1.750439 5.598500 0.117561
v 2.848500 3.201500 0.100000
v 2.850000 3.201500 0.101500
v 2.848500 3.200000 0.101500
v 2.849561 3.201500 0.100439
v 2.849366 3.200634 0.100634
v 2.849561 3.200439 0.101500
v 2.848500 3.200439 0.100439
v 2.848500 3.201500 0.118000
v 2.848500 3.200000 0.116500
v 2.850000 3.201500 0.116500
v 2.848500 3.200439 0.117561
v 2.849366 3.200634 0.117366
v 2.849561 3.200439 0.116500
v 2.849561 3.201500 0.117561
v 2.848500 5.598500 0.100000
v 2.848500 5.600000 0.101500
v 2.850000 5.598500 0.101500
v 2.848500 5.599561 0.100439
v 2.849366 5.599366 0.100634
v 2.849561 5.599561 0.101500
v 2.849561 5.598500 0.100439
v 2.848500 5.598500 0.118000
v 2.850000 5.598500 0.116500
v 2.848500 5.600000 0.116500
v 2.849561 5.598500 0.117561
v 2.849366 5.599366 0.117366
v 2.849561 5.599561 0.116500
v 2.848500 5.599561 0.117561
v 1.751500 3.200439 0.100439
v 1.750634 3.200634 0.100634
v 1.750634 3.200634 0.100634
v 1.750439 3.201500 0.100439
v 1.750439 3.200439 0.101500
v 1.751500 3.200439 0.117561
v 1.750634 3.200634 0.117366
v 1.750634 3.200634 0.117366
v 1.750439 3.200439 0.116500
v 1.750439 3.201500 0.117561
v 1.750439 5.598500 0.100439
v 1.750634 5.599366 0.100634
v 1.750634 5.599366 0.100634
v 1.751500 5.599561 0.100439
v 1.750439 5.599561 0.101500
v 1.751500 5.599561 0.117561
v 1.750634 5.599366 0.117366
v 1.750634 5.599366 0.117366
v 1.750439 5.598500 0.117561
v 1.750439 5.599561 0.116500
v 2.849561 3.201500 0.100439
v 2.849366 3.200634 0.100634
v 2.849366 3.200634 0.100634
v 2.848500 3.200439 0.100439
v 2.849561 3.200439 0.101500
v 2.848500 3.200439 0.117561
v 2.849366 3.200634 0.117366
v 2.849366 3.200634 0.117366
v 2.849561 3.201500 0.117561
v 2.849561 3.200439 0.116500
v 2.848500 5.599561 0.100439
v 2.849366 5.599366 0.100634
v 2.849366 5.599366 0.100634
v 2.849561 5.598500 0.100439
v 2.849561 5.599561 0.101500
v 2.849561 5.598500 0.117561
v 2.849366 5.599366 0.117366
v 2.849366 5.599366 0.117366
v 2.848500 5.599561 0.117561
v 2.849561 5.599561 0.116500
s 0
f 6271 6277 6248 6242
f 6285 6291 6278 6270
f 6290 6262 6249 6276
f 6243 6250 6264 6256
f 6257 6263 6292 6284
f 6241 6297 6298 6300
f 6242 6301 6299 6244
f 6243 6247 6245 6246
f 6248 6302 6303 6305
f 6249 6306 6304 6251
f 6250 6254 6252 6253
f 6255 6307 6308 6310
f 6256 6311 6309 6258
f 6257 6261 6259 6260
f 6262 6312 6313 6315
f 6263 6316 6314 6265
f 6264 6268 6266 6267
f 6269 6317 6318 6320
f 6270 6321 6319 6272
f 6271 6275 6273 6274
f 6276 6322 6323 6325
f 6277 6326 6324 6279
f 6278 6282 6280 6281
f 6283 6327 6328 6330
f 6284 6331 6329 6286
f 6285 6289 6287 6288
f 6290 6332 6333 6335
f 6291 6336 6334 6293
f 6292 6296 6294 6295
f 6255 6241 6300 6307
f 6258 6247 6243 6256
f 6242 6248 6305 6301
f 6246 6254 6250 6243
f 6249 6262 6315 6306
f 6253 6268 6264 6250
f 6263 6257 6260 6316
f 6267 6311 6256 6264
f 6283 6255 6310 6327
f 6286 6261 6257 6284
f 6262 6290 6335 6312
f 6265 6296 6292 6263
f 6291 6285 6288 6336
f 6295 6331 6284 6292
f 6269 6283 6330 6317
f 6272 6289 6285 6270
f 6290 6276 6325 6332
f 6293 6282 6278 6291
f 6277 6271 6274 6326
f 6281 6321 6270 6278
f 6241 6269 6320 6297
f 6244 6275 6271 6242
f 6276 6249 6251 6322
f 6279 6302 6248 6277
f 6255 6283 6269 6241
o island_cab_sideS
v 1.751500 3.201500 0.100000
v 1.751500 3.200000 0.101500
v 1.750000 3.201500 0.101500
v 1.751500 3.200439 0.100439
v 1.750634 3.200634 0.100634
v 1.750439 3.200439 0.101500
v 1.750439 3.201500 0.100439
v 1.751500 3.200000 0.858500
v 1.751500 3.201500 0.860000
v 1.750000 3.201500 0.858500
v 1.751500 3.200439 0.859561
v 1.750634 3.200634 0.859366
v 1.750439 3.201500 0.859561
v 1.750439 3.200439 0.858500
v 1.751500 3.216500 0.100000
v 1.750000 3.216500 0.101500
v 1.751500 3.218000 0.101500
v 1.750439 3.216500 0.100439
v 1.750634 3.217366 0.100634
v 1.750439 3.217561 0.101500
v 1.751500 3.217561 0.100439
v 1.751500 3.216500 0.860000
v 1.751500 3.218000 0.858500
v 1.750000 3.216500 0.858500
v 1.751500 3.217561 0.859561
v 1.750634 3.217366 0.859366
v 1.750439 3.217561 0.858500
v 1.750439 3.216500 0.859561
v 2.848500 3.201500 0.100000
v 2.850000 3.201500 0.101500
v 2.848500 3.200000 0.101500
v 2.849561 3.201500 0.100439
v 2.849366 3.200634 0.100634
v 2.849561 3.200439 0.101500
v 2.848500 3.200439 0.100439
v 2.848500 3.201500 0.860000
v 2.848500 3.200000 0.858500
v 2.850000 3.201500 0.858500
v 2.848500 3.200439 0.859561
v 2.849366 3.200634 0.859366
v 2.849561 3.200439 0.858500
v 2.849561 3.201500 0.859561
v 2.848500 3.216500 0.100000
v 2.848500 3.218000 0.101500
v 2.850000 3.216500 0.101500
v 2.848500 3.217561 0.100439
v 2.849366 3.217366 0.100634
v 2.849561 3.217561 0.101500
v 2.849561 3.216500 0.100439
v 2.848500 3.216500 0.860000
v 2.850000 3.216500 0.858500
v 2.848500 3.218000 0.858500
v 2.849561 3.216500 0.859561
v 2.849366 3.217366 0.859366
v 2.849561 3.217561 0.858500
v 2.848500 3.217561 0.859561
v 1.751500 3.200439 0.100439
v 1.750634 3.200634 0.100634
v 1.750634 3.200634 0.100634
v 1.750439 3.201500 0.100439
v 1.750439 3.200439 0.101500
v 1.751500 3.200439 0.859561
v 1.750634 3.200634 0.859366
v 1.750634 3.200634 0.859366
v 1.750439 3.200439 0.858500
v 1.750439 3.201500 0.859561
v 1.750439 3.216500 0.100439
v 1.750634 3.217366 0.100634
v 1.750634 3.217366 0.100634
v 1.751500 3.217561 0.100439
v 1.750439 3.217561 0.101500
v 1.751500 3.217561 0.859561
v 1.750634 3.217366 0.859366
v 1.750634 3.217366 0.859366
v 1.750439 3.216500 0.859561
v 1.750439 3.217561 0.858500
v 2.849561 3.201500 0.100439
v 2.849366 3.200634 0.100634
v 2.849366 3.200634 0.100634
v 2.848500 3.200439 0.100439
v 2.849561 3.200439 0.101500
v 2.848500 3.200439 0.859561
v 2.849366 3.200634 0.859366
v 2.849366 3.200634 0.859366
v 2.849561 3.201500 0.859561
v 2.849561 3.200439 0.858500
v 2.848500 3.217561 0.100439
v 2.849366 3.217366 0.100634
v 2.849366 3.217366 0.100634
v 2.849561 3.216500 0.100439
v 2.849561 3.217561 0.101500
v 2.849561 3.216500 0.859561
v 2.849366 3.217366 0.859366
v 2.849366 3.217366 0.859366
v 2.848500 3.217561 0.859561
v 2.849561 3.217561 0.858500
s 0
f 6367 6373 6344 6338
f 6381 6387 6374 6366
f 6386 6358 6345 6372
f 6339 6346 6360 6352
f 6353 6359 6388 6380
f 6337 6393 6394 6396
f 6338 6397 6395 6340
f 6339 6343 6341 6342
f 6344 6398 6399 6401
f 6345 6402 6400 6347
f 6346 6350 6348 6349
f 6351 6403 6404 6406
f 6352 6407 6405 6354
f 6353 6357 6355 6356
f 6358 6408 6409 6411
f 6359 6412 6410 6361
f 6360 6364 6362 6363
f 6365 6413 6414 6416
f 6366 6417 6415 6368
f 6367 6371 6369 6370
f 6372 6418 6419 6421
f 6373 6422 6420 6375
f 6374 6378 6376 6377
f 6379 6423 6424 6426
f 6380 6427 6425 6382
f 6381 6385 6383 6384
f 6386 6428 6429 6431
f 6387 6432 6430 6389
f 6388 6392 6390 6391
f 6351 6337 6396 6403
f 6354 6343 6339 6352
f 6338 6344 6401 6397
f 6342 6350 6346 6339
f 6345 6358 6411 6402
f 6349 6364 6360 6346
f 6359 6353 6356 6412
f 6363 6407 6352 6360
f 6379 6351 6406 6423
f 6382 6357 6353 6380
f 6358 6386 6431 6408
f 6361 6392 6388 6359
f 6387 6381 6384 6432
f 6391 6427 6380 6388
f 6365 6379 6426 6413
f 6368 6385 6381 6366
f 6386 6372 6421 6428
f 6389 6378 6374 6387
f 6373 6367 6370 6422
f 6377 6417 6366 6374
f 6337 6365 6416 6393
f 6340 6371 6367 6338
f 6372 6345 6347 6418
f 6375 6398 6344 6373
f 6351 6379 6365 6337
o island_cab_sideN
v 1.751500 5.583500 0.100000
v 1.751500 5.582000 0.101500
v 1.750000 5.583500 0.101500
v 1.751500 5.582439 0.100439
v 1.750634 5.582634 0.100634
v 1.750439 5.582439 0.101500
v 1.750439 5.583500 0.100439
v 1.751500 5.582000 0.858500
v 1.751500 5.583500 0.860000
v 1.750000 5.583500 0.858500
v 1.751500 5.582439 0.859561
v 1.750634 5.582634 0.859366
v 1.750439 5.583500 0.859561
v 1.750439 5.582439 0.858500
v 1.751500 5.598500 0.100000
v 1.750000 5.598500 0.101500
v 1.751500 5.600000 0.101500
v 1.750439 5.598500 0.100439
v 1.750634 5.599366 0.100634
v 1.750439 5.599561 0.101500
v 1.751500 5.599561 0.100439
v 1.751500 5.598500 0.860000
v 1.751500 5.600000 0.858500
v 1.750000 5.598500 0.858500
v 1.751500 5.599561 0.859561
v 1.750634 5.599366 0.859366
v 1.750439 5.599561 0.858500
v 1.750439 5.598500 0.859561
v 2.848500 5.583500 0.100000
v 2.850000 5.583500 0.101500
v 2.848500 5.582000 0.101500
v 2.849561 5.583500 0.100439
v 2.849366 5.582634 0.100634
v 2.849561 5.582439 0.101500
v 2.848500 5.582439 0.100439
v 2.848500 5.583500 0.860000
v 2.848500 5.582000 0.858500
v 2.850000 5.583500 0.858500
v 2.848500 5.582439 0.859561
v 2.849366 5.582634 0.859366
v 2.849561 5.582439 0.858500
v 2.849561 5.583500 0.859561
v 2.848500 5.598500 0.100000
v 2.848500 5.600000 0.101500
v 2.850000 5.598500 0.101500
v 2.848500 5.599561 0.100439
v 2.849366 5.599366 0.100634
v 2.849561 5.599561 0.101500
v 2.849561 5.598500 0.100439
v 2.848500 5.598500 0.860000
v 2.850000 5.598500 0.858500
v 2.848500 5.600000 0.858500
v 2.849561 5.598500 0.859561
v 2.849366 5.599366 0.859366
v 2.849561 5.599561 0.858500
v 2.848500 5.599561 0.859561
v 1.751500 5.582439 0.100439
v 1.750634 5.582634 0.100634
v 1.750634 5.582634 0.100634
v 1.750439 5.583500 0.100439
v 1.750439 5.582439 0.101500
v 1.751500 5.582439 0.859561
v 1.750634 5.582634 0.859366
v 1.750634 5.582634 0.859366
v 1.750439 5.582439 0.858500
v 1.750439 5.583500 0.859561
v 1.750439 5.598500 0.100439
v 1.750634 5.599366 0.100634
v 1.750634 5.599366 0.100634
v 1.751500 5.599561 0.100439
v 1.750439 5.599561 0.101500
v 1.751500 5.599561 0.859561
v 1.750634 5.599366 0.859366
v 1.750634 5.599366 0.859366
v 1.750439 5.598500 0.859561
v 1.750439 5.599561 0.858500
v 2.849561 5.583500 0.100439
v 2.849366 5.582634 0.100634
v 2.849366 5.582634 0.100634
v 2.848500 5.582439 0.100439
v 2.849561 5.582439 0.101500
v 2.848500 5.582439 0.859561
v 2.849366 5.582634 0.859366
v 2.849366 5.582634 0.859366
v 2.849561 5.583500 0.859561
v 2.849561 5.582439 0.858500
v 2.848500 5.599561 0.100439
v 2.849366 5.599366 0.100634
v 2.849366 5.599366 0.100634
v 2.849561 5.598500 0.100439
v 2.849561 5.599561 0.101500
v 2.849561 5.598500 0.859561
v 2.849366 5.599366 0.859366
v 2.849366 5.599366 0.859366
v 2.848500 5.599561 0.859561
v 2.849561 5.599561 0.858500
s 0
f 6463 6469 6440 6434
f 6477 6483 6470 6462
f 6482 6454 6441 6468
f 6435 6442 6456 6448
f 6449 6455 6484 6476
f 6433 6489 6490 6492
f 6434 6493 6491 6436
f 6435 6439 6437 6438
f 6440 6494 6495 6497
f 6441 6498 6496 6443
f 6442 6446 6444 6445
f 6447 6499 6500 6502
f 6448 6503 6501 6450
f 6449 6453 6451 6452
f 6454 6504 6505 6507
f 6455 6508 6506 6457
f 6456 6460 6458 6459
f 6461 6509 6510 6512
f 6462 6513 6511 6464
f 6463 6467 6465 6466
f 6468 6514 6515 6517
f 6469 6518 6516 6471
f 6470 6474 6472 6473
f 6475 6519 6520 6522
f 6476 6523 6521 6478
f 6477 6481 6479 6480
f 6482 6524 6525 6527
f 6483 6528 6526 6485
f 6484 6488 6486 6487
f 6447 6433 6492 6499
f 6450 6439 6435 6448
f 6434 6440 6497 6493
f 6438 6446 6442 6435
f 6441 6454 6507 6498
f 6445 6460 6456 6442
f 6455 6449 6452 6508
f 6459 6503 6448 6456
f 6475 6447 6502 6519
f 6478 6453 6449 6476
f 6454 6482 6527 6504
f 6457 6488 6484 6455
f 6483 6477 6480 6528
f 6487 6523 6476 6484
f 6461 6475 6522 6509
f 6464 6481 6477 6462
f 6482 6468 6517 6524
f 6485 6474 6470 6483
f 6469 6463 6466 6518
f 6473 6513 6462 6470
f 6433 6461 6512 6489
f 6436 6467 6463 6434
f 6468 6441 6443 6514
f 6471 6494 6440 6469
f 6447 6475 6461 6433
o island_cab_back
v 2.839500 3.201500 0.100000
v 2.839500 3.200000 0.101500
v 2.838000 3.201500 0.101500
v 2.839500 3.200439 0.100439
v 2.838634 3.200634 0.100634
v 2.838439 3.200439 0.101500
v 2.838439 3.201500 0.100439
v 2.839500 3.200000 0.858500
v 2.839500 3.201500 0.860000
v 2.838000 3.201500 0.858500
v 2.839500 3.200439 0.859561
v 2.838634 3.200634 0.859366
v 2.838439 3.201500 0.859561
v 2.838439 3.200439 0.858500
v 2.839500 5.598500 0.100000
v 2.838000 5.598500 0.101500
v 2.839500 5.600000 0.101500
v 2.838439 5.598500 0.100439
v 2.838634 5.599366 0.100634
v 2.838439 5.599561 0.101500
v 2.839500 5.599561 0.100439
v 2.839500 5.598500 0.860000
v 2.839500 5.600000 0.858500
v 2.838000 5.598500 0.858500
v 2.839500 5.599561 0.859561
v 2.838634 5.599366 0.859366
v 2.838439 5.599561 0.858500
v 2.838439 5.598500 0.859561
v 2.848500 3.201500 0.100000
v 2.850000 3.201500 0.101500
v 2.848500 3.200000 0.101500
v 2.849561 3.201500 0.100439
v 2.849366 3.200634 0.100634
v 2.849561 3.200439 0.101500
v 2.848500 3.200439 0.100439
v 2.848500 3.201500 0.860000
v 2.848500 3.200000 0.858500
v 2.850000 3.201500 0.858500
v 2.848500 3.200439 0.859561
v 2.849366 3.200634 0.859366
v 2.849561 3.200439 0.858500
v 2.849561 3.201500 0.859561
v 2.848500 5.598500 0.100000
v 2.848500 5.600000 0.101500
v 2.850000 5.598500 0.101500
v 2.848500 5.599561 0.100439
v 2.849366 5.599366 0.100634
v 2.849561 5.599561 0.101500
v 2.849561 5.598500 0.100439
v 2.848500 5.598500 0.860000
v 2.850000 5.598500 0.858500
v 2.848500 5.600000 0.858500
v 2.849561 5.598500 0.859561
v 2.849366 5.599366 0.859366
v 2.849561 5.599561 0.858500
v 2.848500 5.599561 0.859561
v 2.839500 3.200439 0.100439
v 2.838634 3.200634 0.100634
v 2.838634 3.200634 0.100634
v 2.838439 3.201500 0.100439
v 2.838439 3.200439 0.101500
v 2.839500 3.200439 0.859561
v 2.838634 3.200634 0.859366
v 2.838634 3.200634 0.859366
v 2.838439 3.200439 0.858500
v 2.838439 3.201500 0.859561
v 2.838439 5.598500 0.100439
v 2.838634 5.599366 0.100634
v 2.838634 5.599366 0.100634
v 2.839500 5.599561 0.100439
v 2.838439 5.599561 0.101500
v 2.839500 5.599561 0.859561
v 2.838634 5.599366 0.859366
v 2.838634 5.599366 0.859366
v 2.838439 5.598500 0.859561
v 2.838439 5.599561 0.858500
v 2.849561 3.201500 0.100439
v 2.849366 3.200634 0.100634
v 2.849366 3.200634 0.100634
v 2.848500 3.200439 0.100439
v 2.849561 3.200439 0.101500
v 2.848500 3.200439 0.859561
v 2.849366 3.200634 0.859366
v 2.849366 3.200634 0.859366
v 2.849561 3.201500 0.859561
v 2.849561 3.200439 0.858500
v 2.848500 5.599561 0.100439
v 2.849366 5.599366 0.100634
v 2.849366 5.599366 0.100634
v 2.849561 5.598500 0.100439
v 2.849561 5.599561 0.101500
v 2.849561 5.598500 0.859561
v 2.849366 5.599366 0.859366
v 2.849366 5.599366 0.859366
v 2.848500 5.599561 0.859561
v 2.849561 5.599561 0.858500
s 0
f 6559 6565 6536 6530
f 6573 6579 6566 6558
f 6578 6550 6537 6564
f 6531 6538 6552 6544
f 6545 6551 6580 6572
f 6529 6585 6586 6588
f 6530 6589 6587 6532
f 6531 6535 6533 6534
f 6536 6590 6591 6593
f 6537 6594 6592 6539
f 6538 6542 6540 6541
f 6543 6595 6596 6598
f 6544 6599 6597 6546
f 6545 6549 6547 6548
f 6550 6600 6601 6603
f 6551 6604 6602 6553
f 6552 6556 6554 6555
f 6557 6605 6606 6608
f 6558 6609 6607 6560
f 6559 6563 6561 6562
f 6564 6610 6611 6613
f 6565 6614 6612 6567
f 6566 6570 6568 6569
f 6571 6615 6616 6618
f 6572 6619 6617 6574
f 6573 6577 6575 6576
f 6578 6620 6621 6623
f 6579 6624 6622 6581
f 6580 6584 6582 6583
f 6543 6529 6588 6595
f 6546 6535 6531 6544
f 6530 6536 6593 6589
f 6534 6542 6538 6531
f 6537 6550 6603 6594
f 6541 6556 6552 6538
f 6551 6545 6548 6604
f 6555 6599 6544 6552
f 6571 6543 6598 6615
f 6574 6549 6545 6572
f 6550 6578 6623 6600
f 6553 6584 6580 6551
f 6579 6573 6576 6624
f 6583 6619 6572 6580
f 6557 6571 6618 6605
f 6560 6577 6573 6558
f 6578 6564 6613 6620
f 6581 6570 6566 6579
f 6565 6559 6562 6614
f 6569 6609 6558 6566
f 6529 6557 6608 6585
f 6532 6563 6559 6530
f 6564 6537 6539 6610
f 6567 6590 6536 6565
f 6543 6571 6557 6529
o island_plinth
v 1.782000 3.262000 0.000000
v 1.782000 3.260000 0.002000
v 1.780000 3.262000 0.002000
v 1.782000 3.260586 0.000586
v 1.780845 3.260845 0.000845
v 1.780586 3.260586 0.002000
v 1.780586 3.262000 0.000586
v 1.782000 3.260000 0.098000
v 1.782000 3.262000 0.100000
v 1.780000 3.262000 0.098000
v 1.782000 3.260586 0.099414
v 1.780845 3.260845 0.099155
v 1.780586 3.262000 0.099414
v 1.780586 3.260586 0.098000
v 1.782000 5.598000 0.000000
v 1.780000 5.598000 0.002000
v 1.782000 5.600000 0.002000
v 1.780586 5.598000 0.000586
v 1.780845 5.599154 0.000845
v 1.780586 5.599414 0.002000
v 1.782000 5.599414 0.000586
v 1.782000 5.598000 0.100000
v 1.782000 5.600000 0.098000
v 1.780000 5.598000 0.098000
v 1.782000 5.599414 0.099414
v 1.780845 5.599154 0.099155
v 1.780586 5.599414 0.098000
v 1.780586 5.598000 0.099414
v 2.818000 3.262000 0.000000
v 2.820000 3.262000 0.002000
v 2.818000 3.260000 0.002000
v 2.819414 3.262000 0.000586
v 2.819155 3.260845 0.000845
v 2.819414 3.260586 0.002000
v 2.818000 3.260586 0.000586
v 2.818000 3.262000 0.100000
v 2.818000 3.260000 0.098000
v 2.820000 3.262000 0.098000
v 2.818000 3.260586 0.099414
v 2.819155 3.260845 0.099155
v 2.819414 3.260586 0.098000
v 2.819414 3.262000 0.099414
v 2.818000 5.598000 0.000000
v 2.818000 5.600000 0.002000
v 2.820000 5.598000 0.002000
v 2.818000 5.599414 0.000586
v 2.819155 5.599154 0.000845
v 2.819414 5.599414 0.002000
v 2.819414 5.598000 0.000586
v 2.818000 5.598000 0.100000
v 2.820000 5.598000 0.098000
v 2.818000 5.600000 0.098000
v 2.819414 5.598000 0.099414
v 2.819155 5.599154 0.099155
v 2.819414 5.599414 0.098000
v 2.818000 5.599414 0.099414
v 1.782000 3.260586 0.000586
v 1.780845 3.260845 0.000845
v 1.780845 3.260845 0.000845
v 1.780586 3.262000 0.000586
v 1.780586 3.260586 0.002000
v 1.782000 3.260586 0.099414
v 1.780845 3.260845 0.099155
v 1.780845 3.260845 0.099155
v 1.780586 3.260586 0.098000
v 1.780586 3.262000 0.099414
v 1.780586 5.598000 0.000586
v 1.780845 5.599154 0.000845
v 1.780845 5.599154 0.000845
v 1.782000 5.599414 0.000586
v 1.780586 5.599414 0.002000
v 1.782000 5.599414 0.099414
v 1.780845 5.599154 0.099155
v 1.780845 5.599154 0.099155
v 1.780586 5.598000 0.099414
v 1.780586 5.599414 0.098000
v 2.819414 3.262000 0.000586
v 2.819155 3.260845 0.000845
v 2.819155 3.260845 0.000845
v 2.818000 3.260586 0.000586
v 2.819414 3.260586 0.002000
v 2.818000 3.260586 0.099414
v 2.819155 3.260845 0.099155
v 2.819155 3.260845 0.099155
v 2.819414 3.262000 0.099414
v 2.819414 3.260586 0.098000
v 2.818000 5.599414 0.000586
v 2.819155 5.599154 0.000845
v 2.819155 5.599154 0.000845
v 2.819414 5.598000 0.000586
v 2.819414 5.599414 0.002000
v 2.819414 5.598000 0.099414
v 2.819155 5.599154 0.099155
v 2.819155 5.599154 0.099155
v 2.818000 5.599414 0.099414
v 2.819414 5.599414 0.098000
s 0
f 6655 6661 6632 6626
f 6669 6675 6662 6654
f 6674 6646 6633 6660
f 6627 6634 6648 6640
f 6641 6647 6676 6668
f 6625 6681 6682 6684
f 6626 6685 6683 6628
f 6627 6631 6629 6630
f 6632 6686 6687 6689
f 6633 6690 6688 6635
f 6634 6638 6636 6637
f 6639 6691 6692 6694
f 6640 6695 6693 6642
f 6641 6645 6643 6644
f 6646 6696 6697 6699
f 6647 6700 6698 6649
f 6648 6652 6650 6651
f 6653 6701 6702 6704
f 6654 6705 6703 6656
f 6655 6659 6657 6658
f 6660 6706 6707 6709
f 6661 6710 6708 6663
f 6662 6666 6664 6665
f 6667 6711 6712 6714
f 6668 6715 6713 6670
f 6669 6673 6671 6672
f 6674 6716 6717 6719
f 6675 6720 6718 6677
f 6676 6680 6678 6679
f 6639 6625 6684 6691
f 6642 6631 6627 6640
f 6626 6632 6689 6685
f 6630 6638 6634 6627
f 6633 6646 6699 6690
f 6637 6652 6648 6634
f 6647 6641 6644 6700
f 6651 6695 6640 6648
f 6667 6639 6694 6711
f 6670 6645 6641 6668
f 6646 6674 6719 6696
f 6649 6680 6676 6647
f 6675 6669 6672 6720
f 6679 6715 6668 6676
f 6653 6667 6714 6701
f 6656 6673 6669 6654
f 6674 6660 6709 6716
f 6677 6666 6662 6675
f 6661 6655 6658 6710
f 6665 6705 6654 6662
f 6625 6653 6704 6681
f 6628 6659 6655 6626
f 6660 6633 6635 6706
f 6663 6686 6632 6661
f 6639 6667 6653 6625
o island_shelf
v 1.781000 4.771000 0.431000
v 1.781000 4.770000 0.432000
v 1.780000 4.771000 0.432000
v 1.781000 4.770293 0.431293
v 1.780423 4.770423 0.431423
v 1.780293 4.770293 0.432000
v 1.780293 4.771000 0.431293
v 1.781000 4.770000 0.448000
v 1.781000 4.771000 0.449000
v 1.780000 4.771000 0.448000
v 1.781000 4.770293 0.448707
v 1.780423 4.770423 0.448577
v 1.780293 4.771000 0.448707
v 1.780293 4.770293 0.448000
v 1.781000 5.569000 0.431000
v 1.780000 5.569000 0.432000
v 1.781000 5.570000 0.432000
v 1.780293 5.569000 0.431293
v 1.780423 5.569577 0.431423
v 1.780293 5.569707 0.432000
v 1.781000 5.569707 0.431293
v 1.781000 5.569000 0.449000
v 1.781000 5.570000 0.448000
v 1.780000 5.569000 0.448000
v 1.781000 5.569707 0.448707
v 1.780423 5.569577 0.448577
v 1.780293 5.569707 0.448000
v 1.780293 5.569000 0.448707
v 2.819000 4.771000 0.431000
v 2.820000 4.771000 0.432000
v 2.819000 4.770000 0.432000
v 2.819707 4.771000 0.431293
v 2.819577 4.770423 0.431423
v 2.819707 4.770293 0.432000
v 2.819000 4.770293 0.431293
v 2.819000 4.771000 0.449000
v 2.819000 4.770000 0.448000
v 2.820000 4.771000 0.448000
v 2.819000 4.770293 0.448707
v 2.819577 4.770423 0.448577
v 2.819707 4.770293 0.448000
v 2.819707 4.771000 0.448707
v 2.819000 5.569000 0.431000
v 2.819000 5.570000 0.432000
v 2.820000 5.569000 0.432000
v 2.819000 5.569707 0.431293
v 2.819577 5.569577 0.431423
v 2.819707 5.569707 0.432000
v 2.819707 5.569000 0.431293
v 2.819000 5.569000 0.449000
v 2.820000 5.569000 0.448000
v 2.819000 5.570000 0.448000
v 2.819707 5.569000 0.448707
v 2.819577 5.569577 0.448577
v 2.819707 5.569707 0.448000
v 2.819000 5.569707 0.448707
v 1.781000 4.770293 0.431293
v 1.780423 4.770423 0.431423
v 1.780423 4.770423 0.431423
v 1.780293 4.771000 0.431293
v 1.780293 4.770293 0.432000
v 1.781000 4.770293 0.448707
v 1.780423 4.770423 0.448577
v 1.780423 4.770423 0.448577
v 1.780293 4.770293 0.448000
v 1.780293 4.771000 0.448707
v 1.780293 5.569000 0.431293
v 1.780423 5.569577 0.431423
v 1.780423 5.569577 0.431423
v 1.781000 5.569707 0.431293
v 1.780293 5.569707 0.432000
v 1.781000 5.569707 0.448707
v 1.780423 5.569577 0.448577
v 1.780423 5.569577 0.448577
v 1.780293 5.569000 0.448707
v 1.780293 5.569707 0.448000
v 2.819707 4.771000 0.431293
v 2.819577 4.770423 0.431423
v 2.819577 4.770423 0.431423
v 2.819000 4.770293 0.431293
v 2.819707 4.770293 0.432000
v 2.819000 4.770293 0.448707
v 2.819577 4.770423 0.448577
v 2.819577 4.770423 0.448577
v 2.819707 4.771000 0.448707
v 2.819707 4.770293 0.448000
v 2.819000 5.569707 0.431293
v 2.819577 5.569577 0.431423
v 2.819577 5.569577 0.431423
v 2.819707 5.569000 0.431293
v 2.819707 5.569707 0.432000
v 2.819707 5.569000 0.448707
v 2.819577 5.569577 0.448577
v 2.819577 5.569577 0.448577
v 2.819000 5.569707 0.448707
v 2.819707 5.569707 0.448000
s 0
f 6751 6757 6728 6722
f 6765 6771 6758 6750
f 6770 6742 6729 6756
f 6723 6730 6744 6736
f 6737 6743 6772 6764
f 6721 6777 6778 6780
f 6722 6781 6779 6724
f 6723 6727 6725 6726
f 6728 6782 6783 6785
f 6729 6786 6784 6731
f 6730 6734 6732 6733
f 6735 6787 6788 6790
f 6736 6791 6789 6738
f 6737 6741 6739 6740
f 6742 6792 6793 6795
f 6743 6796 6794 6745
f 6744 6748 6746 6747
f 6749 6797 6798 6800
f 6750 6801 6799 6752
f 6751 6755 6753 6754
f 6756 6802 6803 6805
f 6757 6806 6804 6759
f 6758 6762 6760 6761
f 6763 6807 6808 6810
f 6764 6811 6809 6766
f 6765 6769 6767 6768
f 6770 6812 6813 6815
f 6771 6816 6814 6773
f 6772 6776 6774 6775
f 6735 6721 6780 6787
f 6738 6727 6723 6736
f 6722 6728 6785 6781
f 6726 6734 6730 6723
f 6729 6742 6795 6786
f 6733 6748 6744 6730
f 6743 6737 6740 6796
f 6747 6791 6736 6744
f 6763 6735 6790 6807
f 6766 6741 6737 6764
f 6742 6770 6815 6792
f 6745 6776 6772 6743
f 6771 6765 6768 6816
f 6775 6811 6764 6772
f 6749 6763 6810 6797
f 6752 6769 6765 6750
f 6770 6756 6805 6812
f 6773 6762 6758 6771
f 6757 6751 6754 6806
f 6761 6801 6750 6758
f 6721 6749 6800 6777
f 6724 6755 6751 6722
f 6756 6729 6731 6802
f 6759 6782 6728 6757
f 6735 6763 6749 6721
o pantry_base_top
v 8.341500 0.121500 0.842000
v 8.341500 0.120000 0.843500
v 8.340000 0.121500 0.843500
v 8.341500 0.120439 0.842439
v 8.340634 0.120634 0.842634
v 8.340440 0.120439 0.843500
v 8.340440 0.121500 0.842439
v 8.341500 0.120000 0.858500
v 8.341500 0.121500 0.860000
v 8.340000 0.121500 0.858500
v 8.341500 0.120439 0.859561
v 8.340634 0.120634 0.859366
v 8.340440 0.121500 0.859561
v 8.340440 0.120439 0.858500
v 8.341500 0.738500 0.842000
v 8.340000 0.738500 0.843500
v 8.341500 0.740000 0.843500
v 8.340440 0.738500 0.842439
v 8.340634 0.739366 0.842634
v 8.340440 0.739561 0.843500
v 8.341500 0.739561 0.842439
v 8.341500 0.738500 0.860000
v 8.341500 0.740000 0.858500
v 8.340000 0.738500 0.858500
v 8.341500 0.739561 0.859561
v 8.340634 0.739366 0.859366
v 8.340440 0.739561 0.858500
v 8.340440 0.738500 0.859561
v 9.778501 0.121500 0.842000
v 9.780001 0.121500 0.843500
v 9.778501 0.120000 0.843500
v 9.779561 0.121500 0.842439
v 9.779366 0.120634 0.842634
v 9.779561 0.120439 0.843500
v 9.778501 0.120439 0.842439
v 9.778501 0.121500 0.860000
v 9.778501 0.120000 0.858500
v 9.780001 0.121500 0.858500
v 9.778501 0.120439 0.859561
v 9.779366 0.120634 0.859366
v 9.779561 0.120439 0.858500
v 9.779561 0.121500 0.859561
v 9.778501 0.738500 0.842000
v 9.778501 0.740000 0.843500
v 9.780001 0.738500 0.843500
v 9.778501 0.739561 0.842439
v 9.779366 0.739366 0.842634
v 9.779561 0.739561 0.843500
v 9.779561 0.738500 0.842439
v 9.778501 0.738500 0.860000
v 9.780001 0.738500 0.858500
v 9.778501 0.740000 0.858500
v 9.779561 0.738500 0.859561
v 9.779366 0.739366 0.859366
v 9.779561 0.739561 0.858500
v 9.778501 0.739561 0.859561
v 8.341500 0.120439 0.842439
v 8.340634 0.120634 0.842634
v 8.340634 0.120634 0.842634
v 8.340440 0.121500 0.842439
v 8.340440 0.120439 0.843500
v 8.341500 0.120439 0.859561
v 8.340634 0.120634 0.859366
v 8.340634 0.120634 0.859366
v 8.340440 0.120439 0.858500
v 8.340440 0.121500 0.859561
v 8.340440 0.738500 0.842439
v 8.340634 0.739366 0.842634
v 8.340634 0.739366 0.842634
v 8.341500 0.739561 0.842439
v 8.340440 0.739561 0.843500
v 8.341500 0.739561 0.859561
v 8.340634 0.739366 0.859366
v 8.340634 0.739366 0.859366
v 8.340440 0.738500 0.859561
v 8.340440 0.739561 0.858500
v 9.779561 0.121500 0.842439
v 9.779366 0.120634 0.842634
v 9.779366 0.120634 0.842634
v 9.778501 0.120439 0.842439
v 9.779561 0.120439 0.843500
v 9.778501 0.120439 0.859561
v 9.779366 0.120634 0.859366
v 9.779366 0.120634 0.859366
v 9.779561 0.121500 0.859561
v 9.779561 0.120439 0.858500
v 9.778501 0.739561 0.842439
v 9.779366 0.739366 0.842634
v 9.779366 0.739366 0.842634
v 9.779561 0.738500 0.842439
v 9.779561 0.739561 0.843500
v 9.779561 0.738500 0.859561
v 9.779366 0.739366 0.859366
v 9.779366 0.739366 0.859366
v 9.778501 0.739561 0.859561
v 9.779561 0.739561 0.858500
s 0
f 6847 6853 6824 6818
f 6861 6867 6854 6846
f 6866 6838 6825 6852
f 6819 6826 6840 6832
f 6833 6839 6868 6860
f 6817 6873 6874 6876
f 6818 6877 6875 6820
f 6819 6823 6821 6822
f 6824 6878 6879 6881
f 6825 6882 6880 6827
f 6826 6830 6828 6829
f 6831 6883 6884 6886
f 6832 6887 6885 6834
f 6833 6837 6835 6836
f 6838 6888 6889 6891
f 6839 6892 6890 6841
f 6840 6844 6842 6843
f 6845 6893 6894 6896
f 6846 6897 6895 6848
f 6847 6851 6849 6850
f 6852 6898 6899 6901
f 6853 6902 6900 6855
f 6854 6858 6856 6857
f 6859 6903 6904 6906
f 6860 6907 6905 6862
f 6861 6865 6863 6864
f 6866 6908 6909 6911
f 6867 6912 6910 6869
f 6868 6872 6870 6871
f 6831 6817 6876 6883
f 6834 6823 6819 6832
f 6818 6824 6881 6877
f 6822 6830 6826 6819
f 6825 6838 6891 6882
f 6829 6844 6840 6826
f 6839 6833 6836 6892
f 6843 6887 6832 6840
f 6859 6831 6886 6903
f 6862 6837 6833 6860
f 6838 6866 6911 6888
f 6841 6872 6868 6839
f 6867 6861 6864 6912
f 6871 6907 6860 6868
f 6845 6859 6906 6893
f 6848 6865 6861 6846
f 6866 6852 6901 6908
f 6869 6858 6854 6867
f 6853 6847 6850 6902
f 6857 6897 6846 6854
f 6817 6845 6896 6873
f 6820 6851 6847 6818
f 6852 6825 6827 6898
f 6855 6878 6824 6853
f 6831 6859 6845 6817
o pantry_base_bot
v 8.341500 0.121500 0.100000
v 8.341500 0.120000 0.101500
v 8.340000 0.121500 0.101500
v 8.341500 0.120439 0.100439
v 8.340634 0.120634 0.100634
v 8.340440 0.120439 0.101500
v 8.340440 0.121500 0.100439
v 8.341500 0.120000 0.116500
v 8.341500 0.121500 0.118000
v 8.340000 0.121500 0.116500
v 8.341500 0.120439 0.117561
v 8.340634 0.120634 0.117366
v 8.340440 0.121500 0.117561
v 8.340440 0.120439 0.116500
v 8.341500 0.738500 0.100000
v 8.340000 0.738500 0.101500
v 8.341500 0.740000 0.101500
v 8.340440 0.738500 0.100439
v 8.340634 0.739366 0.100634
v 8.340440 0.739561 0.101500
v 8.341500 0.739561 0.100439
v 8.341500 0.738500 0.118000
v 8.341500 0.740000 0.116500
v 8.340000 0.738500 0.116500
v 8.341500 0.739561 0.117561
v 8.340634 0.739366 0.117366
v 8.340440 0.739561 0.116500
v 8.340440 0.738500 0.117561
v 9.778501 0.121500 0.100000
v 9.780001 0.121500 0.101500
v 9.778501 0.120000 0.101500
v 9.779561 0.121500 0.100439
v 9.779366 0.120634 0.100634
v 9.779561 0.120439 0.101500
v 9.778501 0.120439 0.100439
v 9.778501 0.121500 0.118000
v 9.778501 0.120000 0.116500
v 9.780001 0.121500 0.116500
v 9.778501 0.120439 0.117561
v 9.779366 0.120634 0.117366
v 9.779561 0.120439 0.116500
v 9.779561 0.121500 0.117561
v 9.778501 0.738500 0.100000
v 9.778501 0.740000 0.101500
v 9.780001 0.738500 0.101500
v 9.778501 0.739561 0.100439
v 9.779366 0.739366 0.100634
v 9.779561 0.739561 0.101500
v 9.779561 0.738500 0.100439
v 9.778501 0.738500 0.118000
v 9.780001 0.738500 0.116500
v 9.778501 0.740000 0.116500
v 9.779561 0.738500 0.117561
v 9.779366 0.739366 0.117366
v 9.779561 0.739561 0.116500
v 9.778501 0.739561 0.117561
v 8.341500 0.120439 0.100439
v 8.340634 0.120634 0.100634
v 8.340634 0.120634 0.100634
v 8.340440 0.121500 0.100439
v 8.340440 0.120439 0.101500
v 8.341500 0.120439 0.117561
v 8.340634 0.120634 0.117366
v 8.340634 0.120634 0.117366
v 8.340440 0.120439 0.116500
v 8.340440 0.121500 0.117561
v 8.340440 0.738500 0.100439
v 8.340634 0.739366 0.100634
v 8.340634 0.739366 0.100634
v 8.341500 0.739561 0.100439
v 8.340440 0.739561 0.101500
v 8.341500 0.739561 0.117561
v 8.340634 0.739366 0.117366
v 8.340634 0.739366 0.117366
v 8.340440 0.738500 0.117561
v 8.340440 0.739561 0.116500
v 9.779561 0.121500 0.100439
v 9.779366 0.120634 0.100634
v 9.779366 0.120634 0.100634
v 9.778501 0.120439 0.100439
v 9.779561 0.120439 0.101500
v 9.778501 0.120439 0.117561
v 9.779366 0.120634 0.117366
v 9.779366 0.120634 0.117366
v 9.779561 0.121500 0.117561
v 9.779561 0.120439 0.116500
v 9.778501 0.739561 0.100439
v 9.779366 0.739366 0.100634
v 9.779366 0.739366 0.100634
v 9.779561 0.738500 0.100439
v 9.779561 0.739561 0.101500
v 9.779561 0.738500 0.117561
v 9.779366 0.739366 0.117366
v 9.779366 0.739366 0.117366
v 9.778501 0.739561 0.117561
v 9.779561 0.739561 0.116500
s 0
f 6943 6949 6920 6914
f 6957 6963 6950 6942
f 6962 6934 6921 6948
f 6915 6922 6936 6928
f 6929 6935 6964 6956
f 6913 6969 6970 6972
f 6914 6973 6971 6916
f 6915 6919 6917 6918
f 6920 6974 6975 6977
f 6921 6978 6976 6923
f 6922 6926 6924 6925
f 6927 6979 6980 6982
f 6928 6983 6981 6930
f 6929 6933 6931 6932
f 6934 6984 6985 6987
f 6935 6988 6986 6937
f 6936 6940 6938 6939
f 6941 6989 6990 6992
f 6942 6993 6991 6944
f 6943 6947 6945 6946
f 6948 6994 6995 6997
f 6949 6998 6996 6951
f 6950 6954 6952 6953
f 6955 6999 7000 7002
f 6956 7003 7001 6958
f 6957 6961 6959 6960
f 6962 7004 7005 7007
f 6963 7008 7006 6965
f 6964 6968 6966 6967
f 6927 6913 6972 6979
f 6930 6919 6915 6928
f 6914 6920 6977 6973
f 6918 6926 6922 6915
f 6921 6934 6987 6978
f 6925 6940 6936 6922
f 6935 6929 6932 6988
f 6939 6983 6928 6936
f 6955 6927 6982 6999
f 6958 6933 6929 6956
f 6934 6962 7007 6984
f 6937 6968 6964 6935
f 6963 6957 6960 7008
f 6967 7003 6956 6964
f 6941 6955 7002 6989
f 6944 6961 6957 6942
f 6962 6948 6997 7004
f 6965 6954 6950 6963
f 6949 6943 6946 6998
f 6953 6993 6942 6950
f 6913 6941 6992 6969
f 6916 6947 6943 6914
f 6948 6921 6923 6994
f 6951 6974 6920 6949
f 6927 6955 6941 6913
o pantry_base_sideW
v 8.341500 0.121500 0.100000
v 8.341500 0.120000 0.101500
v 8.340000 0.121500 0.101500
v 8.341500 0.120439 0.100439
v 8.340634 0.120634 0.100634
v 8.340439 0.120439 0.101500
v 8.340439 0.121500 0.100439
v 8.341500 0.120000 0.858500
v 8.341500 0.121500 0.860000
v 8.340000 0.121500 0.858500
v 8.341500 0.120439 0.859561
v 8.340634 0.120634 0.859366
v 8.340439 0.121500 0.859561
v 8.340439 0.120439 0.858500
v 8.341500 0.738500 0.100000
v 8.340000 0.738500 0.101500
v 8.341500 0.740000 0.101500
v 8.340439 0.738500 0.100439
v 8.340634 0.739366 0.100634
v 8.340439 0.739561 0.101500
v 8.341500 0.739561 0.100439
v 8.341500 0.738500 0.860000
v 8.341500 0.740000 0.858500
v 8.340000 0.738500 0.858500
v 8.341500 0.739561 0.859561
v 8.340634 0.739366 0.859366
v 8.340439 0.739561 0.858500
v 8.340439 0.738500 0.859561
v 8.356500 0.121500 0.100000
v 8.358000 0.121500 0.101500
v 8.356500 0.120000 0.101500
v 8.357561 0.121500 0.100439
v 8.357366 0.120634 0.100634
v 8.357561 0.120439 0.101500
v 8.356500 0.120439 0.100439
v 8.356500 0.121500 0.860000
v 8.356500 0.120000 0.858500
v 8.358000 0.121500 0.858500
v 8.356500 0.120439 0.859561
v 8.357366 0.120634 0.859366
v 8.357561 0.120439 0.858500
v 8.357561 0.121500 0.859561
v 8.356500 0.738500 0.100000
v 8.356500 0.740000 0.101500
v 8.358000 0.738500 0.101500
v 8.356500 0.739561 0.100439
v 8.357366 0.739366 0.100634
v 8.357561 0.739561 0.101500
v 8.357561 0.738500 0.100439
v 8.356500 0.738500 0.860000
v 8.358000 0.738500 0.858500
v 8.356500 0.740000 0.858500
v 8.357561 0.738500 0.859561
v 8.357366 0.739366 0.859366
v 8.357561 0.739561 0.858500
v 8.356500 0.739561 0.859561
v 8.341500 0.120439 0.100439
v 8.340634 0.120634 0.100634
v 8.340634 0.120634 0.100634
v 8.340439 0.121500 0.100439
v 8.340439 0.120439 0.101500
v 8.341500 0.120439 0.859561
v 8.340634 0.120634 0.859366
v 8.340634 0.120634 0.859366
v 8.340439 0.120439 0.858500
v 8.340439 0.121500 0.859561
v 8.340439 0.738500 0.100439
v 8.340634 0.739366 0.100634
v 8.340634 0.739366 0.100634
v 8.341500 0.739561 0.100439
v 8.340439 0.739561 0.101500
v 8.341500 0.739561 0.859561
v 8.340634 0.739366 0.859366
v 8.340634 0.739366 0.859366
v 8.340439 0.738500 0.859561
v 8.340439 0.739561 0.858500
v 8.357561 0.121500 0.100439
v 8.357366 0.120634 0.100634
v 8.357366 0.120634 0.100634
v 8.356500 0.120439 0.100439
v 8.357561 0.120439 0.101500
v 8.356500 0.120439 0.859561
v 8.357366 0.120634 0.859366
v 8.357366 0.120634 0.859366
v 8.357561 0.121500 0.859561
v 8.357561 0.120439 0.858500
v 8.356500 0.739561 0.100439
v 8.357366 0.739366 0.100634
v 8.357366 0.739366 0.100634
v 8.357561 0.738500 0.100439
v 8.357561 0.739561 0.101500
v 8.357561 0.738500 0.859561
v 8.357366 0.739366 0.859366
v 8.357366 0.739366 0.859366
v 8.356500 0.739561 0.859561
v 8.357561 0.739561 0.858500
s 0
f 7039 7045 7016 7010
f 7053 7059 7046 7038
f 7058 7030 7017 7044
f 7011 7018 7032 7024
f 7025 7031 7060 7052
f 7009 7065 7066 7068
f 7010 7069 7067 7012
f 7011 7015 7013 7014
f 7016 7070 7071 7073
f 7017 7074 7072 7019
f 7018 7022 7020 7021
f 7023 7075 7076 7078
f 7024 7079 7077 7026
f 7025 7029 7027 7028
f 7030 7080 7081 7083
f 7031 7084 7082 7033
f 7032 7036 7034 7035
f 7037 7085 7086 7088
f 7038 7089 7087 7040
f 7039 7043 7041 7042
f 7044 7090 7091 7093
f 7045 7094 7092 7047
f 7046 7050 7048 7049
f 7051 7095 7096 7098
f 7052 7099 7097 7054
f 7053 7057 7055 7056
f 7058 7100 7101 7103
f 7059 7104 7102 7061
f 7060 7064 7062 7063
f 7023 7009 7068 7075
f 7026 7015 7011 7024
f 7010 7016 7073 7069
f 7014 7022 7018 7011
f 7017 7030 7083 7074
f 7021 7036 7032 7018
f 7031 7025 7028 7084
f 7035 7079 7024 7032
f 7051 7023 7078 7095
f 7054 7029 7025 7052
f 7030 7058 7103 7080
f 7033 7064 7060 7031
f 7059 7053 7056 7104
f 7063 7099 7052 7060
f 7037 7051 7098 7085
f 7040 7057 7053 7038
f 7058 7044 7093 7100
f 7061 7050 7046 7059
f 7045 7039 7042 7094
f 7049 7089 7038 7046
f 7009 7037 7088 7065
f 7012 7043 7039 7010
f 7044 7017 7019 7090
f 7047 7070 7016 7045
f 7023 7051 7037 7009
o pantry_base_sideE
v 9.763500 0.121500 0.100000
v 9.763500 0.120000 0.101500
v 9.762000 0.121500 0.101500
v 9.763500 0.120439 0.100439
v 9.762634 0.120634 0.100634
v 9.762439 0.120439 0.101500
v 9.762439 0.121500 0.100439
v 9.763500 0.120000 0.858500
v 9.763500 0.121500 0.860000
v 9.762000 0.121500 0.858500
v 9.763500 0.120439 0.859561
v 9.762634 0.120634 0.859366
v 9.762439 0.121500 0.859561
v 9.762439 0.120439 0.858500
v 9.763500 0.738500 0.100000
v 9.762000 0.738500 0.101500
v 9.763500 0.740000 0.101500
v 9.762439 0.738500 0.100439
v 9.762634 0.739366 0.100634
v 9.762439 0.739561 0.101500
v 9.763500 0.739561 0.100439
v 9.763500 0.738500 0.860000
v 9.763500 0.740000 0.858500
v 9.762000 0.738500 0.858500
v 9.763500 0.739561 0.859561
v 9.762634 0.739366 0.859366
v 9.762439 0.739561 0.858500
v 9.762439 0.738500 0.859561
v 9.778500 0.121500 0.100000
v 9.780000 0.121500 0.101500
v 9.778500 0.120000 0.101500
v 9.779561 0.121500 0.100439
v 9.779366 0.120634 0.100634
v 9.779561 0.120439 0.101500
v 9.778500 0.120439 0.100439
v 9.778500 0.121500 0.860000
v 9.778500 0.120000 0.858500
v 9.780000 0.121500 0.858500
v 9.778500 0.120439 0.859561
v 9.779366 0.120634 0.859366
v 9.779561 0.120439 0.858500
v 9.779561 0.121500 0.859561
v 9.778500 0.738500 0.100000
v 9.778500 0.740000 0.101500
v 9.780000 0.738500 0.101500
v 9.778500 0.739561 0.100439
v 9.779366 0.739366 0.100634
v 9.779561 0.739561 0.101500
v 9.779561 0.738500 0.100439
v 9.778500 0.738500 0.860000
v 9.780000 0.738500 0.858500
v 9.778500 0.740000 0.858500
v 9.779561 0.738500 0.859561
v 9.779366 0.739366 0.859366
v 9.779561 0.739561 0.858500
v 9.778500 0.739561 0.859561
v 9.763500 0.120439 0.100439
v 9.762634 0.120634 0.100634
v 9.762634 0.120634 0.100634
v 9.762439 0.121500 0.100439
v 9.762439 0.120439 0.101500
v 9.763500 0.120439 0.859561
v 9.762634 0.120634 0.859366
v 9.762634 0.120634 0.859366
v 9.762439 0.120439 0.858500
v 9.762439 0.121500 0.859561
v 9.762439 0.738500 0.100439
v 9.762634 0.739366 0.100634
v 9.762634 0.739366 0.100634
v 9.763500 0.739561 0.100439
v 9.762439 0.739561 0.101500
v 9.763500 0.739561 0.859561
v 9.762634 0.739366 0.859366
v 9.762634 0.739366 0.859366
v 9.762439 0.738500 0.859561
v 9.762439 0.739561 0.858500
v 9.779561 0.121500 0.100439
v 9.779366 0.120634 0.100634
v 9.779366 0.120634 0.100634
v 9.778500 0.120439 0.100439
v 9.779561 0.120439 0.101500
v 9.778500 0.120439 0.859561
v 9.779366 0.120634 0.859366
v 9.779366 0.120634 0.859366
v 9.779561 0.121500 0.859561
v 9.779561 0.120439 0.858500
v 9.778500 0.739561 0.100439
v 9.779366 0.739366 0.100634
v 9.779366 0.739366 0.100634
v 9.779561 0.738500 0.100439
v 9.779561 0.739561 0.101500
v 9.779561 0.738500 0.859561
v 9.779366 0.739366 0.859366
v 9.779366 0.739366 0.859366
v 9.778500 0.739561 0.859561
v 9.779561 0.739561 0.858500
s 0
f 7135 7141 7112 7106
f 7149 7155 7142 7134
f 7154 7126 7113 7140
f 7107 7114 7128 7120
f 7121 7127 7156 7148
f 7105 7161 7162 7164
f 7106 7165 7163 7108
f 7107 7111 7109 7110
f 7112 7166 7167 7169
f 7113 7170 7168 7115
f 7114 7118 7116 7117
f 7119 7171 7172 7174
f 7120 7175 7173 7122
f 7121 7125 7123 7124
f 7126 7176 7177 7179
f 7127 7180 7178 7129
f 7128 7132 7130 7131
f 7133 7181 7182 7184
f 7134 7185 7183 7136
f 7135 7139 7137 7138
f 7140 7186 7187 7189
f 7141 7190 7188 7143
f 7142 7146 7144 7145
f 7147 7191 7192 7194
f 7148 7195 7193 7150
f 7149 7153 7151 7152
f 7154 7196 7197 7199
f 7155 7200 7198 7157
f 7156 7160 7158 7159
f 7119 7105 7164 7171
f 7122 7111 7107 7120
f 7106 7112 7169 7165
f 7110 7118 7114 7107
f 7113 7126 7179 7170
f 7117 7132 7128 7114
f 7127 7121 7124 7180
f 7131 7175 7120 7128
f 7147 7119 7174 7191
f 7150 7125 7121 7148
f 7126 7154 7199 7176
f 7129 7160 7156 7127
f 7155 7149 7152 7200
f 7159 7195 7148 7156
f 7133 7147 7194 7181
f 7136 7153 7149 7134
f 7154 7140 7189 7196
f 7157 7146 7142 7155
f 7141 7135 7138 7190
f 7145 7185 7134 7142
f 7105 7133 7184 7161
f 7108 7139 7135 7106
f 7140 7113 7115 7186
f 7143 7166 7112 7141
f 7119 7147 7133 7105
o pantry_base_back
v 8.341500 0.121500 0.100000
v 8.341500 0.120000 0.101500
v 8.340000 0.121500 0.101500
v 8.341500 0.120439 0.100439
v 8.340634 0.120634 0.100634
v 8.340440 0.120439 0.101500
v 8.340440 0.121500 0.100439
v 8.341500 0.120000 0.858500
v 8.341500 0.121500 0.860000
v 8.340000 0.121500 0.858500
v 8.341500 0.120439 0.859561
v 8.340634 0.120634 0.859366
v 8.340440 0.121500 0.859561
v 8.340440 0.120439 0.858500
v 8.341500 0.130500 0.100000
v 8.340000 0.130500 0.101500
v 8.341500 0.132000 0.101500
v 8.340440 0.130500 0.100439
v 8.340634 0.131366 0.100634
v 8.340440 0.131561 0.101500
v 8.341500 0.131561 0.100439
v 8.341500 0.130500 0.860000
v 8.341500 0.132000 0.858500
v 8.340000 0.130500 0.858500
v 8.341500 0.131561 0.859561
v 8.340634 0.131366 0.859366
v 8.340440 0.131561 0.858500
v 8.340440 0.130500 0.859561
v 9.778501 0.121500 0.100000
v 9.780001 0.121500 0.101500
v 9.778501 0.120000 0.101500
v 9.779561 0.121500 0.100439
v 9.779366 0.120634 0.100634
v 9.779561 0.120439 0.101500
v 9.778501 0.120439 0.100439
v 9.778501 0.121500 0.860000
v 9.778501 0.120000 0.858500
v 9.780001 0.121500 0.858500
v 9.778501 0.120439 0.859561
v 9.779366 0.120634 0.859366
v 9.779561 0.120439 0.858500
v 9.779561 0.121500 0.859561
v 9.778501 0.130500 0.100000
v 9.778501 0.132000 0.101500
v 9.780001 0.130500 0.101500
v 9.778501 0.131561 0.100439
v 9.779366 0.131366 0.100634
v 9.779561 0.131561 0.101500
v 9.779561 0.130500 0.100439
v 9.778501 0.130500 0.860000
v 9.780001 0.130500 0.858500
v 9.778501 0.132000 0.858500
v 9.779561 0.130500 0.859561
v 9.779366 0.131366 0.859366
v 9.779561 0.131561 0.858500
v 9.778501 0.131561 0.859561
v 8.341500 0.120439 0.100439
v 8.340634 0.120634 0.100634
v 8.340634 0.120634 0.100634
v 8.340440 0.121500 0.100439
v 8.340440 0.120439 0.101500
v 8.341500 0.120439 0.859561
v 8.340634 0.120634 0.859366
v 8.340634 0.120634 0.859366
v 8.340440 0.120439 0.858500
v 8.340440 0.121500 0.859561
v 8.340440 0.130500 0.100439
v 8.340634 0.131366 0.100634
v 8.340634 0.131366 0.100634
v 8.341500 0.131561 0.100439
v 8.340440 0.131561 0.101500
v 8.341500 0.131561 0.859561
v 8.340634 0.131366 0.859366
v 8.340634 0.131366 0.859366
v 8.340440 0.130500 0.859561
v 8.340440 0.131561 0.858500
v 9.779561 0.121500 0.100439
v 9.779366 0.120634 0.100634
v 9.779366 0.120634 0.100634
v 9.778501 0.120439 0.100439
v 9.779561 0.120439 0.101500
v 9.778501 0.120439 0.859561
v 9.779366 0.120634 0.859366
v 9.779366 0.120634 0.859366
v 9.779561 0.121500 0.859561
v 9.779561 0.120439 0.858500
v 9.778501 0.131561 0.100439
v 9.779366 0.131366 0.100634
v 9.779366 0.131366 0.100634
v 9.779561 0.130500 0.100439
v 9.779561 0.131561 0.101500
v 9.779561 0.130500 0.859561
v 9.779366 0.131366 0.859366
v 9.779366 0.131366 0.859366
v 9.778501 0.131561 0.859561
v 9.779561 0.131561 0.858500
s 0
f 7231 7237 7208 7202
f 7245 7251 7238 7230
f 7250 7222 7209 7236
f 7203 7210 7224 7216
f 7217 7223 7252 7244
f 7201 7257 7258 7260
f 7202 7261 7259 7204
f 7203 7207 7205 7206
f 7208 7262 7263 7265
f 7209 7266 7264 7211
f 7210 7214 7212 7213
f 7215 7267 7268 7270
f 7216 7271 7269 7218
f 7217 7221 7219 7220
f 7222 7272 7273 7275
f 7223 7276 7274 7225
f 7224 7228 7226 7227
f 7229 7277 7278 7280
f 7230 7281 7279 7232
f 7231 7235 7233 7234
f 7236 7282 7283 7285
f 7237 7286 7284 7239
f 7238 7242 7240 7241
f 7243 7287 7288 7290
f 7244 7291 7289 7246
f 7245 7249 7247 7248
f 7250 7292 7293 7295
f 7251 7296 7294 7253
f 7252 7256 7254 7255
f 7215 7201 7260 7267
f 7218 7207 7203 7216
f 7202 7208 7265 7261
f 7206 7214 7210 7203
f 7209 7222 7275 7266
f 7213 7228 7224 7210
f 7223 7217 7220 7276
f 7227 7271 7216 7224
f 7243 7215 7270 7287
f 7246 7221 7217 7244
f 7222 7250 7295 7272
f 7225 7256 7252 7223
f 7251 7245 7248 7296
f 7255 7291 7244 7252
f 7229 7243 7290 7277
f 7232 7249 7245 7230
f 7250 7236 7285 7292
f 7253 7242 7238 7251
f 7237 7231 7234 7286
f 7241 7281 7230 7238
f 7201 7229 7280 7257
f 7204 7235 7231 7202
f 7236 7209 7211 7282
f 7239 7262 7208 7237
f 7215 7243 7229 7201
o pantry_plinth
v 8.392000 0.147000 0.000000
v 8.392000 0.145000 0.002000
v 8.390000 0.147000 0.002000
v 8.392000 0.145586 0.000586
v 8.390845 0.145845 0.000845
v 8.390586 0.145586 0.002000
v 8.390586 0.147000 0.000586
v 8.392000 0.145000 0.098000
v 8.392000 0.147000 0.100000
v 8.390000 0.147000 0.098000
v 8.392000 0.145586 0.099414
v 8.390845 0.145845 0.099155
v 8.390586 0.147000 0.099414
v 8.390586 0.145586 0.098000
v 8.392000 0.713000 0.000000
v 8.390000 0.713000 0.002000
v 8.392000 0.715000 0.002000
v 8.390586 0.713000 0.000586
v 8.390845 0.714155 0.000845
v 8.390586 0.714414 0.002000
v 8.392000 0.714414 0.000586
v 8.392000 0.713000 0.100000
v 8.392000 0.715000 0.098000
v 8.390000 0.713000 0.098000
v 8.392000 0.714414 0.099414
v 8.390845 0.714155 0.099155
v 8.390586 0.714414 0.098000
v 8.390586 0.713000 0.099414
v 9.778000 0.147000 0.000000
v 9.780000 0.147000 0.002000
v 9.778000 0.145000 0.002000
v 9.779414 0.147000 0.000586
v 9.779155 0.145845 0.000845
v 9.779414 0.145586 0.002000
v 9.778000 0.145586 0.000586
v 9.778000 0.147000 0.100000
v 9.778000 0.145000 0.098000
v 9.780000 0.147000 0.098000
v 9.778000 0.145586 0.099414
v 9.779155 0.145845 0.099155
v 9.779414 0.145586 0.098000
v 9.779414 0.147000 0.099414
v 9.778000 0.713000 0.000000
v 9.778000 0.715000 0.002000
v 9.780000 0.713000 0.002000
v 9.778000 0.714414 0.000586
v 9.779155 0.714155 0.000845
v 9.779414 0.714414 0.002000
v 9.779414 0.713000 0.000586
v 9.778000 0.713000 0.100000
v 9.780000 0.713000 0.098000
v 9.778000 0.715000 0.098000
v 9.779414 0.713000 0.099414
v 9.779155 0.714155 0.099155
v 9.779414 0.714414 0.098000
v 9.778000 0.714414 0.099414
v 8.392000 0.145586 0.000586
v 8.390845 0.145845 0.000845
v 8.390845 0.145845 0.000845
v 8.390586 0.147000 0.000586
v 8.390586 0.145586 0.002000
v 8.392000 0.145586 0.099414
v 8.390845 0.145845 0.099155
v 8.390845 0.145845 0.099155
v 8.390586 0.145586 0.098000
v 8.390586 0.147000 0.099414
v 8.390586 0.713000 0.000586
v 8.390845 0.714155 0.000845
v 8.390845 0.714155 0.000845
v 8.392000 0.714414 0.000586
v 8.390586 0.714414 0.002000
v 8.392000 0.714414 0.099414
v 8.390845 0.714155 0.099155
v 8.390845 0.714155 0.099155
v 8.390586 0.713000 0.099414
v 8.390586 0.714414 0.098000
v 9.779414 0.147000 0.000586
v 9.779155 0.145845 0.000845
v 9.779155 0.145845 0.000845
v 9.778000 0.145586 0.000586
v 9.779414 0.145586 0.002000
v 9.778000 0.145586 0.099414
v 9.779155 0.145845 0.099155
v 9.779155 0.145845 0.099155
v 9.779414 0.147000 0.099414
v 9.779414 0.145586 0.098000
v 9.778000 0.714414 0.000586
v 9.779155 0.714155 0.000845
v 9.779155 0.714155 0.000845
v 9.779414 0.713000 0.000586
v 9.779414 0.714414 0.002000
v 9.779414 0.713000 0.099414
v 9.779155 0.714155 0.099155
v 9.779155 0.714155 0.099155
v 9.778000 0.714414 0.099414
v 9.779414 0.714414 0.098000
s 0
f 7327 7333 7304 7298
f 7341 7347 7334 7326
f 7346 7318 7305 7332
f 7299 7306 7320 7312
f 7313 7319 7348 7340
f 7297 7353 7354 7356
f 7298 7357 7355 7300
f 7299 7303 7301 7302
f 7304 7358 7359 7361
f 7305 7362 7360 7307
f 7306 7310 7308 7309
f 7311 7363 7364 7366
f 7312 7367 7365 7314
f 7313 7317 7315 7316
f 7318 7368 7369 7371
f 7319 7372 7370 7321
f 7320 7324 7322 7323
f 7325 7373 7374 7376
f 7326 7377 7375 7328
f 7327 7331 7329 7330
f 7332 7378 7379 7381
f 7333 7382 7380 7335
f 7334 7338 7336 7337
f 7339 7383 7384 7386
f 7340 7387 7385 7342
f 7341 7345 7343 7344
f 7346 7388 7389 7391
f 7347 7392 7390 7349
f 7348 7352 7350 7351
f 7311 7297 7356 7363
f 7314 7303 7299 7312
f 7298 7304 7361 7357
f 7302 7310 7306 7299
f 7305 7318 7371 7362
f 7309 7324 7320 7306
f 7319 7313 7316 7372
f 7323 7367 7312 7320
f 7339 7311 7366 7383
f 7342 7317 7313 7340
f 7318 7346 7391 7368
f 7321 7352 7348 7319
f 7347 7341 7344 7392
f 7351 7387 7340 7348
f 7325 7339 7386 7373
f 7328 7345 7341 7326
f 7346 7332 7381 7388
f 7349 7338 7334 7347
f 7333 7327 7330 7382
f 7337 7377 7326 7334
f 7297 7325 7376 7353
f 7300 7331 7327 7298
f 7332 7305 7307 7378
f 7335 7358 7304 7333
f 7311 7339 7325 7297
o sideboard_top
v 5.401500 0.021500 0.742000
v 5.401500 0.020000 0.743500
v 5.400000 0.021500 0.743500
v 5.401500 0.020439 0.742439
v 5.400634 0.020634 0.742634
v 5.400439 0.020439 0.743500
v 5.400439 0.021500 0.742439
v 5.401500 0.020000 0.758500
v 5.401500 0.021500 0.760000
v 5.400000 0.021500 0.758500
v 5.401500 0.020439 0.759561
v 5.400634 0.020634 0.759366
v 5.400439 0.021500 0.759561
v 5.400439 0.020439 0.758500
v 5.401500 0.448500 0.742000
v 5.400000 0.448500 0.743500
v 5.401500 0.450000 0.743500
v 5.400439 0.448500 0.742439
v 5.400634 0.449366 0.742634
v 5.400439 0.449561 0.743500
v 5.401500 0.449561 0.742439
v 5.401500 0.448500 0.760000
v 5.401500 0.450000 0.758500
v 5.400000 0.448500 0.758500
v 5.401500 0.449561 0.759561
v 5.400634 0.449366 0.759366
v 5.400439 0.449561 0.758500
v 5.400439 0.448500 0.759561
v 7.398500 0.021500 0.742000
v 7.400000 0.021500 0.743500
v 7.398500 0.020000 0.743500
v 7.399561 0.021500 0.742439
v 7.399366 0.020634 0.742634
v 7.399561 0.020439 0.743500
v 7.398500 0.020439 0.742439
v 7.398500 0.021500 0.760000
v 7.398500 0.020000 0.758500
v 7.400000 0.021500 0.758500
v 7.398500 0.020439 0.759561
v 7.399366 0.020634 0.759366
v 7.399561 0.020439 0.758500
v 7.399561 0.021500 0.759561
v 7.398500 0.448500 0.742000
v 7.398500 0.450000 0.743500
v 7.400000 0.448500 0.743500
v 7.398500 0.449561 0.742439
v 7.399366 0.449366 0.742634
v 7.399561 0.449561 0.743500
v 7.399561 0.448500 0.742439
v 7.398500 0.448500 0.760000
v 7.400000 0.448500 0.758500
v 7.398500 0.450000 0.758500
v 7.399561 0.448500 0.759561
v 7.399366 0.449366 0.759366
v 7.399561 0.449561 0.758500
v 7.398500 0.449561 0.759561
v 5.401500 0.020439 0.742439
v 5.400634 0.020634 0.742634
v 5.400634 0.020634 0.742634
v 5.400439 0.021500 0.742439
v 5.400439 0.020439 0.743500
v 5.401500 0.020439 0.759561
v 5.400634 0.020634 0.759366
v 5.400634 0.020634 0.759366
v 5.400439 0.020439 0.758500
v 5.400439 0.021500 0.759561
v 5.400439 0.448500 0.742439
v 5.400634 0.449366 0.742634
v 5.400634 0.449366 0.742634
v 5.401500 0.449561 0.742439
v 5.400439 0.449561 0.743500
v 5.401500 0.449561 0.759561
v 5.400634 0.449366 0.759366
v 5.400634 0.449366 0.759366
v 5.400439 0.448500 0.759561
v 5.400439 0.449561 0.758500
v 7.399561 0.021500 0.742439
v 7.399366 0.020634 0.742634
v 7.399366 0.020634 0.742634
v 7.398500 0.020439 0.742439
v 7.399561 0.020439 0.743500
v 7.398500 0.020439 0.759561
v 7.399366 0.020634 0.759366
v 7.399366 0.020634 0.759366
v 7.399561 0.021500 0.759561
v 7.399561 0.020439 0.758500
v 7.398500 0.449561 0.742439
v 7.399366 0.449366 0.742634
v 7.399366 0.449366 0.742634
v 7.399561 0.448500 0.742439
v 7.399561 0.449561 0.743500
v 7.399561 0.448500 0.759561
v 7.399366 0.449366 0.759366
v 7.399366 0.449366 0.759366
v 7.398500 0.449561 0.759561
v 7.399561 0.449561 0.758500
s 0
f 7423 7429 7400 7394
f 7437 7443 7430 7422
f 7442 7414 7401 7428
f 7395 7402 7416 7408
f 7409 7415 7444 7436
f 7393 7449 7450 7452
f 7394 7453 7451 7396
f 7395 7399 7397 7398
f 7400 7454 7455 7457
f 7401 7458 7456 7403
f 7402 7406 7404 7405
f 7407 7459 7460 7462
f 7408 7463 7461 7410
f 7409 7413 7411 7412
f 7414 7464 7465 7467
f 7415 7468 7466 7417
f 7416 7420 7418 7419
f 7421 7469 7470 7472
f 7422 7473 7471 7424
f 7423 7427 7425 7426
f 7428 7474 7475 7477
f 7429 7478 7476 7431
f 7430 7434 7432 7433
f 7435 7479 7480 7482
f 7436 7483 7481 7438
f 7437 7441 7439 7440
f 7442 7484 7485 7487
f 7443 7488 7486 7445
f 7444 7448 7446 7447
f 7407 7393 7452 7459
f 7410 7399 7395 7408
f 7394 7400 7457 7453
f 7398 7406 7402 7395
f 7401 7414 7467 7458
f 7405 7420 7416 7402
f 7415 7409 7412 7468
f 7419 7463 7408 7416
f 7435 7407 7462 7479
f 7438 7413 7409 7436
f 7414 7442 7487 7464
f 7417 7448 7444 7415
f 7443 7437 7440 7488
f 7447 7483 7436 7444
f 7421 7435 7482 7469
f 7424 7441 7437 7422
f 7442 7428 7477 7484
f 7445 7434 7430 7443
f 7429 7423 7426 7478
f 7433 7473 7422 7430
f 7393 7421 7472 7449
f 7396 7427 7423 7394
f 7428 7401 7403 7474
f 7431 7454 7400 7429
f 7407 7435 7421 7393
o sideboard_bot
v 5.401500 0.021500 0.080000
v 5.401500 0.020000 0.081500
v 5.400000 0.021500 0.081500
v 5.401500 0.020439 0.080439
v 5.400634 0.020634 0.080634
v 5.400439 0.020439 0.081500
v 5.400439 0.021500 0.080439
v 5.401500 0.020000 0.096500
v 5.401500 0.021500 0.098000
v 5.400000 0.021500 0.096500
v 5.401500 0.020439 0.097561
v 5.400634 0.020634 0.097366
v 5.400439 0.021500 0.097561
v 5.400439 0.020439 0.096500
v 5.401500 0.448500 0.080000
v 5.400000 0.448500 0.081500
v 5.401500 0.450000 0.081500
v 5.400439 0.448500 0.080439
v 5.400634 0.449366 0.080634
v 5.400439 0.449561 0.081500
v 5.401500 0.449561 0.080439
v 5.401500 0.448500 0.098000
v 5.401500 0.450000 0.096500
v 5.400000 0.448500 0.096500
v 5.401500 0.449561 0.097561
v 5.400634 0.449366 0.097366
v 5.400439 0.449561 0.096500
v 5.400439 0.448500 0.097561
v 7.398500 0.021500 0.080000
v 7.400000 0.021500 0.081500
v 7.398500 0.020000 0.081500
v 7.399561 0.021500 0.080439
v 7.399366 0.020634 0.080634
v 7.399561 0.020439 0.081500
v 7.398500 0.020439 0.080439
v 7.398500 0.021500 0.098000
v 7.398500 0.020000 0.096500
v 7.400000 0.021500 0.096500
v 7.398500 0.020439 0.097561
v 7.399366 0.020634 0.097366
v 7.399561 0.020439 0.096500
v 7.399561 0.021500 0.097561
v 7.398500 0.448500 0.080000
v 7.398500 0.450000 0.081500
v 7.400000 0.448500 0.081500
v 7.398500 0.449561 0.080439
v 7.399366 0.449366 0.080634
v 7.399561 0.449561 0.081500
v 7.399561 0.448500 0.080439
v 7.398500 0.448500 0.098000
v 7.400000 0.448500 0.096500
v 7.398500 0.450000 0.096500
v 7.399561 0.448500 0.097561
v 7.399366 0.449366 0.097366
v 7.399561 0.449561 0.096500
v 7.398500 0.449561 0.097561
v 5.401500 0.020439 0.080439
v 5.400634 0.020634 0.080634
v 5.400634 0.020634 0.080634
v 5.400439 0.021500 0.080439
v 5.400439 0.020439 0.081500
v 5.401500 0.020439 0.097561
v 5.400634 0.020634 0.097366
v 5.400634 0.020634 0.097366
v 5.400439 0.020439 0.096500
v 5.400439 0.021500 0.097561
v 5.400439 0.448500 0.080439
v 5.400634 0.449366 0.080634
v 5.400634 0.449366 0.080634
v 5.401500 0.449561 0.080439
v 5.400439 0.449561 0.081500
v 5.401500 0.449561 0.097561
v 5.400634 0.449366 0.097366
v 5.400634 0.449366 0.097366
v 5.400439 0.448500 0.097561
v 5.400439 0.449561 0.096500
v 7.399561 0.021500 0.080439
v 7.399366 0.020634 0.080634
v 7.399366 0.020634 0.080634
v 7.398500 0.020439 0.080439
v 7.399561 0.020439 0.081500
v 7.398500 0.020439 0.097561
v 7.399366 0.020634 0.097366
v 7.399366 0.020634 0.097366
v 7.399561 0.021500 0.097561
v 7.399561 0.020439 0.096500
v 7.398500 0.449561 0.080439
v 7.399366 0.449366 0.080634
v 7.399366 0.449366 0.080634
v 7.399561 0.448500 0.080439
v 7.399561 0.449561 0.081500
v 7.399561 0.448500 0.097561
v 7.399366 0.449366 0.097366
v 7.399366 0.449366 0.097366
v 7.398500 0.449561 0.097561
v 7.399561 0.449561 0.096500
s 0
f 7519 7525 7496 7490
f 7533 7539 7526 7518
f 7538 7510 7497 7524
f 7491 7498 7512 7504
f 7505 7511 7540 7532
f 7489 7545 7546 7548
f 7490 7549 7547 7492
f 7491 7495 7493 7494
f 7496 7550 7551 7553
f 7497 7554 7552 7499
f 7498 7502 7500 7501
f 7503 7555 7556 7558
f 7504 7559 7557 7506
f 7505 7509 7507 7508
f 7510 7560 7561 7563
f 7511 7564 7562 7513
f 7512 7516 7514 7515
f 7517 7565 7566 7568
f 7518 7569 7567 7520
f 7519 7523 7521 7522
f 7524 7570 7571 7573
f 7525 7574 7572 7527
f 7526 7530 7528 7529
f 7531 7575 7576 7578
f 7532 7579 7577 7534
f 7533 7537 7535 7536
f 7538 7580 7581 7583
f 7539 7584 7582 7541
f 7540 7544 7542 7543
f 7503 7489 7548 7555
f 7506 7495 7491 7504
f 7490 7496 7553 7549
f 7494 7502 7498 7491
f 7497 7510 7563 7554
f 7501 7516 7512 7498
f 7511 7505 7508 7564
f 7515 7559 7504 7512
f 7531 7503 7558 7575
f 7534 7509 7505 7532
f 7510 7538 7583 7560
f 7513 7544 7540 7511
f 7539 7533 7536 7584
f 7543 7579 7532 7540
f 7517 7531 7578 7565
f 7520 7537 7533 7518
f 7538 7524 7573 7580
f 7541 7530 7526 7539
f 7525 7519 7522 7574
f 7529 7569 7518 7526
f 7489 7517 7568 7545
f 7492 7523 7519 7490
f 7524 7497 7499 7570
f 7527 7550 7496 7525
f 7503 7531 7517 7489
o sideboard_sideW
v 5.401500 0.021500 0.080000
v 5.401500 0.020000 0.081500
v 5.400000 0.021500 0.081500
v 5.401500 0.020439 0.080439
v 5.400634 0.020634 0.080634
v 5.400439 0.020439 0.081500
v 5.400439 0.021500 0.080439
v 5.401500 0.020000 0.758500
v 5.401500 0.021500 0.760000
v 5.400000 0.021500 0.758500
v 5.401500 0.020439 0.759561
v 5.400634 0.020634 0.759366
v 5.400439 0.021500 0.759561
v 5.400439 0.020439 0.758500
v 5.401500 0.448500 0.080000
v 5.400000 0.448500 0.081500
v 5.401500 0.450000 0.081500
v 5.400439 0.448500 0.080439
v 5.400634 0.449366 0.080634
v 5.400439 0.449561 0.081500
v 5.401500 0.449561 0.080439
v 5.401500 0.448500 0.760000
v 5.401500 0.450000 0.758500
v 5.400000 0.448500 0.758500
v 5.401500 0.449561 0.759561
v 5.400634 0.449366 0.759366
v 5.400439 0.449561 0.758500
v 5.400439 0.448500 0.759561
v 5.416500 0.021500 0.080000
v 5.418000 0.021500 0.081500
v 5.416500 0.020000 0.081500
v 5.417561 0.021500 0.080439
v 5.417366 0.020634 0.080634
v 5.417561 0.020439 0.081500
v 5.416500 0.020439 0.080439
v 5.416500 0.021500 0.760000
v 5.416500 0.020000 0.758500
v 5.418000 0.021500 0.758500
v 5.416500 0.020439 0.759561
v 5.417366 0.020634 0.759366
v 5.417561 0.020439 0.758500
v 5.417561 0.021500 0.759561
v 5.416500 0.448500 0.080000
v 5.416500 0.450000 0.081500
v 5.418000 0.448500 0.081500
v 5.416500 0.449561 0.080439
v 5.417366 0.449366 0.080634
v 5.417561 0.449561 0.081500
v 5.417561 0.448500 0.080439
v 5.416500 0.448500 0.760000
v 5.418000 0.448500 0.758500
v 5.416500 0.450000 0.758500
v 5.417561 0.448500 0.759561
v 5.417366 0.449366 0.759366
v 5.417561 0.449561 0.758500
v 5.416500 0.449561 0.759561
v 5.401500 0.020439 0.080439
v 5.400634 0.020634 0.080634
v 5.400634 0.020634 0.080634
v 5.400439 0.021500 0.080439
v 5.400439 0.020439 0.081500
v 5.401500 0.020439 0.759561
v 5.400634 0.020634 0.759366
v 5.400634 0.020634 0.759366
v 5.400439 0.020439 0.758500
v 5.400439 0.021500 0.759561
v 5.400439 0.448500 0.080439
v 5.400634 0.449366 0.080634
v 5.400634 0.449366 0.080634
v 5.401500 0.449561 0.080439
v 5.400439 0.449561 0.081500
v 5.401500 0.449561 0.759561
v 5.400634 0.449366 0.759366
v 5.400634 0.449366 0.759366
v 5.400439 0.448500 0.759561
v 5.400439 0.449561 0.758500
v 5.417561 0.021500 0.080439
v 5.417366 0.020634 0.080634
v 5.417366 0.020634 0.080634
v 5.416500 0.020439 0.080439
v 5.417561 0.020439 0.081500
v 5.416500 0.020439 0.759561
v 5.417366 0.020634 0.759366
v 5.417366 0.020634 0.759366
v 5.417561 0.021500 0.759561
v 5.417561 0.020439 0.758500
v 5.416500 0.449561 0.080439
v 5.417366 0.449366 0.080634
v 5.417366 0.449366 0.080634
v 5.417561 0.448500 0.080439
v 5.417561 0.449561 0.081500
v 5.417561 0.448500 0.759561
v 5.417366 0.449366 0.759366
v 5.417366 0.449366 0.759366
v 5.416500 0.449561 0.759561
v 5.417561 0.449561 0.758500
s 0
f 7615 7621 7592 7586
f 7629 7635 7622 7614
f 7634 7606 7593 7620
f 7587 7594 7608 7600
f 7601 7607 7636 7628
f 7585 7641 7642 7644
f 7586 7645 7643 7588
f 7587 7591 7589 7590
f 7592 7646 7647 7649
f 7593 7650 7648 7595
f 7594 7598 7596 7597
f 7599 7651 7652 7654
f 7600 7655 7653 7602
f 7601 7605 7603 7604
f 7606 7656 7657 7659
f 7607 7660 7658 7609
f 7608 7612 7610 7611
f 7613 7661 7662 7664
f 7614 7665 7663 7616
f 7615 7619 7617 7618
f 7620 7666 7667 7669
f 7621 7670 7668 7623
f 7622 7626 7624 7625
f 7627 7671 7672 7674
f 7628 7675 7673 7630
f 7629 7633 7631 7632
f 7634 7676 7677 7679
f 7635 7680 7678 7637
f 7636 7640 7638 7639
f 7599 7585 7644 7651
f 7602 7591 7587 7600
f 7586 7592 7649 7645
f 7590 7598 7594 7587
f 7593 7606 7659 7650
f 7597 7612 7608 7594
f 7607 7601 7604 7660
f 7611 7655 7600 7608
f 7627 7599 7654 7671
f 7630 7605 7601 7628
f 7606 7634 7679 7656
f 7609 7640 7636 7607
f 7635 7629 7632 7680
f 7639 7675 7628 7636
f 7613 7627 7674 7661
f 7616 7633 7629 7614
f 7634 7620 7669 7676
f 7637 7626 7622 7635
f 7621 7615 7618 7670
f 7625 7665 7614 7622
f 7585 7613 7664 7641
f 7588 7619 7615 7586
f 7620 7593 7595 7666
f 7623 7646 7592 7621
f 7599 7627 7613 7585
o sideboard_sideE
v 7.383500 0.021500 0.080000
v 7.383500 0.020000 0.081500
v 7.382000 0.021500 0.081500
v 7.383500 0.020439 0.080439
v 7.382634 0.020634 0.080634
v 7.382439 0.020439 0.081500
v 7.382439 0.021500 0.080439
v 7.383500 0.020000 0.758500
v 7.383500 0.021500 0.760000
v 7.382000 0.021500 0.758500
v 7.383500 0.020439 0.759561
v 7.382634 0.020634 0.759366
v 7.382439 0.021500 0.759561
v 7.382439 0.020439 0.758500
v 7.383500 0.448500 0.080000
v 7.382000 0.448500 0.081500
v 7.383500 0.450000 0.081500
v 7.382439 0.448500 0.080439
v 7.382634 0.449366 0.080634
v 7.382439 0.449561 0.081500
v 7.383500 0.449561 0.080439
v 7.383500 0.448500 0.760000
v 7.383500 0.450000 0.758500
v 7.382000 0.448500 0.758500
v 7.383500 0.449561 0.759561
v 7.382634 0.449366 0.759366
v 7.382439 0.449561 0.758500
v 7.382439 0.448500 0.759561
v 7.398500 0.021500 0.080000
v 7.400000 0.021500 0.081500
v 7.398500 0.020000 0.081500
v 7.399560 0.021500 0.080439
v 7.399366 0.020634 0.080634
v 7.399560 0.020439 0.081500
v 7.398500 0.020439 0.080439
v 7.398500 0.021500 0.760000
v 7.398500 0.020000 0.758500
v 7.400000 0.021500 0.758500
v 7.398500 0.020439 0.759561
v 7.399366 0.020634 0.759366
v 7.399560 0.020439 0.758500
v 7.399560 0.021500 0.759561
v 7.398500 0.448500 0.080000
v 7.398500 0.450000 0.081500
v 7.400000 0.448500 0.081500
v 7.398500 0.449561 0.080439
v 7.399366 0.449366 0.080634
v 7.399560 0.449561 0.081500
v 7.399560 0.448500 0.080439
v 7.398500 0.448500 0.760000
v 7.400000 0.448500 0.758500
v 7.398500 0.450000 0.758500
v 7.399560 0.448500 0.759561
v 7.399366 0.449366 0.759366
v 7.399560 0.449561 0.758500
v 7.398500 0.449561 0.759561
v 7.383500 0.020439 0.080439
v 7.382634 0.020634 0.080634
v 7.382634 0.020634 0.080634
v 7.382439 0.021500 0.080439
v 7.382439 0.020439 0.081500
v 7.383500 0.020439 0.759561
v 7.382634 0.020634 0.759366
v 7.382634 0.020634 0.759366
v 7.382439 0.020439 0.758500
v 7.382439 0.021500 0.759561
v 7.382439 0.448500 0.080439
v 7.382634 0.449366 0.080634
v 7.382634 0.449366 0.080634
v 7.383500 0.449561 0.080439
v 7.382439 0.449561 0.081500
v 7.383500 0.449561 0.759561
v 7.382634 0.449366 0.759366
v 7.382634 0.449366 0.759366
v 7.382439 0.448500 0.759561
v 7.382439 0.449561 0.758500
v 7.399560 0.021500 0.080439
v 7.399366 0.020634 0.080634
v 7.399366 0.020634 0.080634
v 7.398500 0.020439 0.080439
v 7.399560 0.020439 0.081500
v 7.398500 0.020439 0.759561
v 7.399366 0.020634 0.759366
v 7.399366 0.020634 0.759366
v 7.399560 0.021500 0.759561
v 7.399560 0.020439 0.758500
v 7.398500 0.449561 0.080439
v 7.399366 0.449366 0.080634
v 7.399366 0.449366 0.080634
v 7.399560 0.448500 0.080439
v 7.399560 0.449561 0.081500
v 7.399560 0.448500 0.759561
v 7.399366 0.449366 0.759366
v 7.399366 0.449366 0.759366
v 7.398500 0.449561 0.759561
v 7.399560 0.449561 0.758500
s 0
f 7711 7717 7688 7682
f 7725 7731 7718 7710
f 7730 7702 7689 7716
f 7683 7690 7704 7696
f 7697 7703 7732 7724
f 7681 7737 7738 7740
f 7682 7741 7739 7684
f 7683 7687 7685 7686
f 7688 7742 7743 7745
f 7689 7746 7744 7691
f 7690 7694 7692 7693
f 7695 7747 7748 7750
f 7696 7751 7749 7698
f 7697 7701 7699 7700
f 7702 7752 7753 7755
f 7703 7756 7754 7705
f 7704 7708 7706 7707
f 7709 7757 7758 7760
f 7710 7761 7759 7712
f 7711 7715 7713 7714
f 7716 7762 7763 7765
f 7717 7766 7764 7719
f 7718 7722 7720 7721
f 7723 7767 7768 7770
f 7724 7771 7769 7726
f 7725 7729 7727 7728
f 7730 7772 7773 7775
f 7731 7776 7774 7733
f 7732 7736 7734 7735
f 7695 7681 7740 7747
f 7698 7687 7683 7696
f 7682 7688 7745 7741
f 7686 7694 7690 7683
f 7689 7702 7755 7746
f 7693 7708 7704 7690
f 7703 7697 7700 7756
f 7707 7751 7696 7704
f 7723 7695 7750 7767
f 7726 7701 7697 7724
f 7702 7730 7775 7752
f 7705 7736 7732 7703
f 7731 7725 7728 7776
f 7735 7771 7724 7732
f 7709 7723 7770 7757
f 7712 7729 7725 7710
f 7730 7716 7765 7772
f 7733 7722 7718 7731
f 7717 7711 7714 7766
f 7721 7761 7710 7718
f 7681 7709 7760 7737
f 7684 7715 7711 7682
f 7716 7689 7691 7762
f 7719 7742 7688 7717
f 7695 7723 7709 7681
o sideboard_back
v 5.401500 0.021500 0.080000
v 5.401500 0.020000 0.081500
v 5.400000 0.021500 0.081500
v 5.401500 0.020439 0.080439
v 5.400634 0.020634 0.080634
v 5.400439 0.020439 0.081500
v 5.400439 0.021500 0.080439
v 5.401500 0.020000 0.758500
v 5.401500 0.021500 0.760000
v 5.400000 0.021500 0.758500
v 5.401500 0.020439 0.759561
v 5.400634 0.020634 0.759366
v 5.400439 0.021500 0.759561
v 5.400439 0.020439 0.758500
v 5.401500 0.030500 0.080000
v 5.400000 0.030500 0.081500
v 5.401500 0.032000 0.081500
v 5.400439 0.030500 0.080439
v 5.400634 0.031366 0.080634
v 5.400439 0.031561 0.081500
v 5.401500 0.031561 0.080439
v 5.401500 0.030500 0.760000
v 5.401500 0.032000 0.758500
v 5.400000 0.030500 0.758500
v 5.401500 0.031561 0.759561
v 5.400634 0.031366 0.759366
v 5.400439 0.031561 0.758500
v 5.400439 0.030500 0.759561
v 7.398500 0.021500 0.080000
v 7.400000 0.021500 0.081500
v 7.398500 0.020000 0.081500
v 7.399561 0.021500 0.080439
v 7.399366 0.020634 0.080634
v 7.399561 0.020439 0.081500
v 7.398500 0.020439 0.080439
v 7.398500 0.021500 0.760000
v 7.398500 0.020000 0.758500
v 7.400000 0.021500 0.758500
v 7.398500 0.020439 0.759561
v 7.399366 0.020634 0.759366
v 7.399561 0.020439 0.758500
v 7.399561 0.021500 0.759561
v 7.398500 0.030500 0.080000
v 7.398500 0.032000 0.081500
v 7.400000 0.030500 0.081500
v 7.398500 0.031561 0.080439
v 7.399366 0.031366 0.080634
v 7.399561 0.031561 0.081500
v 7.399561 0.030500 0.080439
v 7.398500 0.030500 0.760000
v 7.400000 0.030500 0.758500
v 7.398500 0.032000 0.758500
v 7.399561 0.030500 0.759561
v 7.399366 0.031366 0.759366
v 7.399561 0.031561 0.758500
v 7.398500 0.031561 0.759561
v 5.401500 0.020439 0.080439
v 5.400634 0.020634 0.080634
v 5.400634 0.020634 0.080634
v 5.400439 0.021500 0.080439
v 5.400439 0.020439 0.081500
v 5.401500 0.020439 0.759561
v 5.400634 0.020634 0.759366
v 5.400634 0.020634 0.759366
v 5.400439 0.020439 0.758500
v 5.400439 0.021500 0.759561
v 5.400439 0.030500 0.080439
v 5.400634 0.031366 0.080634
v 5.400634 0.031366 0.080634
v 5.401500 0.031561 0.080439
v 5.400439 0.031561 0.081500
v 5.401500 0.031561 0.759561
v 5.400634 0.031366 0.759366
v 5.400634 0.031366 0.759366
v 5.400439 0.030500 0.759561
v 5.400439 0.031561 0.758500
v 7.399561 0.021500 0.080439
v 7.399366 0.020634 0.080634
v 7.399366 0.020634 0.080634
v 7.398500 0.020439 0.080439
v 7.399561 0.020439 0.081500
v 7.398500 0.020439 0.759561
v 7.399366 0.020634 0.759366
v 7.399366 0.020634 0.759366
v 7.399561 0.021500 0.759561
v 7.399561 0.020439 0.758500
v 7.398500 0.031561 0.080439
v 7.399366 0.031366 0.080634
v 7.399366 0.031366 0.080634
v 7.399561 0.030500 0.080439
v 7.399561 0.031561 0.081500
v 7.399561 0.030500 0.759561
v 7.399366 0.031366 0.759366
v 7.399366 0.031366 0.759366
v 7.398500 0.031561 0.759561
v 7.399561 0.031561 0.758500
s 0
f 7807 7813 7784 7778
f 7821 7827 7814 7806
f 7826 7798 7785 7812
f 7779 7786 7800 7792
f 7793 7799 7828 7820
f 7777 7833 7834 7836
f 7778 7837 7835 7780
f 7779 7783 7781 7782
f 7784 7838 7839 7841
f 7785 7842 7840 7787
f 7786 7790 7788 7789
f 7791 7843 7844 7846
f 7792 7847 7845 7794
f 7793 7797 7795 7796
f 7798 7848 7849 7851
f 7799 7852 7850 7801
f 7800 7804 7802 7803
f 7805 7853 7854 7856
f 7806 7857 7855 7808
f 7807 7811 7809 7810
f 7812 7858 7859 7861
f 7813 7862 7860 7815
f 7814 7818 7816 7817
f 7819 7863 7864 7866
f 7820 7867 7865 7822
f 7821 7825 7823 7824
f 7826 7868 7869 7871
f 7827 7872 7870 7829
f 7828 7832 7830 7831
f 7791 7777 7836 7843
f 7794 7783 7779 7792
f 7778 7784 7841 7837
f 7782 7790 7786 7779
f 7785 7798 7851 7842
f 7789 7804 7800 7786
f 7799 7793 7796 7852
f 7803 7847 7792 7800
f 7819 7791 7846 7863
f 7822 7797 7793 7820
f 7798 7826 7871 7848
f 7801 7832 7828 7799
f 7827 7821 7824 7872
f 7831 7867 7820 7828
f 7805 7819 7866 7853
f 7808 7825 7821 7806
f 7826 7812 7861 7868
f 7829 7818 7814 7827
f 7813 7807 7810 7862
f 7817 7857 7806 7814
f 7777 7805 7856 7833
f 7780 7811 7807 7778
f 7812 7785 7787 7858
f 7815 7838 7784 7813
f 7791 7819 7805 7777
